DATAFLOW,COMMODITY_SITC,COUNTRY_ORIGIN,STATE_DEST,FREQ,TIME_PERIOD,OBS_VALUE,UNIT_MEASURE,UNIT_MULT,OBS_STATUS,OBS_COMMENT,OBS_VALUE_AUD
ABS:MERCH_IMP(1.0.0),67,HGRY,TOT,M,2015-01-01,4,AUD,3,,,4000
ABS:MERCH_IMP(1.0.0),67,HGRY,TOT,M,2015-02-01,1,AUD,3,,,1000
ABS:MERCH_IMP(1.0.0),67,HGRY,TOT,M,2015-03-01,15,AUD,3,,,15000
ABS:MERCH_IMP(1.0.0),67,HGRY,TOT,M,2015-05-01,11,AUD,3,,,11000
ABS:MERCH_IMP(1.0.0),67,HGRY,TOT,M,2015-06-01,6,AUD,3,,,6000
ABS:MERCH_IMP(1.0.0),67,HGRY,TOT,M,2015-07-01,4,AUD,3,,,4000
ABS:MERCH_IMP(1.0.0),67,HGRY,TOT,M,2015-08-01,12,AUD,3,,,12000
ABS:MERCH_IMP(1.0.0),67,HGRY,TOT,M,2015-09-01,16,AUD,3,,,16000
ABS:MERCH_IMP(1.0.0),67,HGRY,TOT,M,2015-10-01,2,AUD,3,,,2000
ABS:MERCH_IMP(1.0.0),67,HGRY,TOT,M,2016-02-01,6,AUD,3,,,6000
ABS:MERCH_IMP(1.0.0),67,HGRY,TOT,M,2016-04-01,2,AUD,3,,,2000
ABS:MERCH_IMP(1.0.0),67,HGRY,TOT,M,2016-07-01,3,AUD,3,,,3000
ABS:MERCH_IMP(1.0.0),67,HGRY,TOT,M,2016-08-01,11,AUD,3,,,11000
ABS:MERCH_IMP(1.0.0),67,HGRY,TOT,M,2016-10-01,2,AUD,3,,,2000
ABS:MERCH_IMP(1.0.0),67,HGRY,TOT,M,2016-11-01,2,AUD,3,,,2000
ABS:MERCH_IMP(1.0.0),67,HGRY,TOT,M,2016-12-01,4,AUD,3,,,4000
ABS:MERCH_IMP(1.0.0),67,HGRY,TOT,M,2017-02-01,1,AUD,3,,,1000
ABS:MERCH_IMP(1.0.0),67,HGRY,TOT,M,2017-03-01,1,AUD,3,,,1000
ABS:MERCH_IMP(1.0.0),67,HGRY,TOT,M,2017-04-01,1,AUD,3,,,1000
ABS:MERCH_IMP(1.0.0),67,HGRY,TOT,M,2017-05-01,13,AUD,3,,,13000
ABS:MERCH_IMP(1.0.0),67,HGRY,TOT,M,2017-07-01,17,AUD,3,,,17000
ABS:MERCH_IMP(1.0.0),67,HGRY,TOT,M,2017-08-01,9,AUD,3,,,9000
ABS:MERCH_IMP(1.0.0),67,HGRY,TOT,M,2017-10-01,2,AUD,3,,,2000
ABS:MERCH_IMP(1.0.0),67,HGRY,TOT,M,2017-11-01,2,AUD,3,,,2000
ABS:MERCH_IMP(1.0.0),67,HGRY,TOT,M,2017-12-01,13,AUD,3,,,13000
ABS:MERCH_IMP(1.0.0),67,HGRY,TOT,M,2018-01-01,6,AUD,3,,,6000
ABS:MERCH_IMP(1.0.0),67,HGRY,TOT,M,2018-02-01,3,AUD,3,,,3000
ABS:MERCH_IMP(1.0.0),67,HGRY,TOT,M,2018-03-01,13,AUD,3,,,13000
ABS:MERCH_IMP(1.0.0),67,HGRY,TOT,M,2018-04-01,1,AUD,3,,,1000
ABS:MERCH_IMP(1.0.0),67,HGRY,TOT,M,2018-05-01,6,AUD,3,,,6000
ABS:MERCH_IMP(1.0.0),67,HGRY,TOT,M,2018-06-01,6,AUD,3,,,6000
ABS:MERCH_IMP(1.0.0),67,HGRY,TOT,M,2018-07-01,16,AUD,3,,,16000
ABS:MERCH_IMP(1.0.0),67,HGRY,TOT,M,2018-08-01,7,AUD,3,,,7000
ABS:MERCH_IMP(1.0.0),67,HGRY,TOT,M,2018-09-01,4,AUD,3,,,4000
ABS:MERCH_IMP(1.0.0),67,HGRY,TOT,M,2018-10-01,8,AUD,3,,,8000
ABS:MERCH_IMP(1.0.0),67,HGRY,TOT,M,2018-11-01,1,AUD,3,,,1000
ABS:MERCH_IMP(1.0.0),67,HGRY,TOT,M,2018-12-01,5,AUD,3,,,5000
ABS:MERCH_IMP(1.0.0),67,HGRY,TOT,M,2019-01-01,10,AUD,3,,,10000
ABS:MERCH_IMP(1.0.0),67,HGRY,TOT,M,2019-02-01,10,AUD,3,,,10000
ABS:MERCH_IMP(1.0.0),67,HGRY,TOT,M,2019-03-01,64,AUD,3,,,64000
ABS:MERCH_IMP(1.0.0),67,HGRY,TOT,M,2019-04-01,23,AUD,3,,,23000
ABS:MERCH_IMP(1.0.0),67,HGRY,TOT,M,2019-05-01,3,AUD,3,,,3000
ABS:MERCH_IMP(1.0.0),67,HGRY,TOT,M,2019-06-01,11,AUD,3,,,11000
ABS:MERCH_IMP(1.0.0),67,HGRY,TOT,M,2019-07-01,2,AUD,3,,,2000
ABS:MERCH_IMP(1.0.0),67,HGRY,TOT,M,2019-08-01,39,AUD,3,,,39000
ABS:MERCH_IMP(1.0.0),67,HGRY,TOT,M,2019-09-01,178,AUD,3,,,178000
ABS:MERCH_IMP(1.0.0),67,HGRY,TOT,M,2019-10-01,7,AUD,3,,,7000
ABS:MERCH_IMP(1.0.0),67,HGRY,TOT,M,2019-11-01,5,AUD,3,,,5000
ABS:MERCH_IMP(1.0.0),67,HGRY,TOT,M,2019-12-01,16,AUD,3,,,16000
ABS:MERCH_IMP(1.0.0),67,HGRY,TOT,M,2020-01-01,3,AUD,3,,,3000
ABS:MERCH_IMP(1.0.0),67,HGRY,TOT,M,2020-03-01,6,AUD,3,,,6000
ABS:MERCH_IMP(1.0.0),67,HGRY,TOT,M,2020-04-01,15,AUD,3,,,15000
ABS:MERCH_IMP(1.0.0),67,HGRY,TOT,M,2020-06-01,8,AUD,3,,,8000
ABS:MERCH_IMP(1.0.0),67,HGRY,TOT,M,2020-08-01,2,AUD,3,,,2000
ABS:MERCH_IMP(1.0.0),67,HGRY,TOT,M,2020-09-01,75,AUD,3,,,75000
ABS:MERCH_IMP(1.0.0),67,HGRY,TOT,M,2020-10-01,7,AUD,3,,,7000
ABS:MERCH_IMP(1.0.0),67,HGRY,TOT,M,2020-11-01,12,AUD,3,,,12000
ABS:MERCH_IMP(1.0.0),67,HGRY,TOT,M,2020-12-01,12,AUD,3,,,12000
ABS:MERCH_IMP(1.0.0),67,HGRY,TOT,M,2021-02-01,12,AUD,3,,,12000
ABS:MERCH_IMP(1.0.0),67,HGRY,TOT,M,2021-03-01,2,AUD,3,,,2000
ABS:MERCH_IMP(1.0.0),67,HGRY,TOT,M,2021-06-01,3,AUD,3,,,3000
ABS:MERCH_IMP(1.0.0),67,HGRY,TOT,M,2021-07-01,39,AUD,3,,,39000
ABS:MERCH_IMP(1.0.0),67,HGRY,TOT,M,2021-08-01,12,AUD,3,,,12000
ABS:MERCH_IMP(1.0.0),67,HGRY,TOT,M,2021-09-01,44,AUD,3,,,44000
ABS:MERCH_IMP(1.0.0),67,HGRY,TOT,M,2021-10-01,5,AUD,3,,,5000
ABS:MERCH_IMP(1.0.0),67,HGRY,TOT,M,2021-11-01,3,AUD,3,,,3000
ABS:MERCH_IMP(1.0.0),67,HGRY,TOT,M,2021-12-01,25,AUD,3,,,25000
ABS:MERCH_IMP(1.0.0),67,HGRY,TOT,M,2022-01-01,3,AUD,3,,,3000
ABS:MERCH_IMP(1.0.0),67,HGRY,TOT,M,2022-02-01,4,AUD,3,,,4000
ABS:MERCH_IMP(1.0.0),67,HGRY,TOT,M,2022-03-01,10,AUD,3,,,10000
ABS:MERCH_IMP(1.0.0),67,HGRY,TOT,M,2022-04-01,6,AUD,3,,,6000
ABS:MERCH_IMP(1.0.0),67,HGRY,TOT,M,2022-05-01,7,AUD,3,,,7000
ABS:MERCH_IMP(1.0.0),67,HGRY,TOT,M,2022-06-01,5,AUD,3,,,5000
ABS:MERCH_IMP(1.0.0),67,HGRY,TOT,M,2022-07-01,5,AUD,3,,,5000
ABS:MERCH_IMP(1.0.0),67,HGRY,TOT,M,2022-08-01,47,AUD,3,,,47000
ABS:MERCH_IMP(1.0.0),67,HGRY,TOT,M,2022-09-01,5,AUD,3,,,5000
ABS:MERCH_IMP(1.0.0),67,HGRY,TOT,M,2022-10-01,6,AUD,3,,,6000
ABS:MERCH_IMP(1.0.0),67,HGRY,TOT,M,2022-11-01,5,AUD,3,,,5000
ABS:MERCH_IMP(1.0.0),67,HGRY,TOT,M,2022-12-01,4,AUD,3,,,4000
ABS:MERCH_IMP(1.0.0),67,HGRY,TOT,M,2023-01-01,6,AUD,3,,,6000
ABS:MERCH_IMP(1.0.0),67,HGRY,TOT,M,2023-02-01,3,AUD,3,,,3000
ABS:MERCH_IMP(1.0.0),67,HGRY,TOT,M,2023-03-01,13,AUD,3,,,13000
ABS:MERCH_IMP(1.0.0),67,HGRY,TOT,M,2023-04-01,14,AUD,3,,,14000
ABS:MERCH_IMP(1.0.0),67,HGRY,TOT,M,2023-05-01,11,AUD,3,,,11000
ABS:MERCH_IMP(1.0.0),67,HGRY,TOT,M,2023-06-01,7,AUD,3,,,7000
ABS:MERCH_IMP(1.0.0),67,HGRY,TOT,M,2023-07-01,19,AUD,3,,,19000
ABS:MERCH_IMP(1.0.0),67,HGRY,TOT,M,2023-08-01,9,AUD,3,,,9000
ABS:MERCH_IMP(1.0.0),67,HGRY,TOT,M,2023-09-01,9,AUD,3,,,9000
ABS:MERCH_IMP(1.0.0),67,HGRY,TOT,M,2023-10-01,8,AUD,3,,,8000
ABS:MERCH_IMP(1.0.0),67,HGRY,TOT,M,2023-11-01,15,AUD,3,,,15000
ABS:MERCH_IMP(1.0.0),67,HGRY,TOT,M,2023-12-01,5,AUD,3,,,5000
ABS:MERCH_IMP(1.0.0),67,HGRY,TOT,M,2024-01-01,4,AUD,3,,,4000
ABS:MERCH_IMP(1.0.0),67,HGRY,TOT,M,2024-02-01,4,AUD,3,,,4000
ABS:MERCH_IMP(1.0.0),67,HGRY,TOT,M,2024-03-01,17,AUD,3,,,17000
ABS:MERCH_IMP(1.0.0),67,HGRY,TOT,M,2024-04-01,6,AUD,3,,,6000
ABS:MERCH_IMP(1.0.0),67,HGRY,TOT,M,2024-05-01,23,AUD,3,,,23000
ABS:MERCH_IMP(1.0.0),67,HGRY,TOT,M,2024-06-01,29,AUD,3,,,29000
ABS:MERCH_IMP(1.0.0),67,HGRY,TOT,M,2024-07-01,85,AUD,3,,,85000
ABS:MERCH_IMP(1.0.0),67,HGRY,TOT,M,2024-08-01,12,AUD,3,,,12000
ABS:MERCH_IMP(1.0.0),67,HGRY,TOT,M,2024-09-01,5,AUD,3,,,5000
ABS:MERCH_IMP(1.0.0),67,HGRY,TOT,M,2024-10-01,23,AUD,3,,,23000
ABS:MERCH_IMP(1.0.0),67,HGRY,TOT,M,2024-11-01,18,AUD,3,,,18000
ABS:MERCH_IMP(1.0.0),67,HGRY,TOT,M,2024-12-01,36,AUD,3,,,36000
ABS:MERCH_IMP(1.0.0),67,HGRY,TOT,M,2025-01-01,102,AUD,3,,,102000
ABS:MERCH_IMP(1.0.0),67,HGRY,TOT,M,2025-02-01,16,AUD,3,,,16000
ABS:MERCH_IMP(1.0.0),67,HGRY,TOT,M,2025-03-01,5,AUD,3,,,5000
ABS:MERCH_IMP(1.0.0),67,HGRY,TOT,M,2025-04-01,6,AUD,3,,,6000
ABS:MERCH_IMP(1.0.0),67,HGRY,TOT,M,2025-05-01,9,AUD,3,,,9000
ABS:MERCH_IMP(1.0.0),67,HGRY,TOT,M,2025-06-01,15,AUD,3,,,15000
ABS:MERCH_IMP(1.0.0),67,HGRY,TOT,M,2025-07-01,4,AUD,3,,,4000
ABS:MERCH_IMP(1.0.0),67,HGRY,TOT,M,2025-08-01,4,AUD,3,,,4000
ABS:MERCH_IMP(1.0.0),67,HGRY,TOT,M,2025-09-01,116,AUD,3,,,116000
ABS:MERCH_IMP(1.0.0),67,HGRY,TOT,M,2025-10-01,16,AUD,3,,,16000
ABS:MERCH_IMP(1.0.0),67,HGRY,TOT,M,2025-11-01,9,AUD,3,,,9000
ABS:MERCH_IMP(1.0.0),67,HGRY,TOT,M,2025-12-01,21,AUD,3,,,21000
ABS:MERCH_IMP(1.0.0),67,HGRY,TOT,M,2026-01-01,10,AUD,3,,,10000
ABS:MERCH_IMP(1.0.0),67,HGRY,TOT,M,2026-02-01,16,AUD,3,,,16000
ABS:MERCH_IMP(1.0.0),67,HGRY,TOT,M,2026-03-01,19,AUD,3,,,19000
ABS:MERCH_IMP(1.0.0),67,HGRY,TOT,M,2026-04-01,311,AUD,3,,,311000
ABS:MERCH_IMP(1.0.0),67,HGRY,TOT,M,2026-05-01,5,AUD,3,,,5000
ABS:MERCH_IMP(1.0.0),67,HGRY,TOT,M,2026-06-01,78,AUD,3,,,78000
ABS:MERCH_IMP(1.0.0),67,HGRY,TOT,M,2026-07-01,12,AUD,3,,,12000
ABS:MERCH_IMP(1.0.0),67,URUG,TOT,M,2015-01-01,12,AUD,3,,,12000
ABS:MERCH_IMP(1.0.0),67,URUG,TOT,M,2015-08-01,9,AUD,3,,,9000
ABS:MERCH_IMP(1.0.0),67,URUG,TOT,M,2015-11-01,86,AUD,3,,,86000
ABS:MERCH_IMP(1.0.0),67,URUG,TOT,M,2020-07-01,19,AUD,3,,,19000
ABS:MERCH_IMP(1.0.0),67,URUG,TOT,M,2021-01-01,43,AUD,3,,,43000
ABS:MERCH_IMP(1.0.0),67,URUG,TOT,M,2022-07-01,666,AUD,3,,,666000
ABS:MERCH_IMP(1.0.0),67,URUG,TOT,M,2022-08-01,750,AUD,3,,,750000
ABS:MERCH_IMP(1.0.0),67,URUG,TOT,M,2022-11-01,571,AUD,3,,,571000
ABS:MERCH_IMP(1.0.0),67,URUG,TOT,M,2022-12-01,59,AUD,3,,,59000
ABS:MERCH_IMP(1.0.0),67,URUG,TOT,M,2023-02-01,341,AUD,3,,,341000
ABS:MERCH_IMP(1.0.0),67,URUG,TOT,M,2024-11-01,1,AUD,3,,,1000
ABS:MERCH_IMP(1.0.0),67,CYPR,TOT,M,2018-01-01,1,AUD,3,,,1000
ABS:MERCH_IMP(1.0.0),67,TAIW,TOT,M,2015-01-01,34832,AUD,3,,,34832000
ABS:MERCH_IMP(1.0.0),67,TAIW,TOT,M,2015-02-01,25275,AUD,3,,,25275000
ABS:MERCH_IMP(1.0.0),67,TAIW,TOT,M,2015-03-01,18570,AUD,3,,,18570000
ABS:MERCH_IMP(1.0.0),67,TAIW,TOT,M,2015-04-01,22453,AUD,3,,,22453000
ABS:MERCH_IMP(1.0.0),67,TAIW,TOT,M,2015-05-01,24567,AUD,3,,,24567000
ABS:MERCH_IMP(1.0.0),67,TAIW,TOT,M,2015-06-01,20153,AUD,3,,,20153000
ABS:MERCH_IMP(1.0.0),67,TAIW,TOT,M,2015-07-01,17637,AUD,3,,,17637000
ABS:MERCH_IMP(1.0.0),67,TAIW,TOT,M,2015-08-01,16905,AUD,3,,,16905000
ABS:MERCH_IMP(1.0.0),67,TAIW,TOT,M,2015-09-01,18757,AUD,3,,,18757000
ABS:MERCH_IMP(1.0.0),67,TAIW,TOT,M,2015-10-01,20489,AUD,3,,,20489000
ABS:MERCH_IMP(1.0.0),67,TAIW,TOT,M,2015-11-01,18484,AUD,3,,,18484000
ABS:MERCH_IMP(1.0.0),67,TAIW,TOT,M,2015-12-01,7638,AUD,3,,,7638000
ABS:MERCH_IMP(1.0.0),67,TAIW,TOT,M,2016-01-01,20557,AUD,3,,,20557000
ABS:MERCH_IMP(1.0.0),67,TAIW,TOT,M,2016-02-01,20361,AUD,3,,,20361000
ABS:MERCH_IMP(1.0.0),67,TAIW,TOT,M,2016-03-01,10040,AUD,3,,,10040000
ABS:MERCH_IMP(1.0.0),67,TAIW,TOT,M,2016-04-01,13854,AUD,3,,,13854000
ABS:MERCH_IMP(1.0.0),67,TAIW,TOT,M,2016-05-01,11875,AUD,3,,,11875000
ABS:MERCH_IMP(1.0.0),67,TAIW,TOT,M,2016-06-01,19617,AUD,3,,,19617000
ABS:MERCH_IMP(1.0.0),67,TAIW,TOT,M,2016-07-01,16791,AUD,3,,,16791000
ABS:MERCH_IMP(1.0.0),67,TAIW,TOT,M,2016-08-01,17090,AUD,3,,,17090000
ABS:MERCH_IMP(1.0.0),67,TAIW,TOT,M,2016-09-01,16410,AUD,3,,,16410000
ABS:MERCH_IMP(1.0.0),67,TAIW,TOT,M,2016-10-01,22776,AUD,3,,,22776000
ABS:MERCH_IMP(1.0.0),67,TAIW,TOT,M,2016-11-01,19982,AUD,3,,,19982000
ABS:MERCH_IMP(1.0.0),67,TAIW,TOT,M,2016-12-01,5949,AUD,3,,,5949000
ABS:MERCH_IMP(1.0.0),67,TAIW,TOT,M,2017-01-01,21256,AUD,3,,,21256000
ABS:MERCH_IMP(1.0.0),67,TAIW,TOT,M,2017-02-01,15750,AUD,3,,,15750000
ABS:MERCH_IMP(1.0.0),67,TAIW,TOT,M,2017-03-01,25688,AUD,3,,,25688000
ABS:MERCH_IMP(1.0.0),67,TAIW,TOT,M,2017-04-01,18325,AUD,3,,,18325000
ABS:MERCH_IMP(1.0.0),67,TAIW,TOT,M,2017-05-01,25848,AUD,3,,,25848000
ABS:MERCH_IMP(1.0.0),67,TAIW,TOT,M,2017-06-01,25256,AUD,3,,,25256000
ABS:MERCH_IMP(1.0.0),67,TAIW,TOT,M,2017-07-01,17667,AUD,3,,,17667000
ABS:MERCH_IMP(1.0.0),67,TAIW,TOT,M,2017-08-01,21224,AUD,3,,,21224000
ABS:MERCH_IMP(1.0.0),67,TAIW,TOT,M,2017-09-01,16564,AUD,3,,,16564000
ABS:MERCH_IMP(1.0.0),67,TAIW,TOT,M,2017-10-01,25152,AUD,3,,,25152000
ABS:MERCH_IMP(1.0.0),67,TAIW,TOT,M,2017-11-01,19604,AUD,3,,,19604000
ABS:MERCH_IMP(1.0.0),67,TAIW,TOT,M,2017-12-01,16911,AUD,3,,,16911000
ABS:MERCH_IMP(1.0.0),67,TAIW,TOT,M,2018-01-01,21353,AUD,3,,,21353000
ABS:MERCH_IMP(1.0.0),67,TAIW,TOT,M,2018-02-01,31112,AUD,3,,,31112000
ABS:MERCH_IMP(1.0.0),67,TAIW,TOT,M,2018-03-01,22068,AUD,3,,,22068000
ABS:MERCH_IMP(1.0.0),67,TAIW,TOT,M,2018-04-01,15160,AUD,3,,,15160000
ABS:MERCH_IMP(1.0.0),67,TAIW,TOT,M,2018-05-01,21268,AUD,3,,,21268000
ABS:MERCH_IMP(1.0.0),67,TAIW,TOT,M,2018-06-01,30109,AUD,3,,,30109000
ABS:MERCH_IMP(1.0.0),67,TAIW,TOT,M,2018-07-01,22470,AUD,3,,,22470000
ABS:MERCH_IMP(1.0.0),67,TAIW,TOT,M,2018-08-01,21486,AUD,3,,,21486000
ABS:MERCH_IMP(1.0.0),67,TAIW,TOT,M,2018-09-01,24167,AUD,3,,,24167000
ABS:MERCH_IMP(1.0.0),67,TAIW,TOT,M,2018-10-01,22894,AUD,3,,,22894000
ABS:MERCH_IMP(1.0.0),67,TAIW,TOT,M,2018-11-01,20741,AUD,3,,,20741000
ABS:MERCH_IMP(1.0.0),67,TAIW,TOT,M,2018-12-01,8979,AUD,3,,,8979000
ABS:MERCH_IMP(1.0.0),67,TAIW,TOT,M,2019-01-01,23761,AUD,3,,,23761000
ABS:MERCH_IMP(1.0.0),67,TAIW,TOT,M,2019-02-01,11689,AUD,3,,,11689000
ABS:MERCH_IMP(1.0.0),67,TAIW,TOT,M,2019-03-01,11474,AUD,3,,,11474000
ABS:MERCH_IMP(1.0.0),67,TAIW,TOT,M,2019-04-01,11401,AUD,3,,,11401000
ABS:MERCH_IMP(1.0.0),67,TAIW,TOT,M,2019-05-01,15981,AUD,3,,,15981000
ABS:MERCH_IMP(1.0.0),67,TAIW,TOT,M,2019-06-01,14308,AUD,3,,,14308000
ABS:MERCH_IMP(1.0.0),67,TAIW,TOT,M,2019-07-01,13023,AUD,3,,,13023000
ABS:MERCH_IMP(1.0.0),67,TAIW,TOT,M,2019-08-01,19846,AUD,3,,,19846000
ABS:MERCH_IMP(1.0.0),67,TAIW,TOT,M,2019-09-01,17322,AUD,3,,,17322000
ABS:MERCH_IMP(1.0.0),67,TAIW,TOT,M,2019-10-01,20087,AUD,3,,,20087000
ABS:MERCH_IMP(1.0.0),67,TAIW,TOT,M,2019-11-01,17934,AUD,3,,,17934000
ABS:MERCH_IMP(1.0.0),67,TAIW,TOT,M,2019-12-01,7844,AUD,3,,,7844000
ABS:MERCH_IMP(1.0.0),67,TAIW,TOT,M,2020-01-01,22053,AUD,3,,,22053000
ABS:MERCH_IMP(1.0.0),67,TAIW,TOT,M,2020-02-01,11108,AUD,3,,,11108000
ABS:MERCH_IMP(1.0.0),67,TAIW,TOT,M,2020-03-01,19616,AUD,3,,,19616000
ABS:MERCH_IMP(1.0.0),67,TAIW,TOT,M,2020-04-01,19056,AUD,3,,,19056000
ABS:MERCH_IMP(1.0.0),67,TAIW,TOT,M,2020-05-01,17314,AUD,3,,,17314000
ABS:MERCH_IMP(1.0.0),67,TAIW,TOT,M,2020-06-01,13826,AUD,3,,,13826000
ABS:MERCH_IMP(1.0.0),67,TAIW,TOT,M,2020-07-01,15364,AUD,3,,,15364000
ABS:MERCH_IMP(1.0.0),67,TAIW,TOT,M,2020-08-01,13035,AUD,3,,,13035000
ABS:MERCH_IMP(1.0.0),67,TAIW,TOT,M,2020-09-01,12530,AUD,3,,,12530000
ABS:MERCH_IMP(1.0.0),67,TAIW,TOT,M,2020-10-01,15943,AUD,3,,,15943000
ABS:MERCH_IMP(1.0.0),67,TAIW,TOT,M,2020-11-01,15969,AUD,3,,,15969000
ABS:MERCH_IMP(1.0.0),67,TAIW,TOT,M,2020-12-01,13171,AUD,3,,,13171000
ABS:MERCH_IMP(1.0.0),67,TAIW,TOT,M,2021-01-01,13478,AUD,3,,,13478000
ABS:MERCH_IMP(1.0.0),67,TAIW,TOT,M,2021-02-01,11012,AUD,3,,,11012000
ABS:MERCH_IMP(1.0.0),67,TAIW,TOT,M,2021-03-01,16939,AUD,3,,,16939000
ABS:MERCH_IMP(1.0.0),67,TAIW,TOT,M,2021-04-01,16910,AUD,3,,,16910000
ABS:MERCH_IMP(1.0.0),67,TAIW,TOT,M,2021-05-01,16469,AUD,3,,,16469000
ABS:MERCH_IMP(1.0.0),67,TAIW,TOT,M,2021-06-01,17962,AUD,3,,,17962000
ABS:MERCH_IMP(1.0.0),67,TAIW,TOT,M,2021-07-01,17196,AUD,3,,,17196000
ABS:MERCH_IMP(1.0.0),67,TAIW,TOT,M,2021-08-01,19394,AUD,3,,,19394000
ABS:MERCH_IMP(1.0.0),67,TAIW,TOT,M,2021-09-01,26711,AUD,3,,,26711000
ABS:MERCH_IMP(1.0.0),67,TAIW,TOT,M,2021-10-01,22900,AUD,3,,,22900000
ABS:MERCH_IMP(1.0.0),67,TAIW,TOT,M,2021-11-01,35128,AUD,3,,,35128000
ABS:MERCH_IMP(1.0.0),67,TAIW,TOT,M,2021-12-01,39592,AUD,3,,,39592000
ABS:MERCH_IMP(1.0.0),67,TAIW,TOT,M,2022-01-01,26221,AUD,3,,,26221000
ABS:MERCH_IMP(1.0.0),67,TAIW,TOT,M,2022-02-01,24461,AUD,3,,,24461000
ABS:MERCH_IMP(1.0.0),67,TAIW,TOT,M,2022-03-01,30090,AUD,3,,,30090000
ABS:MERCH_IMP(1.0.0),67,TAIW,TOT,M,2022-04-01,18851,AUD,3,,,18851000
ABS:MERCH_IMP(1.0.0),67,TAIW,TOT,M,2022-05-01,25205,AUD,3,,,25205000
ABS:MERCH_IMP(1.0.0),67,TAIW,TOT,M,2022-06-01,21379,AUD,3,,,21379000
ABS:MERCH_IMP(1.0.0),67,TAIW,TOT,M,2022-07-01,30563,AUD,3,,,30563000
ABS:MERCH_IMP(1.0.0),67,TAIW,TOT,M,2022-08-01,26666,AUD,3,,,26666000
ABS:MERCH_IMP(1.0.0),67,TAIW,TOT,M,2022-09-01,23541,AUD,3,,,23541000
ABS:MERCH_IMP(1.0.0),67,TAIW,TOT,M,2022-10-01,19010,AUD,3,,,19010000
ABS:MERCH_IMP(1.0.0),67,TAIW,TOT,M,2022-11-01,16032,AUD,3,,,16032000
ABS:MERCH_IMP(1.0.0),67,TAIW,TOT,M,2022-12-01,9842,AUD,3,,,9842000
ABS:MERCH_IMP(1.0.0),67,TAIW,TOT,M,2023-01-01,15841,AUD,3,,,15841000
ABS:MERCH_IMP(1.0.0),67,TAIW,TOT,M,2023-02-01,15403,AUD,3,,,15403000
ABS:MERCH_IMP(1.0.0),67,TAIW,TOT,M,2023-03-01,20013,AUD,3,,,20013000
ABS:MERCH_IMP(1.0.0),67,TAIW,TOT,M,2023-04-01,10207,AUD,3,,,10207000
ABS:MERCH_IMP(1.0.0),67,TAIW,TOT,M,2023-05-01,20696,AUD,3,,,20696000
ABS:MERCH_IMP(1.0.0),67,TAIW,TOT,M,2023-06-01,19372,AUD,3,,,19372000
ABS:MERCH_IMP(1.0.0),67,TAIW,TOT,M,2023-07-01,24456,AUD,3,,,24456000
ABS:MERCH_IMP(1.0.0),67,TAIW,TOT,M,2023-08-01,16464,AUD,3,,,16464000
ABS:MERCH_IMP(1.0.0),67,TAIW,TOT,M,2023-09-01,23509,AUD,3,,,23509000
ABS:MERCH_IMP(1.0.0),67,TAIW,TOT,M,2023-10-01,13940,AUD,3,,,13940000
ABS:MERCH_IMP(1.0.0),67,TAIW,TOT,M,2023-11-01,22429,AUD,3,,,22429000
ABS:MERCH_IMP(1.0.0),67,TAIW,TOT,M,2023-12-01,8160,AUD,3,,,8160000
ABS:MERCH_IMP(1.0.0),67,TAIW,TOT,M,2024-01-01,22826,AUD,3,,,22826000
ABS:MERCH_IMP(1.0.0),67,TAIW,TOT,M,2024-02-01,22736,AUD,3,,,22736000
ABS:MERCH_IMP(1.0.0),67,TAIW,TOT,M,2024-03-01,15927,AUD,3,,,15927000
ABS:MERCH_IMP(1.0.0),67,TAIW,TOT,M,2024-04-01,15598,AUD,3,,,15598000
ABS:MERCH_IMP(1.0.0),67,TAIW,TOT,M,2024-05-01,15948,AUD,3,,,15948000
ABS:MERCH_IMP(1.0.0),67,TAIW,TOT,M,2024-06-01,17182,AUD,3,,,17182000
ABS:MERCH_IMP(1.0.0),67,TAIW,TOT,M,2024-07-01,16869,AUD,3,,,16869000
ABS:MERCH_IMP(1.0.0),67,TAIW,TOT,M,2024-08-01,16739,AUD,3,,,16739000
ABS:MERCH_IMP(1.0.0),67,TAIW,TOT,M,2024-09-01,17105,AUD,3,,,17105000
ABS:MERCH_IMP(1.0.0),67,TAIW,TOT,M,2024-10-01,16017,AUD,3,,,16017000
ABS:MERCH_IMP(1.0.0),67,TAIW,TOT,M,2024-11-01,19351,AUD,3,,,19351000
ABS:MERCH_IMP(1.0.0),67,TAIW,TOT,M,2024-12-01,13916,AUD,3,,,13916000
ABS:MERCH_IMP(1.0.0),67,TAIW,TOT,M,2025-01-01,21161,AUD,3,,,21161000
ABS:MERCH_IMP(1.0.0),67,TAIW,TOT,M,2025-02-01,22645,AUD,3,,,22645000
ABS:MERCH_IMP(1.0.0),67,TAIW,TOT,M,2025-03-01,20212,AUD,3,,,20212000
ABS:MERCH_IMP(1.0.0),67,TAIW,TOT,M,2025-04-01,12236,AUD,3,,,12236000
ABS:MERCH_IMP(1.0.0),67,TAIW,TOT,M,2025-05-01,16371,AUD,3,,,16371000
ABS:MERCH_IMP(1.0.0),67,TAIW,TOT,M,2025-06-01,15993,AUD,3,,,15993000
ABS:MERCH_IMP(1.0.0),67,TAIW,TOT,M,2025-07-01,13449,AUD,3,,,13449000
ABS:MERCH_IMP(1.0.0),67,TAIW,TOT,M,2025-08-01,11488,AUD,3,,,11488000
ABS:MERCH_IMP(1.0.0),67,TAIW,TOT,M,2025-09-01,18151,AUD,3,,,18151000
ABS:MERCH_IMP(1.0.0),67,TAIW,TOT,M,2025-10-01,15794,AUD,3,,,15794000
ABS:MERCH_IMP(1.0.0),67,TAIW,TOT,M,2025-11-01,16721,AUD,3,,,16721000
ABS:MERCH_IMP(1.0.0),67,TAIW,TOT,M,2025-12-01,8640,AUD,3,,,8640000
ABS:MERCH_IMP(1.0.0),67,TAIW,TOT,M,2026-01-01,21766,AUD,3,,,21766000
ABS:MERCH_IMP(1.0.0),67,TAIW,TOT,M,2026-02-01,13380,AUD,3,,,13380000
ABS:MERCH_IMP(1.0.0),67,TAIW,TOT,M,2026-03-01,13221,AUD,3,,,13221000
ABS:MERCH_IMP(1.0.0),67,TAIW,TOT,M,2026-04-01,16172,AUD,3,,,16172000
ABS:MERCH_IMP(1.0.0),67,TAIW,TOT,M,2026-05-01,10642,AUD,3,,,10642000
ABS:MERCH_IMP(1.0.0),67,TAIW,TOT,M,2026-06-01,12467,AUD,3,,,12467000
ABS:MERCH_IMP(1.0.0),67,TAIW,TOT,M,2026-07-01,14091,AUD,3,,,14091000
ABS:MERCH_IMP(1.0.0),67,SRNM,TOT,M,2019-08-01,1,AUD,3,,,1000
ABS:MERCH_IMP(1.0.0),67,COBR,TOT,M,2023-01-01,1,AUD,3,,,1000
ABS:MERCH_IMP(1.0.0),67,COBR,TOT,M,2026-04-01,3,AUD,3,,,3000
ABS:MERCH_IMP(1.0.0),67,GHAN,TOT,M,2017-07-01,3,AUD,3,,,3000
ABS:MERCH_IMP(1.0.0),67,GHAN,TOT,M,2024-08-01,9,AUD,3,,,9000
ABS:MERCH_IMP(1.0.0),67,CMBD,TOT,M,2019-09-01,2,AUD,3,,,2000
ABS:MERCH_IMP(1.0.0),67,CMBD,TOT,M,2023-10-01,2,AUD,3,,,2000
ABS:MERCH_IMP(1.0.0),67,CMBD,TOT,M,2024-02-01,1,AUD,3,,,1000
ABS:MERCH_IMP(1.0.0),67,CMBD,TOT,M,2024-04-01,4,AUD,3,,,4000
ABS:MERCH_IMP(1.0.0),67,CMBD,TOT,M,2024-10-01,1,AUD,3,,,1000
ABS:MERCH_IMP(1.0.0),67,CMBD,TOT,M,2024-11-01,1,AUD,3,,,1000
ABS:MERCH_IMP(1.0.0),67,CMBD,TOT,M,2024-12-01,4,AUD,3,,,4000
ABS:MERCH_IMP(1.0.0),67,CMBD,TOT,M,2025-02-01,7,AUD,3,,,7000
ABS:MERCH_IMP(1.0.0),67,CMBD,TOT,M,2025-03-01,3,AUD,3,,,3000
ABS:MERCH_IMP(1.0.0),67,CMBD,TOT,M,2025-04-01,2,AUD,3,,,2000
ABS:MERCH_IMP(1.0.0),67,CMBD,TOT,M,2025-05-01,4,AUD,3,,,4000
ABS:MERCH_IMP(1.0.0),67,CMBD,TOT,M,2025-06-01,2,AUD,3,,,2000
ABS:MERCH_IMP(1.0.0),67,CMBD,TOT,M,2025-08-01,6,AUD,3,,,6000
ABS:MERCH_IMP(1.0.0),67,CMBD,TOT,M,2025-09-01,11,AUD,3,,,11000
ABS:MERCH_IMP(1.0.0),67,CMBD,TOT,M,2025-10-01,6,AUD,3,,,6000
ABS:MERCH_IMP(1.0.0),67,CMBD,TOT,M,2025-11-01,4,AUD,3,,,4000
ABS:MERCH_IMP(1.0.0),67,CMBD,TOT,M,2026-01-01,6,AUD,3,,,6000
ABS:MERCH_IMP(1.0.0),67,CMBD,TOT,M,2026-03-01,4,AUD,3,,,4000
ABS:MERCH_IMP(1.0.0),67,CMBD,TOT,M,2026-04-01,3,AUD,3,,,3000
ABS:MERCH_IMP(1.0.0),67,CMBD,TOT,M,2026-06-01,2,AUD,3,,,2000
ABS:MERCH_IMP(1.0.0),67,CMBD,TOT,M,2026-07-01,2,AUD,3,,,2000
ABS:MERCH_IMP(1.0.0),67,NGRA,TOT,M,2015-09-01,3,AUD,3,,,3000
ABS:MERCH_IMP(1.0.0),67,NGRA,TOT,M,2022-09-01,2,AUD,3,,,2000
ABS:MERCH_IMP(1.0.0),67,NCD,TOT,M,2015-01-01,69613,AUD,3,,,69613000
ABS:MERCH_IMP(1.0.0),67,NCD,TOT,M,2015-02-01,73545,AUD,3,,,73545000
ABS:MERCH_IMP(1.0.0),67,NCD,TOT,M,2015-03-01,62492,AUD,3,,,62492000
ABS:MERCH_IMP(1.0.0),67,NCD,TOT,M,2015-04-01,68543,AUD,3,,,68543000
ABS:MERCH_IMP(1.0.0),67,NCD,TOT,M,2015-05-01,63288,AUD,3,,,63288000
ABS:MERCH_IMP(1.0.0),67,NCD,TOT,M,2015-06-01,67703,AUD,3,,,67703000
ABS:MERCH_IMP(1.0.0),67,NCD,TOT,M,2015-07-01,65679,AUD,3,,,65679000
ABS:MERCH_IMP(1.0.0),67,NCD,TOT,M,2015-08-01,69292,AUD,3,,,69292000
ABS:MERCH_IMP(1.0.0),67,NCD,TOT,M,2015-09-01,61878,AUD,3,,,61878000
ABS:MERCH_IMP(1.0.0),67,NCD,TOT,M,2015-10-01,75413,AUD,3,,,75413000
ABS:MERCH_IMP(1.0.0),67,NCD,TOT,M,2015-11-01,66718,AUD,3,,,66718000
ABS:MERCH_IMP(1.0.0),67,NCD,TOT,M,2015-12-01,42016,AUD,3,,,42016000
ABS:MERCH_IMP(1.0.0),67,NCD,TOT,M,2016-01-01,70009,AUD,3,,,70009000
ABS:MERCH_IMP(1.0.0),67,NCD,TOT,M,2016-02-01,65118,AUD,3,,,65118000
ABS:MERCH_IMP(1.0.0),67,NCD,TOT,M,2016-03-01,56707,AUD,3,,,56707000
ABS:MERCH_IMP(1.0.0),67,NCD,TOT,M,2016-04-01,46013,AUD,3,,,46013000
ABS:MERCH_IMP(1.0.0),67,NCD,TOT,M,2016-05-01,47834,AUD,3,,,47834000
ABS:MERCH_IMP(1.0.0),67,NCD,TOT,M,2016-06-01,57368,AUD,3,,,57368000
ABS:MERCH_IMP(1.0.0),67,NCD,TOT,M,2016-07-01,63756,AUD,3,,,63756000
ABS:MERCH_IMP(1.0.0),67,NCD,TOT,M,2016-08-01,53985,AUD,3,,,53985000
ABS:MERCH_IMP(1.0.0),67,NCD,TOT,M,2016-09-01,49254,AUD,3,,,49254000
ABS:MERCH_IMP(1.0.0),67,NCD,TOT,M,2016-10-01,64014,AUD,3,,,64014000
ABS:MERCH_IMP(1.0.0),67,NCD,TOT,M,2016-11-01,56381,AUD,3,,,56381000
ABS:MERCH_IMP(1.0.0),67,NCD,TOT,M,2016-12-01,59711,AUD,3,,,59711000
ABS:MERCH_IMP(1.0.0),67,NCD,TOT,M,2017-01-01,80935,AUD,3,,,80935000
ABS:MERCH_IMP(1.0.0),67,NCD,TOT,M,2017-02-01,46236,AUD,3,,,46236000
ABS:MERCH_IMP(1.0.0),67,NCD,TOT,M,2017-03-01,63435,AUD,3,,,63435000
ABS:MERCH_IMP(1.0.0),67,NCD,TOT,M,2017-04-01,59493,AUD,3,,,59493000
ABS:MERCH_IMP(1.0.0),67,NCD,TOT,M,2017-05-01,70500,AUD,3,,,70500000
ABS:MERCH_IMP(1.0.0),67,NCD,TOT,M,2017-06-01,79627,AUD,3,,,79627000
ABS:MERCH_IMP(1.0.0),67,NCD,TOT,M,2017-07-01,77610,AUD,3,,,77610000
ABS:MERCH_IMP(1.0.0),67,NCD,TOT,M,2017-08-01,78851,AUD,3,,,78851000
ABS:MERCH_IMP(1.0.0),67,NCD,TOT,M,2017-09-01,81549,AUD,3,,,81549000
ABS:MERCH_IMP(1.0.0),67,NCD,TOT,M,2017-10-01,65676,AUD,3,,,65676000
ABS:MERCH_IMP(1.0.0),67,NCD,TOT,M,2017-11-01,77549,AUD,3,,,77549000
ABS:MERCH_IMP(1.0.0),67,NCD,TOT,M,2017-12-01,79974,AUD,3,,,79974000
ABS:MERCH_IMP(1.0.0),67,NCD,TOT,M,2018-01-01,102464,AUD,3,,,102464000
ABS:MERCH_IMP(1.0.0),67,NCD,TOT,M,2018-02-01,100993,AUD,3,,,100993000
ABS:MERCH_IMP(1.0.0),67,NCD,TOT,M,2018-03-01,100608,AUD,3,,,100608000
ABS:MERCH_IMP(1.0.0),67,NCD,TOT,M,2018-04-01,84138,AUD,3,,,84138000
ABS:MERCH_IMP(1.0.0),67,NCD,TOT,M,2018-05-01,112344,AUD,3,,,112344000
ABS:MERCH_IMP(1.0.0),67,NCD,TOT,M,2018-06-01,105801,AUD,3,,,105801000
ABS:MERCH_IMP(1.0.0),67,NCD,TOT,M,2018-07-01,83363,AUD,3,,,83363000
ABS:MERCH_IMP(1.0.0),67,NCD,TOT,M,2018-08-01,79282,AUD,3,,,79282000
ABS:MERCH_IMP(1.0.0),67,NCD,TOT,M,2018-09-01,79809,AUD,3,,,79809000
ABS:MERCH_IMP(1.0.0),67,NCD,TOT,M,2018-10-01,84858,AUD,3,,,84858000
ABS:MERCH_IMP(1.0.0),67,NCD,TOT,M,2018-11-01,114939,AUD,3,,,114939000
ABS:MERCH_IMP(1.0.0),67,NCD,TOT,M,2018-12-01,71651,AUD,3,,,71651000
ABS:MERCH_IMP(1.0.0),67,NCD,TOT,M,2019-01-01,114461,AUD,3,,,114461000
ABS:MERCH_IMP(1.0.0),67,NCD,TOT,M,2019-02-01,115240,AUD,3,,,115240000
ABS:MERCH_IMP(1.0.0),67,NCD,TOT,M,2019-03-01,86190,AUD,3,,,86190000
ABS:MERCH_IMP(1.0.0),67,NCD,TOT,M,2019-04-01,72139,AUD,3,,,72139000
ABS:MERCH_IMP(1.0.0),67,NCD,TOT,M,2019-05-01,78109,AUD,3,,,78109000
ABS:MERCH_IMP(1.0.0),67,NCD,TOT,M,2019-06-01,65797,AUD,3,,,65797000
ABS:MERCH_IMP(1.0.0),67,NCD,TOT,M,2019-07-01,75900,AUD,3,,,75900000
ABS:MERCH_IMP(1.0.0),67,NCD,TOT,M,2019-08-01,77640,AUD,3,,,77640000
ABS:MERCH_IMP(1.0.0),67,NCD,TOT,M,2019-09-01,72468,AUD,3,,,72468000
ABS:MERCH_IMP(1.0.0),67,NCD,TOT,M,2019-10-01,83533,AUD,3,,,83533000
ABS:MERCH_IMP(1.0.0),67,NCD,TOT,M,2019-11-01,69003,AUD,3,,,69003000
ABS:MERCH_IMP(1.0.0),67,NCD,TOT,M,2019-12-01,56198,AUD,3,,,56198000
ABS:MERCH_IMP(1.0.0),67,NCD,TOT,M,2020-01-01,85744,AUD,3,,,85744000
ABS:MERCH_IMP(1.0.0),67,NCD,TOT,M,2020-02-01,56949,AUD,3,,,56949000
ABS:MERCH_IMP(1.0.0),67,NCD,TOT,M,2020-03-01,72174,AUD,3,,,72174000
ABS:MERCH_IMP(1.0.0),67,NCD,TOT,M,2020-04-01,63767,AUD,3,,,63767000
ABS:MERCH_IMP(1.0.0),67,NCD,TOT,M,2020-05-01,72746,AUD,3,,,72746000
ABS:MERCH_IMP(1.0.0),67,NCD,TOT,M,2020-06-01,70046,AUD,3,,,70046000
ABS:MERCH_IMP(1.0.0),67,NCD,TOT,M,2020-07-01,81919,AUD,3,,,81919000
ABS:MERCH_IMP(1.0.0),67,NCD,TOT,M,2020-08-01,72473,AUD,3,,,72473000
ABS:MERCH_IMP(1.0.0),67,NCD,TOT,M,2020-09-01,82393,AUD,3,,,82393000
ABS:MERCH_IMP(1.0.0),67,NCD,TOT,M,2020-10-01,76443,AUD,3,,,76443000
ABS:MERCH_IMP(1.0.0),67,NCD,TOT,M,2020-11-01,82631,AUD,3,,,82631000
ABS:MERCH_IMP(1.0.0),67,NCD,TOT,M,2020-12-01,64852,AUD,3,,,64852000
ABS:MERCH_IMP(1.0.0),67,NCD,TOT,M,2021-01-01,63984,AUD,3,,,63984000
ABS:MERCH_IMP(1.0.0),67,NCD,TOT,M,2021-02-01,81436,AUD,3,,,81436000
ABS:MERCH_IMP(1.0.0),67,NCD,TOT,M,2021-03-01,109853,AUD,3,,,109853000
ABS:MERCH_IMP(1.0.0),67,NCD,TOT,M,2021-04-01,83708,AUD,3,,,83708000
ABS:MERCH_IMP(1.0.0),67,NCD,TOT,M,2021-05-01,91819,AUD,3,,,91819000
ABS:MERCH_IMP(1.0.0),67,NCD,TOT,M,2021-06-01,100692,AUD,3,,,100692000
ABS:MERCH_IMP(1.0.0),67,NCD,TOT,M,2021-07-01,96990,AUD,3,,,96990000
ABS:MERCH_IMP(1.0.0),67,NCD,TOT,M,2021-08-01,137295,AUD,3,,,137295000
ABS:MERCH_IMP(1.0.0),67,NCD,TOT,M,2021-09-01,116384,AUD,3,,,116384000
ABS:MERCH_IMP(1.0.0),67,NCD,TOT,M,2021-10-01,134934,AUD,3,,,134934000
ABS:MERCH_IMP(1.0.0),67,NCD,TOT,M,2021-11-01,227212,AUD,3,,,227212000
ABS:MERCH_IMP(1.0.0),67,NCD,TOT,M,2021-12-01,160536,AUD,3,,,160536000
ABS:MERCH_IMP(1.0.0),67,NCD,TOT,M,2022-01-01,160138,AUD,3,,,160138000
ABS:MERCH_IMP(1.0.0),67,NCD,TOT,M,2022-02-01,185533,AUD,3,,,185533000
ABS:MERCH_IMP(1.0.0),67,NCD,TOT,M,2022-03-01,182137,AUD,3,,,182137000
ABS:MERCH_IMP(1.0.0),67,NCD,TOT,M,2022-04-01,155055,AUD,3,,,155055000
ABS:MERCH_IMP(1.0.0),67,NCD,TOT,M,2022-05-01,176200,AUD,3,,,176200000
ABS:MERCH_IMP(1.0.0),67,NCD,TOT,M,2022-06-01,164789,AUD,3,,,164789000
ABS:MERCH_IMP(1.0.0),67,NCD,TOT,M,2022-07-01,147451,AUD,3,,,147451000
ABS:MERCH_IMP(1.0.0),67,NCD,TOT,M,2022-08-01,153295,AUD,3,,,153295000
ABS:MERCH_IMP(1.0.0),67,NCD,TOT,M,2022-09-01,164773,AUD,3,,,164773000
ABS:MERCH_IMP(1.0.0),67,NCD,TOT,M,2022-10-01,185621,AUD,3,,,185621000
ABS:MERCH_IMP(1.0.0),67,NCD,TOT,M,2022-11-01,139378,AUD,3,,,139378000
ABS:MERCH_IMP(1.0.0),67,NCD,TOT,M,2022-12-01,64588,AUD,3,,,64588000
ABS:MERCH_IMP(1.0.0),67,NCD,TOT,M,2023-01-01,115197,AUD,3,,,115197000
ABS:MERCH_IMP(1.0.0),67,NCD,TOT,M,2023-02-01,100095,AUD,3,,,100095000
ABS:MERCH_IMP(1.0.0),67,NCD,TOT,M,2023-03-01,119431,AUD,3,,,119431000
ABS:MERCH_IMP(1.0.0),67,NCD,TOT,M,2023-04-01,83403,AUD,3,,,83403000
ABS:MERCH_IMP(1.0.0),67,NCD,TOT,M,2023-05-01,111771,AUD,3,,,111771000
ABS:MERCH_IMP(1.0.0),67,NCD,TOT,M,2023-06-01,115803,AUD,3,,,115803000
ABS:MERCH_IMP(1.0.0),67,NCD,TOT,M,2023-07-01,122364,AUD,3,,,122364000
ABS:MERCH_IMP(1.0.0),67,NCD,TOT,M,2023-08-01,125841,AUD,3,,,125841000
ABS:MERCH_IMP(1.0.0),67,NCD,TOT,M,2023-09-01,147516,AUD,3,,,147516000
ABS:MERCH_IMP(1.0.0),67,NCD,TOT,M,2023-10-01,137640,AUD,3,,,137640000
ABS:MERCH_IMP(1.0.0),67,NCD,TOT,M,2023-11-01,144472,AUD,3,,,144472000
ABS:MERCH_IMP(1.0.0),67,NCD,TOT,M,2023-12-01,82275,AUD,3,,,82275000
ABS:MERCH_IMP(1.0.0),67,NCD,TOT,M,2024-01-01,125057,AUD,3,,,125057000
ABS:MERCH_IMP(1.0.0),67,NCD,TOT,M,2024-02-01,125799,AUD,3,,,125799000
ABS:MERCH_IMP(1.0.0),67,NCD,TOT,M,2024-03-01,111167,AUD,3,,,111167000
ABS:MERCH_IMP(1.0.0),67,NCD,TOT,M,2024-04-01,137443,AUD,3,,,137443000
ABS:MERCH_IMP(1.0.0),67,NCD,TOT,M,2024-05-01,125868,AUD,3,,,125868000
ABS:MERCH_IMP(1.0.0),67,NCD,TOT,M,2024-06-01,111569,AUD,3,,,111569000
ABS:MERCH_IMP(1.0.0),67,NCD,TOT,M,2024-07-01,128814,AUD,3,,,128814000
ABS:MERCH_IMP(1.0.0),67,NCD,TOT,M,2024-08-01,158214,AUD,3,,,158214000
ABS:MERCH_IMP(1.0.0),67,NCD,TOT,M,2024-09-01,156134,AUD,3,,,156134000
ABS:MERCH_IMP(1.0.0),67,NCD,TOT,M,2024-10-01,162192,AUD,3,,,162192000
ABS:MERCH_IMP(1.0.0),67,NCD,TOT,M,2024-11-01,119112,AUD,3,,,119112000
ABS:MERCH_IMP(1.0.0),67,NCD,TOT,M,2024-12-01,147067,AUD,3,,,147067000
ABS:MERCH_IMP(1.0.0),67,NCD,TOT,M,2025-01-01,138275,AUD,3,,,138275000
ABS:MERCH_IMP(1.0.0),67,NCD,TOT,M,2025-02-01,136635,AUD,3,,,136635000
ABS:MERCH_IMP(1.0.0),67,NCD,TOT,M,2025-03-01,116115,AUD,3,,,116115000
ABS:MERCH_IMP(1.0.0),67,NCD,TOT,M,2025-04-01,141370,AUD,3,,,141370000
ABS:MERCH_IMP(1.0.0),67,NCD,TOT,M,2025-05-01,146530,AUD,3,,,146530000
ABS:MERCH_IMP(1.0.0),67,NCD,TOT,M,2025-06-01,134069,AUD,3,,,134069000
ABS:MERCH_IMP(1.0.0),67,NCD,TOT,M,2025-07-01,146103,AUD,3,,,146103000
ABS:MERCH_IMP(1.0.0),67,NCD,TOT,M,2025-08-01,111624,AUD,3,,,111624000
ABS:MERCH_IMP(1.0.0),67,NCD,TOT,M,2025-09-01,135373,AUD,3,,,135373000
ABS:MERCH_IMP(1.0.0),67,NCD,TOT,M,2025-10-01,136722,AUD,3,,,136722000
ABS:MERCH_IMP(1.0.0),67,NCD,TOT,M,2025-11-01,124191,AUD,3,,,124191000
ABS:MERCH_IMP(1.0.0),67,NCD,TOT,M,2025-12-01,110673,AUD,3,,,110673000
ABS:MERCH_IMP(1.0.0),67,NCD,TOT,M,2026-01-01,119304,AUD,3,,,119304000
ABS:MERCH_IMP(1.0.0),67,NCD,TOT,M,2026-02-01,91370,AUD,3,,,91370000
ABS:MERCH_IMP(1.0.0),67,NCD,TOT,M,2026-03-01,165171,AUD,3,,,165171000
ABS:MERCH_IMP(1.0.0),67,NCD,TOT,M,2026-04-01,161601,AUD,3,,,161601000
ABS:MERCH_IMP(1.0.0),67,NCD,TOT,M,2026-05-01,140542,AUD,3,,,140542000
ABS:MERCH_IMP(1.0.0),67,NCD,TOT,M,2026-06-01,175435,AUD,3,,,175435000
ABS:MERCH_IMP(1.0.0),67,NCD,TOT,M,2026-07-01,200296,AUD,3,,,200296000
ABS:MERCH_IMP(1.0.0),67,AGUA,TOT,M,2019-02-01,24,AUD,3,,,24000
ABS:MERCH_IMP(1.0.0),67,AGUA,TOT,M,2025-07-01,170,AUD,3,,,170000
ABS:MERCH_IMP(1.0.0),67,AGUA,TOT,M,2025-09-01,1786,AUD,3,,,1786000
ABS:MERCH_IMP(1.0.0),67,AGUA,TOT,M,2025-10-01,124,AUD,3,,,124000
ABS:MERCH_IMP(1.0.0),67,AGUA,TOT,M,2026-01-01,569,AUD,3,,,569000
ABS:MERCH_IMP(1.0.0),67,AGUA,TOT,M,2026-03-01,96,AUD,3,,,96000
ABS:MERCH_IMP(1.0.0),67,NETH,TOT,M,2015-01-01,997,AUD,3,,,997000
ABS:MERCH_IMP(1.0.0),67,NETH,TOT,M,2015-02-01,746,AUD,3,,,746000
ABS:MERCH_IMP(1.0.0),67,NETH,TOT,M,2015-03-01,1722,AUD,3,,,1722000
ABS:MERCH_IMP(1.0.0),67,NETH,TOT,M,2015-04-01,1001,AUD,3,,,1001000
ABS:MERCH_IMP(1.0.0),67,NETH,TOT,M,2015-05-01,758,AUD,3,,,758000
ABS:MERCH_IMP(1.0.0),67,NETH,TOT,M,2015-06-01,1725,AUD,3,,,1725000
ABS:MERCH_IMP(1.0.0),67,NETH,TOT,M,2015-07-01,725,AUD,3,,,725000
ABS:MERCH_IMP(1.0.0),67,NETH,TOT,M,2015-08-01,1034,AUD,3,,,1034000
ABS:MERCH_IMP(1.0.0),67,NETH,TOT,M,2015-09-01,1257,AUD,3,,,1257000
ABS:MERCH_IMP(1.0.0),67,NETH,TOT,M,2015-10-01,747,AUD,3,,,747000
ABS:MERCH_IMP(1.0.0),67,NETH,TOT,M,2015-11-01,919,AUD,3,,,919000
ABS:MERCH_IMP(1.0.0),67,NETH,TOT,M,2015-12-01,1297,AUD,3,,,1297000
ABS:MERCH_IMP(1.0.0),67,NETH,TOT,M,2016-01-01,1198,AUD,3,,,1198000
ABS:MERCH_IMP(1.0.0),67,NETH,TOT,M,2016-02-01,686,AUD,3,,,686000
ABS:MERCH_IMP(1.0.0),67,NETH,TOT,M,2016-03-01,565,AUD,3,,,565000
ABS:MERCH_IMP(1.0.0),67,NETH,TOT,M,2016-04-01,658,AUD,3,,,658000
ABS:MERCH_IMP(1.0.0),67,NETH,TOT,M,2016-05-01,1124,AUD,3,,,1124000
ABS:MERCH_IMP(1.0.0),67,NETH,TOT,M,2016-06-01,260,AUD,3,,,260000
ABS:MERCH_IMP(1.0.0),67,NETH,TOT,M,2016-07-01,781,AUD,3,,,781000
ABS:MERCH_IMP(1.0.0),67,NETH,TOT,M,2016-08-01,988,AUD,3,,,988000
ABS:MERCH_IMP(1.0.0),67,NETH,TOT,M,2016-09-01,436,AUD,3,,,436000
ABS:MERCH_IMP(1.0.0),67,NETH,TOT,M,2016-10-01,549,AUD,3,,,549000
ABS:MERCH_IMP(1.0.0),67,NETH,TOT,M,2016-11-01,812,AUD,3,,,812000
ABS:MERCH_IMP(1.0.0),67,NETH,TOT,M,2016-12-01,1398,AUD,3,,,1398000
ABS:MERCH_IMP(1.0.0),67,NETH,TOT,M,2017-01-01,913,AUD,3,,,913000
ABS:MERCH_IMP(1.0.0),67,NETH,TOT,M,2017-02-01,930,AUD,3,,,930000
ABS:MERCH_IMP(1.0.0),67,NETH,TOT,M,2017-03-01,928,AUD,3,,,928000
ABS:MERCH_IMP(1.0.0),67,NETH,TOT,M,2017-04-01,468,AUD,3,,,468000
ABS:MERCH_IMP(1.0.0),67,NETH,TOT,M,2017-05-01,1027,AUD,3,,,1027000
ABS:MERCH_IMP(1.0.0),67,NETH,TOT,M,2017-06-01,880,AUD,3,,,880000
ABS:MERCH_IMP(1.0.0),67,NETH,TOT,M,2017-07-01,499,AUD,3,,,499000
ABS:MERCH_IMP(1.0.0),67,NETH,TOT,M,2017-08-01,541,AUD,3,,,541000
ABS:MERCH_IMP(1.0.0),67,NETH,TOT,M,2017-09-01,846,AUD,3,,,846000
ABS:MERCH_IMP(1.0.0),67,NETH,TOT,M,2017-10-01,1601,AUD,3,,,1601000
ABS:MERCH_IMP(1.0.0),67,NETH,TOT,M,2017-11-01,1364,AUD,3,,,1364000
ABS:MERCH_IMP(1.0.0),67,NETH,TOT,M,2017-12-01,1355,AUD,3,,,1355000
ABS:MERCH_IMP(1.0.0),67,NETH,TOT,M,2018-01-01,1646,AUD,3,,,1646000
ABS:MERCH_IMP(1.0.0),67,NETH,TOT,M,2018-02-01,811,AUD,3,,,811000
ABS:MERCH_IMP(1.0.0),67,NETH,TOT,M,2018-03-01,1042,AUD,3,,,1042000
ABS:MERCH_IMP(1.0.0),67,NETH,TOT,M,2018-04-01,1392,AUD,3,,,1392000
ABS:MERCH_IMP(1.0.0),67,NETH,TOT,M,2018-05-01,744,AUD,3,,,744000
ABS:MERCH_IMP(1.0.0),67,NETH,TOT,M,2018-06-01,780,AUD,3,,,780000
ABS:MERCH_IMP(1.0.0),67,NETH,TOT,M,2018-07-01,1031,AUD,3,,,1031000
ABS:MERCH_IMP(1.0.0),67,NETH,TOT,M,2018-08-01,1310,AUD,3,,,1310000
ABS:MERCH_IMP(1.0.0),67,NETH,TOT,M,2018-09-01,955,AUD,3,,,955000
ABS:MERCH_IMP(1.0.0),67,NETH,TOT,M,2018-10-01,386,AUD,3,,,386000
ABS:MERCH_IMP(1.0.0),67,NETH,TOT,M,2018-11-01,475,AUD,3,,,475000
ABS:MERCH_IMP(1.0.0),67,NETH,TOT,M,2018-12-01,998,AUD,3,,,998000
ABS:MERCH_IMP(1.0.0),67,NETH,TOT,M,2019-01-01,1124,AUD,3,,,1124000
ABS:MERCH_IMP(1.0.0),67,NETH,TOT,M,2019-02-01,295,AUD,3,,,295000
ABS:MERCH_IMP(1.0.0),67,NETH,TOT,M,2019-03-01,1407,AUD,3,,,1407000
ABS:MERCH_IMP(1.0.0),67,NETH,TOT,M,2019-04-01,560,AUD,3,,,560000
ABS:MERCH_IMP(1.0.0),67,NETH,TOT,M,2019-05-01,458,AUD,3,,,458000
ABS:MERCH_IMP(1.0.0),67,NETH,TOT,M,2019-06-01,362,AUD,3,,,362000
ABS:MERCH_IMP(1.0.0),67,NETH,TOT,M,2019-07-01,486,AUD,3,,,486000
ABS:MERCH_IMP(1.0.0),67,NETH,TOT,M,2019-08-01,781,AUD,3,,,781000
ABS:MERCH_IMP(1.0.0),67,NETH,TOT,M,2019-09-01,1407,AUD,3,,,1407000
ABS:MERCH_IMP(1.0.0),67,NETH,TOT,M,2019-10-01,620,AUD,3,,,620000
ABS:MERCH_IMP(1.0.0),67,NETH,TOT,M,2019-11-01,750,AUD,3,,,750000
ABS:MERCH_IMP(1.0.0),67,NETH,TOT,M,2019-12-01,593,AUD,3,,,593000
ABS:MERCH_IMP(1.0.0),67,NETH,TOT,M,2020-01-01,1356,AUD,3,,,1356000
ABS:MERCH_IMP(1.0.0),67,NETH,TOT,M,2020-02-01,313,AUD,3,,,313000
ABS:MERCH_IMP(1.0.0),67,NETH,TOT,M,2020-03-01,509,AUD,3,,,509000
ABS:MERCH_IMP(1.0.0),67,NETH,TOT,M,2020-04-01,482,AUD,3,,,482000
ABS:MERCH_IMP(1.0.0),67,NETH,TOT,M,2020-05-01,536,AUD,3,,,536000
ABS:MERCH_IMP(1.0.0),67,NETH,TOT,M,2020-06-01,772,AUD,3,,,772000
ABS:MERCH_IMP(1.0.0),67,NETH,TOT,M,2020-07-01,1158,AUD,3,,,1158000
ABS:MERCH_IMP(1.0.0),67,NETH,TOT,M,2020-08-01,711,AUD,3,,,711000
ABS:MERCH_IMP(1.0.0),67,NETH,TOT,M,2020-09-01,611,AUD,3,,,611000
ABS:MERCH_IMP(1.0.0),67,NETH,TOT,M,2020-10-01,319,AUD,3,,,319000
ABS:MERCH_IMP(1.0.0),67,NETH,TOT,M,2020-11-01,736,AUD,3,,,736000
ABS:MERCH_IMP(1.0.0),67,NETH,TOT,M,2020-12-01,602,AUD,3,,,602000
ABS:MERCH_IMP(1.0.0),67,NETH,TOT,M,2021-01-01,665,AUD,3,,,665000
ABS:MERCH_IMP(1.0.0),67,NETH,TOT,M,2021-02-01,609,AUD,3,,,609000
ABS:MERCH_IMP(1.0.0),67,NETH,TOT,M,2021-03-01,1143,AUD,3,,,1143000
ABS:MERCH_IMP(1.0.0),67,NETH,TOT,M,2021-04-01,254,AUD,3,,,254000
ABS:MERCH_IMP(1.0.0),67,NETH,TOT,M,2021-05-01,1192,AUD,3,,,1192000
ABS:MERCH_IMP(1.0.0),67,NETH,TOT,M,2021-06-01,533,AUD,3,,,533000
ABS:MERCH_IMP(1.0.0),67,NETH,TOT,M,2021-07-01,548,AUD,3,,,548000
ABS:MERCH_IMP(1.0.0),67,NETH,TOT,M,2021-08-01,701,AUD,3,,,701000
ABS:MERCH_IMP(1.0.0),67,NETH,TOT,M,2021-09-01,605,AUD,3,,,605000
ABS:MERCH_IMP(1.0.0),67,NETH,TOT,M,2021-10-01,320,AUD,3,,,320000
ABS:MERCH_IMP(1.0.0),67,NETH,TOT,M,2021-11-01,555,AUD,3,,,555000
ABS:MERCH_IMP(1.0.0),67,NETH,TOT,M,2021-12-01,631,AUD,3,,,631000
ABS:MERCH_IMP(1.0.0),67,NETH,TOT,M,2022-01-01,534,AUD,3,,,534000
ABS:MERCH_IMP(1.0.0),67,NETH,TOT,M,2022-02-01,336,AUD,3,,,336000
ABS:MERCH_IMP(1.0.0),67,NETH,TOT,M,2022-03-01,1135,AUD,3,,,1135000
ABS:MERCH_IMP(1.0.0),67,NETH,TOT,M,2022-04-01,1721,AUD,3,,,1721000
ABS:MERCH_IMP(1.0.0),67,NETH,TOT,M,2022-05-01,1009,AUD,3,,,1009000
ABS:MERCH_IMP(1.0.0),67,NETH,TOT,M,2022-06-01,822,AUD,3,,,822000
ABS:MERCH_IMP(1.0.0),67,NETH,TOT,M,2022-07-01,1200,AUD,3,,,1200000
ABS:MERCH_IMP(1.0.0),67,NETH,TOT,M,2022-08-01,543,AUD,3,,,543000
ABS:MERCH_IMP(1.0.0),67,NETH,TOT,M,2022-09-01,540,AUD,3,,,540000
ABS:MERCH_IMP(1.0.0),67,NETH,TOT,M,2022-10-01,660,AUD,3,,,660000
ABS:MERCH_IMP(1.0.0),67,NETH,TOT,M,2022-11-01,384,AUD,3,,,384000
ABS:MERCH_IMP(1.0.0),67,NETH,TOT,M,2022-12-01,1822,AUD,3,,,1822000
ABS:MERCH_IMP(1.0.0),67,NETH,TOT,M,2023-01-01,2336,AUD,3,,,2336000
ABS:MERCH_IMP(1.0.0),67,NETH,TOT,M,2023-02-01,645,AUD,3,,,645000
ABS:MERCH_IMP(1.0.0),67,NETH,TOT,M,2023-03-01,1148,AUD,3,,,1148000
ABS:MERCH_IMP(1.0.0),67,NETH,TOT,M,2023-04-01,843,AUD,3,,,843000
ABS:MERCH_IMP(1.0.0),67,NETH,TOT,M,2023-05-01,918,AUD,3,,,918000
ABS:MERCH_IMP(1.0.0),67,NETH,TOT,M,2023-06-01,1997,AUD,3,,,1997000
ABS:MERCH_IMP(1.0.0),67,NETH,TOT,M,2023-07-01,836,AUD,3,,,836000
ABS:MERCH_IMP(1.0.0),67,NETH,TOT,M,2023-08-01,1533,AUD,3,,,1533000
ABS:MERCH_IMP(1.0.0),67,NETH,TOT,M,2023-09-01,1112,AUD,3,,,1112000
ABS:MERCH_IMP(1.0.0),67,NETH,TOT,M,2023-10-01,1006,AUD,3,,,1006000
ABS:MERCH_IMP(1.0.0),67,NETH,TOT,M,2023-11-01,966,AUD,3,,,966000
ABS:MERCH_IMP(1.0.0),67,NETH,TOT,M,2023-12-01,172,AUD,3,,,172000
ABS:MERCH_IMP(1.0.0),67,NETH,TOT,M,2024-01-01,507,AUD,3,,,507000
ABS:MERCH_IMP(1.0.0),67,NETH,TOT,M,2024-02-01,489,AUD,3,,,489000
ABS:MERCH_IMP(1.0.0),67,NETH,TOT,M,2024-03-01,848,AUD,3,,,848000
ABS:MERCH_IMP(1.0.0),67,NETH,TOT,M,2024-04-01,427,AUD,3,,,427000
ABS:MERCH_IMP(1.0.0),67,NETH,TOT,M,2024-05-01,395,AUD,3,,,395000
ABS:MERCH_IMP(1.0.0),67,NETH,TOT,M,2024-06-01,510,AUD,3,,,510000
ABS:MERCH_IMP(1.0.0),67,NETH,TOT,M,2024-07-01,213,AUD,3,,,213000
ABS:MERCH_IMP(1.0.0),67,NETH,TOT,M,2024-08-01,452,AUD,3,,,452000
ABS:MERCH_IMP(1.0.0),67,NETH,TOT,M,2024-09-01,462,AUD,3,,,462000
ABS:MERCH_IMP(1.0.0),67,NETH,TOT,M,2024-10-01,524,AUD,3,,,524000
ABS:MERCH_IMP(1.0.0),67,NETH,TOT,M,2024-11-01,700,AUD,3,,,700000
ABS:MERCH_IMP(1.0.0),67,NETH,TOT,M,2024-12-01,865,AUD,3,,,865000
ABS:MERCH_IMP(1.0.0),67,NETH,TOT,M,2025-01-01,861,AUD,3,,,861000
ABS:MERCH_IMP(1.0.0),67,NETH,TOT,M,2025-02-01,1291,AUD,3,,,1291000
ABS:MERCH_IMP(1.0.0),67,NETH,TOT,M,2025-03-01,1108,AUD,3,,,1108000
ABS:MERCH_IMP(1.0.0),67,NETH,TOT,M,2025-04-01,266,AUD,3,,,266000
ABS:MERCH_IMP(1.0.0),67,NETH,TOT,M,2025-05-01,451,AUD,3,,,451000
ABS:MERCH_IMP(1.0.0),67,NETH,TOT,M,2025-06-01,394,AUD,3,,,394000
ABS:MERCH_IMP(1.0.0),67,NETH,TOT,M,2025-07-01,663,AUD,3,,,663000
ABS:MERCH_IMP(1.0.0),67,NETH,TOT,M,2025-08-01,191,AUD,3,,,191000
ABS:MERCH_IMP(1.0.0),67,NETH,TOT,M,2025-09-01,469,AUD,3,,,469000
ABS:MERCH_IMP(1.0.0),67,NETH,TOT,M,2025-10-01,438,AUD,3,,,438000
ABS:MERCH_IMP(1.0.0),67,NETH,TOT,M,2025-11-01,394,AUD,3,,,394000
ABS:MERCH_IMP(1.0.0),67,NETH,TOT,M,2025-12-01,576,AUD,3,,,576000
ABS:MERCH_IMP(1.0.0),67,NETH,TOT,M,2026-01-01,470,AUD,3,,,470000
ABS:MERCH_IMP(1.0.0),67,NETH,TOT,M,2026-02-01,779,AUD,3,,,779000
ABS:MERCH_IMP(1.0.0),67,NETH,TOT,M,2026-03-01,632,AUD,3,,,632000
ABS:MERCH_IMP(1.0.0),67,NETH,TOT,M,2026-04-01,2053,AUD,3,,,2053000
ABS:MERCH_IMP(1.0.0),67,NETH,TOT,M,2026-05-01,1842,AUD,3,,,1842000
ABS:MERCH_IMP(1.0.0),67,NETH,TOT,M,2026-06-01,2060,AUD,3,,,2060000
ABS:MERCH_IMP(1.0.0),67,NETH,TOT,M,2026-07-01,1078,AUD,3,,,1078000
ABS:MERCH_IMP(1.0.0),67,SWED,TOT,M,2015-01-01,6868,AUD,3,,,6868000
ABS:MERCH_IMP(1.0.0),67,SWED,TOT,M,2015-02-01,4828,AUD,3,,,4828000
ABS:MERCH_IMP(1.0.0),67,SWED,TOT,M,2015-03-01,8130,AUD,3,,,8130000
ABS:MERCH_IMP(1.0.0),67,SWED,TOT,M,2015-04-01,5475,AUD,3,,,5475000
ABS:MERCH_IMP(1.0.0),67,SWED,TOT,M,2015-05-01,5903,AUD,3,,,5903000
ABS:MERCH_IMP(1.0.0),67,SWED,TOT,M,2015-06-01,6610,AUD,3,,,6610000
ABS:MERCH_IMP(1.0.0),67,SWED,TOT,M,2015-07-01,4472,AUD,3,,,4472000
ABS:MERCH_IMP(1.0.0),67,SWED,TOT,M,2015-08-01,6927,AUD,3,,,6927000
ABS:MERCH_IMP(1.0.0),67,SWED,TOT,M,2015-09-01,6455,AUD,3,,,6455000
ABS:MERCH_IMP(1.0.0),67,SWED,TOT,M,2015-10-01,7751,AUD,3,,,7751000
ABS:MERCH_IMP(1.0.0),67,SWED,TOT,M,2015-11-01,6701,AUD,3,,,6701000
ABS:MERCH_IMP(1.0.0),67,SWED,TOT,M,2015-12-01,7364,AUD,3,,,7364000
ABS:MERCH_IMP(1.0.0),67,SWED,TOT,M,2016-01-01,6668,AUD,3,,,6668000
ABS:MERCH_IMP(1.0.0),67,SWED,TOT,M,2016-02-01,8142,AUD,3,,,8142000
ABS:MERCH_IMP(1.0.0),67,SWED,TOT,M,2016-03-01,6748,AUD,3,,,6748000
ABS:MERCH_IMP(1.0.0),67,SWED,TOT,M,2016-04-01,4910,AUD,3,,,4910000
ABS:MERCH_IMP(1.0.0),67,SWED,TOT,M,2016-05-01,5377,AUD,3,,,5377000
ABS:MERCH_IMP(1.0.0),67,SWED,TOT,M,2016-06-01,6065,AUD,3,,,6065000
ABS:MERCH_IMP(1.0.0),67,SWED,TOT,M,2016-07-01,6284,AUD,3,,,6284000
ABS:MERCH_IMP(1.0.0),67,SWED,TOT,M,2016-08-01,6887,AUD,3,,,6887000
ABS:MERCH_IMP(1.0.0),67,SWED,TOT,M,2016-09-01,5709,AUD,3,,,5709000
ABS:MERCH_IMP(1.0.0),67,SWED,TOT,M,2016-10-01,6695,AUD,3,,,6695000
ABS:MERCH_IMP(1.0.0),67,SWED,TOT,M,2016-11-01,9773,AUD,3,,,9773000
ABS:MERCH_IMP(1.0.0),67,SWED,TOT,M,2016-12-01,9826,AUD,3,,,9826000
ABS:MERCH_IMP(1.0.0),67,SWED,TOT,M,2017-01-01,9382,AUD,3,,,9382000
ABS:MERCH_IMP(1.0.0),67,SWED,TOT,M,2017-02-01,8108,AUD,3,,,8108000
ABS:MERCH_IMP(1.0.0),67,SWED,TOT,M,2017-03-01,8609,AUD,3,,,8609000
ABS:MERCH_IMP(1.0.0),67,SWED,TOT,M,2017-04-01,10164,AUD,3,,,10164000
ABS:MERCH_IMP(1.0.0),67,SWED,TOT,M,2017-05-01,8170,AUD,3,,,8170000
ABS:MERCH_IMP(1.0.0),67,SWED,TOT,M,2017-06-01,10534,AUD,3,,,10534000
ABS:MERCH_IMP(1.0.0),67,SWED,TOT,M,2017-07-01,8036,AUD,3,,,8036000
ABS:MERCH_IMP(1.0.0),67,SWED,TOT,M,2017-08-01,9337,AUD,3,,,9337000
ABS:MERCH_IMP(1.0.0),67,SWED,TOT,M,2017-09-01,12142,AUD,3,,,12142000
ABS:MERCH_IMP(1.0.0),67,SWED,TOT,M,2017-10-01,5910,AUD,3,,,5910000
ABS:MERCH_IMP(1.0.0),67,SWED,TOT,M,2017-11-01,8679,AUD,3,,,8679000
ABS:MERCH_IMP(1.0.0),67,SWED,TOT,M,2017-12-01,8141,AUD,3,,,8141000
ABS:MERCH_IMP(1.0.0),67,SWED,TOT,M,2018-01-01,10984,AUD,3,,,10984000
ABS:MERCH_IMP(1.0.0),67,SWED,TOT,M,2018-02-01,8700,AUD,3,,,8700000
ABS:MERCH_IMP(1.0.0),67,SWED,TOT,M,2018-03-01,10515,AUD,3,,,10515000
ABS:MERCH_IMP(1.0.0),67,SWED,TOT,M,2018-04-01,10176,AUD,3,,,10176000
ABS:MERCH_IMP(1.0.0),67,SWED,TOT,M,2018-05-01,9720,AUD,3,,,9720000
ABS:MERCH_IMP(1.0.0),67,SWED,TOT,M,2018-06-01,7330,AUD,3,,,7330000
ABS:MERCH_IMP(1.0.0),67,SWED,TOT,M,2018-07-01,10299,AUD,3,,,10299000
ABS:MERCH_IMP(1.0.0),67,SWED,TOT,M,2018-08-01,8832,AUD,3,,,8832000
ABS:MERCH_IMP(1.0.0),67,SWED,TOT,M,2018-09-01,5129,AUD,3,,,5129000
ABS:MERCH_IMP(1.0.0),67,SWED,TOT,M,2018-10-01,9517,AUD,3,,,9517000
ABS:MERCH_IMP(1.0.0),67,SWED,TOT,M,2018-11-01,7514,AUD,3,,,7514000
ABS:MERCH_IMP(1.0.0),67,SWED,TOT,M,2018-12-01,8900,AUD,3,,,8900000
ABS:MERCH_IMP(1.0.0),67,SWED,TOT,M,2019-01-01,8222,AUD,3,,,8222000
ABS:MERCH_IMP(1.0.0),67,SWED,TOT,M,2019-02-01,7144,AUD,3,,,7144000
ABS:MERCH_IMP(1.0.0),67,SWED,TOT,M,2019-03-01,5726,AUD,3,,,5726000
ABS:MERCH_IMP(1.0.0),67,SWED,TOT,M,2019-04-01,8971,AUD,3,,,8971000
ABS:MERCH_IMP(1.0.0),67,SWED,TOT,M,2019-05-01,8722,AUD,3,,,8722000
ABS:MERCH_IMP(1.0.0),67,SWED,TOT,M,2019-06-01,4853,AUD,3,,,4853000
ABS:MERCH_IMP(1.0.0),67,SWED,TOT,M,2019-07-01,7801,AUD,3,,,7801000
ABS:MERCH_IMP(1.0.0),67,SWED,TOT,M,2019-08-01,6514,AUD,3,,,6514000
ABS:MERCH_IMP(1.0.0),67,SWED,TOT,M,2019-09-01,5509,AUD,3,,,5509000
ABS:MERCH_IMP(1.0.0),67,SWED,TOT,M,2019-10-01,7833,AUD,3,,,7833000
ABS:MERCH_IMP(1.0.0),67,SWED,TOT,M,2019-11-01,8129,AUD,3,,,8129000
ABS:MERCH_IMP(1.0.0),67,SWED,TOT,M,2019-12-01,6948,AUD,3,,,6948000
ABS:MERCH_IMP(1.0.0),67,SWED,TOT,M,2020-01-01,9393,AUD,3,,,9393000
ABS:MERCH_IMP(1.0.0),67,SWED,TOT,M,2020-02-01,5392,AUD,3,,,5392000
ABS:MERCH_IMP(1.0.0),67,SWED,TOT,M,2020-03-01,6444,AUD,3,,,6444000
ABS:MERCH_IMP(1.0.0),67,SWED,TOT,M,2020-04-01,8372,AUD,3,,,8372000
ABS:MERCH_IMP(1.0.0),67,SWED,TOT,M,2020-05-01,4857,AUD,3,,,4857000
ABS:MERCH_IMP(1.0.0),67,SWED,TOT,M,2020-06-01,8136,AUD,3,,,8136000
ABS:MERCH_IMP(1.0.0),67,SWED,TOT,M,2020-07-01,5018,AUD,3,,,5018000
ABS:MERCH_IMP(1.0.0),67,SWED,TOT,M,2020-08-01,8306,AUD,3,,,8306000
ABS:MERCH_IMP(1.0.0),67,SWED,TOT,M,2020-09-01,3359,AUD,3,,,3359000
ABS:MERCH_IMP(1.0.0),67,SWED,TOT,M,2020-10-01,5718,AUD,3,,,5718000
ABS:MERCH_IMP(1.0.0),67,SWED,TOT,M,2020-11-01,4491,AUD,3,,,4491000
ABS:MERCH_IMP(1.0.0),67,SWED,TOT,M,2020-12-01,6705,AUD,3,,,6705000
ABS:MERCH_IMP(1.0.0),67,SWED,TOT,M,2021-01-01,6292,AUD,3,,,6292000
ABS:MERCH_IMP(1.0.0),67,SWED,TOT,M,2021-02-01,5153,AUD,3,,,5153000
ABS:MERCH_IMP(1.0.0),67,SWED,TOT,M,2021-03-01,10680,AUD,3,,,10680000
ABS:MERCH_IMP(1.0.0),67,SWED,TOT,M,2021-04-01,7458,AUD,3,,,7458000
ABS:MERCH_IMP(1.0.0),67,SWED,TOT,M,2021-05-01,6707,AUD,3,,,6707000
ABS:MERCH_IMP(1.0.0),67,SWED,TOT,M,2021-06-01,7312,AUD,3,,,7312000
ABS:MERCH_IMP(1.0.0),67,SWED,TOT,M,2021-07-01,9808,AUD,3,,,9808000
ABS:MERCH_IMP(1.0.0),67,SWED,TOT,M,2021-08-01,6776,AUD,3,,,6776000
ABS:MERCH_IMP(1.0.0),67,SWED,TOT,M,2021-09-01,7236,AUD,3,,,7236000
ABS:MERCH_IMP(1.0.0),67,SWED,TOT,M,2021-10-01,5314,AUD,3,,,5314000
ABS:MERCH_IMP(1.0.0),67,SWED,TOT,M,2021-11-01,11442,AUD,3,,,11442000
ABS:MERCH_IMP(1.0.0),67,SWED,TOT,M,2021-12-01,6305,AUD,3,,,6305000
ABS:MERCH_IMP(1.0.0),67,SWED,TOT,M,2022-01-01,9179,AUD,3,,,9179000
ABS:MERCH_IMP(1.0.0),67,SWED,TOT,M,2022-02-01,10570,AUD,3,,,10570000
ABS:MERCH_IMP(1.0.0),67,SWED,TOT,M,2022-03-01,8844,AUD,3,,,8844000
ABS:MERCH_IMP(1.0.0),67,SWED,TOT,M,2022-04-01,7072,AUD,3,,,7072000
ABS:MERCH_IMP(1.0.0),67,SWED,TOT,M,2022-05-01,12554,AUD,3,,,12554000
ABS:MERCH_IMP(1.0.0),67,SWED,TOT,M,2022-06-01,9750,AUD,3,,,9750000
ABS:MERCH_IMP(1.0.0),67,SWED,TOT,M,2022-07-01,9358,AUD,3,,,9358000
ABS:MERCH_IMP(1.0.0),67,SWED,TOT,M,2022-08-01,8326,AUD,3,,,8326000
ABS:MERCH_IMP(1.0.0),67,SWED,TOT,M,2022-09-01,7261,AUD,3,,,7261000
ABS:MERCH_IMP(1.0.0),67,SWED,TOT,M,2022-10-01,6075,AUD,3,,,6075000
ABS:MERCH_IMP(1.0.0),67,SWED,TOT,M,2022-11-01,10788,AUD,3,,,10788000
ABS:MERCH_IMP(1.0.0),67,SWED,TOT,M,2022-12-01,8180,AUD,3,,,8180000
ABS:MERCH_IMP(1.0.0),67,SWED,TOT,M,2023-01-01,10043,AUD,3,,,10043000
ABS:MERCH_IMP(1.0.0),67,SWED,TOT,M,2023-02-01,6137,AUD,3,,,6137000
ABS:MERCH_IMP(1.0.0),67,SWED,TOT,M,2023-03-01,12002,AUD,3,,,12002000
ABS:MERCH_IMP(1.0.0),67,SWED,TOT,M,2023-04-01,8577,AUD,3,,,8577000
ABS:MERCH_IMP(1.0.0),67,SWED,TOT,M,2023-05-01,9477,AUD,3,,,9477000
ABS:MERCH_IMP(1.0.0),67,SWED,TOT,M,2023-06-01,5870,AUD,3,,,5870000
ABS:MERCH_IMP(1.0.0),67,SWED,TOT,M,2023-07-01,8370,AUD,3,,,8370000
ABS:MERCH_IMP(1.0.0),67,SWED,TOT,M,2023-08-01,9376,AUD,3,,,9376000
ABS:MERCH_IMP(1.0.0),67,SWED,TOT,M,2023-09-01,7362,AUD,3,,,7362000
ABS:MERCH_IMP(1.0.0),67,SWED,TOT,M,2023-10-01,4891,AUD,3,,,4891000
ABS:MERCH_IMP(1.0.0),67,SWED,TOT,M,2023-11-01,9642,AUD,3,,,9642000
ABS:MERCH_IMP(1.0.0),67,SWED,TOT,M,2023-12-01,7508,AUD,3,,,7508000
ABS:MERCH_IMP(1.0.0),67,SWED,TOT,M,2024-01-01,6289,AUD,3,,,6289000
ABS:MERCH_IMP(1.0.0),67,SWED,TOT,M,2024-02-01,9921,AUD,3,,,9921000
ABS:MERCH_IMP(1.0.0),67,SWED,TOT,M,2024-03-01,9761,AUD,3,,,9761000
ABS:MERCH_IMP(1.0.0),67,SWED,TOT,M,2024-04-01,7771,AUD,3,,,7771000
ABS:MERCH_IMP(1.0.0),67,SWED,TOT,M,2024-05-01,8450,AUD,3,,,8450000
ABS:MERCH_IMP(1.0.0),67,SWED,TOT,M,2024-06-01,7664,AUD,3,,,7664000
ABS:MERCH_IMP(1.0.0),67,SWED,TOT,M,2024-07-01,8082,AUD,3,,,8082000
ABS:MERCH_IMP(1.0.0),67,SWED,TOT,M,2024-08-01,8811,AUD,3,,,8811000
ABS:MERCH_IMP(1.0.0),67,SWED,TOT,M,2024-09-01,9082,AUD,3,,,9082000
ABS:MERCH_IMP(1.0.0),67,SWED,TOT,M,2024-10-01,7407,AUD,3,,,7407000
ABS:MERCH_IMP(1.0.0),67,SWED,TOT,M,2024-11-01,7263,AUD,3,,,7263000
ABS:MERCH_IMP(1.0.0),67,SWED,TOT,M,2024-12-01,6760,AUD,3,,,6760000
ABS:MERCH_IMP(1.0.0),67,SWED,TOT,M,2025-01-01,11219,AUD,3,,,11219000
ABS:MERCH_IMP(1.0.0),67,SWED,TOT,M,2025-02-01,13454,AUD,3,,,13454000
ABS:MERCH_IMP(1.0.0),67,SWED,TOT,M,2025-03-01,12426,AUD,3,,,12426000
ABS:MERCH_IMP(1.0.0),67,SWED,TOT,M,2025-04-01,9277,AUD,3,,,9277000
ABS:MERCH_IMP(1.0.0),67,SWED,TOT,M,2025-05-01,7580,AUD,3,,,7580000
ABS:MERCH_IMP(1.0.0),67,SWED,TOT,M,2025-06-01,7050,AUD,3,,,7050000
ABS:MERCH_IMP(1.0.0),67,SWED,TOT,M,2025-07-01,5913,AUD,3,,,5913000
ABS:MERCH_IMP(1.0.0),67,SWED,TOT,M,2025-08-01,7464,AUD,3,,,7464000
ABS:MERCH_IMP(1.0.0),67,SWED,TOT,M,2025-09-01,4644,AUD,3,,,4644000
ABS:MERCH_IMP(1.0.0),67,SWED,TOT,M,2025-10-01,8805,AUD,3,,,8805000
ABS:MERCH_IMP(1.0.0),67,SWED,TOT,M,2025-11-01,6490,AUD,3,,,6490000
ABS:MERCH_IMP(1.0.0),67,SWED,TOT,M,2025-12-01,12774,AUD,3,,,12774000
ABS:MERCH_IMP(1.0.0),67,SWED,TOT,M,2026-01-01,6649,AUD,3,,,6649000
ABS:MERCH_IMP(1.0.0),67,SWED,TOT,M,2026-02-01,4727,AUD,3,,,4727000
ABS:MERCH_IMP(1.0.0),67,SWED,TOT,M,2026-03-01,9236,AUD,3,,,9236000
ABS:MERCH_IMP(1.0.0),67,SWED,TOT,M,2026-04-01,8191,AUD,3,,,8191000
ABS:MERCH_IMP(1.0.0),67,SWED,TOT,M,2026-05-01,6260,AUD,3,,,6260000
ABS:MERCH_IMP(1.0.0),67,SWED,TOT,M,2026-06-01,7580,AUD,3,,,7580000
ABS:MERCH_IMP(1.0.0),67,SWED,TOT,M,2026-07-01,7968,AUD,3,,,7968000
ABS:MERCH_IMP(1.0.0),67,IVOR,TOT,M,2020-10-01,1,AUD,3,,,1000
ABS:MERCH_IMP(1.0.0),67,PNG,TOT,M,2015-05-01,1,AUD,3,,,1000
ABS:MERCH_IMP(1.0.0),67,PNG,TOT,M,2015-07-01,4,AUD,3,,,4000
ABS:MERCH_IMP(1.0.0),67,PNG,TOT,M,2015-08-01,618,AUD,3,,,618000
ABS:MERCH_IMP(1.0.0),67,PNG,TOT,M,2015-11-01,42,AUD,3,,,42000
ABS:MERCH_IMP(1.0.0),67,PNG,TOT,M,2015-12-01,5,AUD,3,,,5000
ABS:MERCH_IMP(1.0.0),67,PNG,TOT,M,2016-02-01,3,AUD,3,,,3000
ABS:MERCH_IMP(1.0.0),67,PNG,TOT,M,2016-03-01,98,AUD,3,,,98000
ABS:MERCH_IMP(1.0.0),67,PNG,TOT,M,2016-04-01,10,AUD,3,,,10000
ABS:MERCH_IMP(1.0.0),67,PNG,TOT,M,2016-05-01,9,AUD,3,,,9000
ABS:MERCH_IMP(1.0.0),67,PNG,TOT,M,2016-08-01,2,AUD,3,,,2000
ABS:MERCH_IMP(1.0.0),67,PNG,TOT,M,2017-04-01,2,AUD,3,,,2000
ABS:MERCH_IMP(1.0.0),67,PNG,TOT,M,2017-11-01,1,AUD,3,,,1000
ABS:MERCH_IMP(1.0.0),67,PNG,TOT,M,2018-02-01,3,AUD,3,,,3000
ABS:MERCH_IMP(1.0.0),67,PNG,TOT,M,2018-05-01,7,AUD,3,,,7000
ABS:MERCH_IMP(1.0.0),67,PNG,TOT,M,2018-07-01,7,AUD,3,,,7000
ABS:MERCH_IMP(1.0.0),67,PNG,TOT,M,2018-10-01,16,AUD,3,,,16000
ABS:MERCH_IMP(1.0.0),67,PNG,TOT,M,2018-12-01,16,AUD,3,,,16000
ABS:MERCH_IMP(1.0.0),67,PNG,TOT,M,2019-01-01,1,AUD,3,,,1000
ABS:MERCH_IMP(1.0.0),67,PNG,TOT,M,2019-03-01,6,AUD,3,,,6000
ABS:MERCH_IMP(1.0.0),67,PNG,TOT,M,2019-04-01,6,AUD,3,,,6000
ABS:MERCH_IMP(1.0.0),67,PNG,TOT,M,2019-06-01,3,AUD,3,,,3000
ABS:MERCH_IMP(1.0.0),67,PNG,TOT,M,2019-08-01,20,AUD,3,,,20000
ABS:MERCH_IMP(1.0.0),67,PNG,TOT,M,2020-05-01,1135,AUD,3,,,1135000
ABS:MERCH_IMP(1.0.0),67,PNG,TOT,M,2021-06-01,1,AUD,3,,,1000
ABS:MERCH_IMP(1.0.0),67,PNG,TOT,M,2022-04-01,10,AUD,3,,,10000
ABS:MERCH_IMP(1.0.0),67,PNG,TOT,M,2022-05-01,10,AUD,3,,,10000
ABS:MERCH_IMP(1.0.0),67,PNG,TOT,M,2022-12-01,1,AUD,3,,,1000
ABS:MERCH_IMP(1.0.0),67,PNG,TOT,M,2023-04-01,6,AUD,3,,,6000
ABS:MERCH_IMP(1.0.0),67,PNG,TOT,M,2023-08-01,56,AUD,3,,,56000
ABS:MERCH_IMP(1.0.0),67,PNG,TOT,M,2023-10-01,84,AUD,3,,,84000
ABS:MERCH_IMP(1.0.0),67,PNG,TOT,M,2023-11-01,29,AUD,3,,,29000
ABS:MERCH_IMP(1.0.0),67,PNG,TOT,M,2024-04-01,26,AUD,3,,,26000
ABS:MERCH_IMP(1.0.0),67,PNG,TOT,M,2024-07-01,3,AUD,3,,,3000
ABS:MERCH_IMP(1.0.0),67,PNG,TOT,M,2024-08-01,204,AUD,3,,,204000
ABS:MERCH_IMP(1.0.0),67,PNG,TOT,M,2024-11-01,1,AUD,3,,,1000
ABS:MERCH_IMP(1.0.0),67,PNG,TOT,M,2024-12-01,183,AUD,3,,,183000
ABS:MERCH_IMP(1.0.0),67,PNG,TOT,M,2025-01-01,25,AUD,3,,,25000
ABS:MERCH_IMP(1.0.0),67,PNG,TOT,M,2025-03-01,13,AUD,3,,,13000
ABS:MERCH_IMP(1.0.0),67,PNG,TOT,M,2025-04-01,157,AUD,3,,,157000
ABS:MERCH_IMP(1.0.0),67,PNG,TOT,M,2025-05-01,9,AUD,3,,,9000
ABS:MERCH_IMP(1.0.0),67,PNG,TOT,M,2025-07-01,1,AUD,3,,,1000
ABS:MERCH_IMP(1.0.0),67,PNG,TOT,M,2025-08-01,25,AUD,3,,,25000
ABS:MERCH_IMP(1.0.0),67,PNG,TOT,M,2026-02-01,218,AUD,3,,,218000
ABS:MERCH_IMP(1.0.0),67,PNG,TOT,M,2026-05-01,3,AUD,3,,,3000
ABS:MERCH_IMP(1.0.0),67,LATV,TOT,M,2015-11-01,2,AUD,3,,,2000
ABS:MERCH_IMP(1.0.0),67,LATV,TOT,M,2017-02-01,4,AUD,3,,,4000
ABS:MERCH_IMP(1.0.0),67,LATV,TOT,M,2018-11-01,2,AUD,3,,,2000
ABS:MERCH_IMP(1.0.0),67,LATV,TOT,M,2019-11-01,0,AUD,3,,,0
ABS:MERCH_IMP(1.0.0),67,LATV,TOT,M,2020-04-01,0,AUD,3,,,0
ABS:MERCH_IMP(1.0.0),67,LATV,TOT,M,2021-06-01,4,AUD,3,,,4000
ABS:MERCH_IMP(1.0.0),67,LATV,TOT,M,2021-12-01,1,AUD,3,,,1000
ABS:MERCH_IMP(1.0.0),67,LATV,TOT,M,2022-01-01,2,AUD,3,,,2000
ABS:MERCH_IMP(1.0.0),67,LATV,TOT,M,2022-05-01,19,AUD,3,,,19000
ABS:MERCH_IMP(1.0.0),67,LATV,TOT,M,2022-06-01,0,AUD,3,,,0
ABS:MERCH_IMP(1.0.0),67,LATV,TOT,M,2022-07-01,0,AUD,3,,,0
ABS:MERCH_IMP(1.0.0),67,LATV,TOT,M,2022-12-01,1,AUD,3,,,1000
ABS:MERCH_IMP(1.0.0),67,LATV,TOT,M,2023-05-01,1,AUD,3,,,1000
ABS:MERCH_IMP(1.0.0),67,LATV,TOT,M,2023-07-01,2,AUD,3,,,2000
ABS:MERCH_IMP(1.0.0),67,LATV,TOT,M,2024-01-01,233,AUD,3,,,233000
ABS:MERCH_IMP(1.0.0),67,LATV,TOT,M,2024-10-01,266,AUD,3,,,266000
ABS:MERCH_IMP(1.0.0),67,LATV,TOT,M,2025-03-01,7,AUD,3,,,7000
ABS:MERCH_IMP(1.0.0),67,LATV,TOT,M,2025-05-01,9,AUD,3,,,9000
ABS:MERCH_IMP(1.0.0),67,LATV,TOT,M,2025-09-01,1,AUD,3,,,1000
ABS:MERCH_IMP(1.0.0),67,LATV,TOT,M,2025-10-01,2,AUD,3,,,2000
ABS:MERCH_IMP(1.0.0),67,LATV,TOT,M,2025-11-01,7,AUD,3,,,7000
ABS:MERCH_IMP(1.0.0),67,LATV,TOT,M,2025-12-01,8,AUD,3,,,8000
ABS:MERCH_IMP(1.0.0),67,LATV,TOT,M,2026-05-01,1,AUD,3,,,1000
ABS:MERCH_IMP(1.0.0),67,ICEL,TOT,M,2015-01-01,2,AUD,3,,,2000
ABS:MERCH_IMP(1.0.0),67,ICEL,TOT,M,2015-08-01,1,AUD,3,,,1000
ABS:MERCH_IMP(1.0.0),67,ICEL,TOT,M,2017-11-01,3,AUD,3,,,3000
ABS:MERCH_IMP(1.0.0),67,FCAM,TOT,M,2024-06-01,7,AUD,3,,,7000
ABS:MERCH_IMP(1.0.0),67,FCAM,TOT,M,2024-07-01,1,AUD,3,,,1000
ABS:MERCH_IMP(1.0.0),67,FCAM,TOT,M,2025-06-01,6,AUD,3,,,6000
ABS:MERCH_IMP(1.0.0),67,FCAM,TOT,M,2026-02-01,11,AUD,3,,,11000
ABS:MERCH_IMP(1.0.0),67,ETMR,TOT,M,2025-04-01,14,AUD,3,,,14000
ABS:MERCH_IMP(1.0.0),67,GIBR,TOT,M,2022-08-01,3,AUD,3,,,3000
ABS:MERCH_IMP(1.0.0),67,CHLE,TOT,M,2015-01-01,36,AUD,3,,,36000
ABS:MERCH_IMP(1.0.0),67,CHLE,TOT,M,2015-02-01,43,AUD,3,,,43000
ABS:MERCH_IMP(1.0.0),67,CHLE,TOT,M,2015-03-01,205,AUD,3,,,205000
ABS:MERCH_IMP(1.0.0),67,CHLE,TOT,M,2015-04-01,16,AUD,3,,,16000
ABS:MERCH_IMP(1.0.0),67,CHLE,TOT,M,2015-05-01,50,AUD,3,,,50000
ABS:MERCH_IMP(1.0.0),67,CHLE,TOT,M,2015-06-01,41,AUD,3,,,41000
ABS:MERCH_IMP(1.0.0),67,CHLE,TOT,M,2015-07-01,7,AUD,3,,,7000
ABS:MERCH_IMP(1.0.0),67,CHLE,TOT,M,2015-08-01,11,AUD,3,,,11000
ABS:MERCH_IMP(1.0.0),67,CHLE,TOT,M,2015-09-01,58,AUD,3,,,58000
ABS:MERCH_IMP(1.0.0),67,CHLE,TOT,M,2015-10-01,7,AUD,3,,,7000
ABS:MERCH_IMP(1.0.0),67,CHLE,TOT,M,2015-11-01,51,AUD,3,,,51000
ABS:MERCH_IMP(1.0.0),67,CHLE,TOT,M,2015-12-01,22,AUD,3,,,22000
ABS:MERCH_IMP(1.0.0),67,CHLE,TOT,M,2016-01-01,27,AUD,3,,,27000
ABS:MERCH_IMP(1.0.0),67,CHLE,TOT,M,2016-02-01,291,AUD,3,,,291000
ABS:MERCH_IMP(1.0.0),67,CHLE,TOT,M,2016-06-01,122,AUD,3,,,122000
ABS:MERCH_IMP(1.0.0),67,CHLE,TOT,M,2016-07-01,748,AUD,3,,,748000
ABS:MERCH_IMP(1.0.0),67,CHLE,TOT,M,2016-08-01,373,AUD,3,,,373000
ABS:MERCH_IMP(1.0.0),67,CHLE,TOT,M,2016-10-01,334,AUD,3,,,334000
ABS:MERCH_IMP(1.0.0),67,CHLE,TOT,M,2016-11-01,335,AUD,3,,,335000
ABS:MERCH_IMP(1.0.0),67,CHLE,TOT,M,2017-02-01,746,AUD,3,,,746000
ABS:MERCH_IMP(1.0.0),67,CHLE,TOT,M,2017-03-01,59,AUD,3,,,59000
ABS:MERCH_IMP(1.0.0),67,CHLE,TOT,M,2017-04-01,381,AUD,3,,,381000
ABS:MERCH_IMP(1.0.0),67,CHLE,TOT,M,2017-05-01,134,AUD,3,,,134000
ABS:MERCH_IMP(1.0.0),67,CHLE,TOT,M,2017-06-01,504,AUD,3,,,504000
ABS:MERCH_IMP(1.0.0),67,CHLE,TOT,M,2017-07-01,329,AUD,3,,,329000
ABS:MERCH_IMP(1.0.0),67,CHLE,TOT,M,2017-09-01,366,AUD,3,,,366000
ABS:MERCH_IMP(1.0.0),67,CHLE,TOT,M,2017-11-01,363,AUD,3,,,363000
ABS:MERCH_IMP(1.0.0),67,CHLE,TOT,M,2018-01-01,378,AUD,3,,,378000
ABS:MERCH_IMP(1.0.0),67,CHLE,TOT,M,2018-02-01,473,AUD,3,,,473000
ABS:MERCH_IMP(1.0.0),67,CHLE,TOT,M,2018-03-01,93,AUD,3,,,93000
ABS:MERCH_IMP(1.0.0),67,CHLE,TOT,M,2018-04-01,539,AUD,3,,,539000
ABS:MERCH_IMP(1.0.0),67,CHLE,TOT,M,2018-05-01,594,AUD,3,,,594000
ABS:MERCH_IMP(1.0.0),67,CHLE,TOT,M,2018-07-01,973,AUD,3,,,973000
ABS:MERCH_IMP(1.0.0),67,CHLE,TOT,M,2018-08-01,477,AUD,3,,,477000
ABS:MERCH_IMP(1.0.0),67,CHLE,TOT,M,2018-09-01,72,AUD,3,,,72000
ABS:MERCH_IMP(1.0.0),67,CHLE,TOT,M,2018-10-01,577,AUD,3,,,577000
ABS:MERCH_IMP(1.0.0),67,CHLE,TOT,M,2018-11-01,205,AUD,3,,,205000
ABS:MERCH_IMP(1.0.0),67,CHLE,TOT,M,2019-03-01,121,AUD,3,,,121000
ABS:MERCH_IMP(1.0.0),67,CHLE,TOT,M,2019-05-01,597,AUD,3,,,597000
ABS:MERCH_IMP(1.0.0),67,CHLE,TOT,M,2019-06-01,121,AUD,3,,,121000
ABS:MERCH_IMP(1.0.0),67,CHLE,TOT,M,2019-08-01,5,AUD,3,,,5000
ABS:MERCH_IMP(1.0.0),67,CHLE,TOT,M,2019-10-01,78,AUD,3,,,78000
ABS:MERCH_IMP(1.0.0),67,CHLE,TOT,M,2019-12-01,166,AUD,3,,,166000
ABS:MERCH_IMP(1.0.0),67,CHLE,TOT,M,2020-01-01,431,AUD,3,,,431000
ABS:MERCH_IMP(1.0.0),67,CHLE,TOT,M,2020-02-01,6,AUD,3,,,6000
ABS:MERCH_IMP(1.0.0),67,CHLE,TOT,M,2020-04-01,486,AUD,3,,,486000
ABS:MERCH_IMP(1.0.0),67,CHLE,TOT,M,2020-05-01,300,AUD,3,,,300000
ABS:MERCH_IMP(1.0.0),67,CHLE,TOT,M,2020-08-01,7,AUD,3,,,7000
ABS:MERCH_IMP(1.0.0),67,CHLE,TOT,M,2020-11-01,94,AUD,3,,,94000
ABS:MERCH_IMP(1.0.0),67,CHLE,TOT,M,2020-12-01,2,AUD,3,,,2000
ABS:MERCH_IMP(1.0.0),67,CHLE,TOT,M,2021-03-01,2,AUD,3,,,2000
ABS:MERCH_IMP(1.0.0),67,CHLE,TOT,M,2021-08-01,6,AUD,3,,,6000
ABS:MERCH_IMP(1.0.0),67,CHLE,TOT,M,2021-09-01,73,AUD,3,,,73000
ABS:MERCH_IMP(1.0.0),67,CHLE,TOT,M,2022-04-01,124,AUD,3,,,124000
ABS:MERCH_IMP(1.0.0),67,CHLE,TOT,M,2022-07-01,346,AUD,3,,,346000
ABS:MERCH_IMP(1.0.0),67,CHLE,TOT,M,2022-08-01,217,AUD,3,,,217000
ABS:MERCH_IMP(1.0.0),67,CHLE,TOT,M,2022-09-01,135,AUD,3,,,135000
ABS:MERCH_IMP(1.0.0),67,CHLE,TOT,M,2022-10-01,1,AUD,3,,,1000
ABS:MERCH_IMP(1.0.0),67,CHLE,TOT,M,2023-07-01,9,AUD,3,,,9000
ABS:MERCH_IMP(1.0.0),67,CHLE,TOT,M,2024-01-01,16,AUD,3,,,16000
ABS:MERCH_IMP(1.0.0),67,CHLE,TOT,M,2024-04-01,2,AUD,3,,,2000
ABS:MERCH_IMP(1.0.0),67,CHLE,TOT,M,2024-05-01,23,AUD,3,,,23000
ABS:MERCH_IMP(1.0.0),67,CHLE,TOT,M,2025-01-01,9,AUD,3,,,9000
ABS:MERCH_IMP(1.0.0),67,CHLE,TOT,M,2025-07-01,8,AUD,3,,,8000
ABS:MERCH_IMP(1.0.0),67,CHLE,TOT,M,2025-10-01,2,AUD,3,,,2000
ABS:MERCH_IMP(1.0.0),67,CHLE,TOT,M,2026-05-01,46,AUD,3,,,46000
ABS:MERCH_IMP(1.0.0),67,FGMY,TOT,M,2015-01-01,102441,AUD,3,,,102441000
ABS:MERCH_IMP(1.0.0),67,FGMY,TOT,M,2015-02-01,2601,AUD,3,,,2601000
ABS:MERCH_IMP(1.0.0),67,FGMY,TOT,M,2015-03-01,3916,AUD,3,,,3916000
ABS:MERCH_IMP(1.0.0),67,FGMY,TOT,M,2015-04-01,37077,AUD,3,,,37077000
ABS:MERCH_IMP(1.0.0),67,FGMY,TOT,M,2015-05-01,4219,AUD,3,,,4219000
ABS:MERCH_IMP(1.0.0),67,FGMY,TOT,M,2015-06-01,31485,AUD,3,,,31485000
ABS:MERCH_IMP(1.0.0),67,FGMY,TOT,M,2015-07-01,3993,AUD,3,,,3993000
ABS:MERCH_IMP(1.0.0),67,FGMY,TOT,M,2015-08-01,3313,AUD,3,,,3313000
ABS:MERCH_IMP(1.0.0),67,FGMY,TOT,M,2015-09-01,76160,AUD,3,,,76160000
ABS:MERCH_IMP(1.0.0),67,FGMY,TOT,M,2015-10-01,4636,AUD,3,,,4636000
ABS:MERCH_IMP(1.0.0),67,FGMY,TOT,M,2015-11-01,2773,AUD,3,,,2773000
ABS:MERCH_IMP(1.0.0),67,FGMY,TOT,M,2015-12-01,5402,AUD,3,,,5402000
ABS:MERCH_IMP(1.0.0),67,FGMY,TOT,M,2016-01-01,4918,AUD,3,,,4918000
ABS:MERCH_IMP(1.0.0),67,FGMY,TOT,M,2016-02-01,3936,AUD,3,,,3936000
ABS:MERCH_IMP(1.0.0),67,FGMY,TOT,M,2016-03-01,3958,AUD,3,,,3958000
ABS:MERCH_IMP(1.0.0),67,FGMY,TOT,M,2016-04-01,3758,AUD,3,,,3758000
ABS:MERCH_IMP(1.0.0),67,FGMY,TOT,M,2016-05-01,4099,AUD,3,,,4099000
ABS:MERCH_IMP(1.0.0),67,FGMY,TOT,M,2016-06-01,4084,AUD,3,,,4084000
ABS:MERCH_IMP(1.0.0),67,FGMY,TOT,M,2016-07-01,3516,AUD,3,,,3516000
ABS:MERCH_IMP(1.0.0),67,FGMY,TOT,M,2016-08-01,3907,AUD,3,,,3907000
ABS:MERCH_IMP(1.0.0),67,FGMY,TOT,M,2016-09-01,5465,AUD,3,,,5465000
ABS:MERCH_IMP(1.0.0),67,FGMY,TOT,M,2016-10-01,3901,AUD,3,,,3901000
ABS:MERCH_IMP(1.0.0),67,FGMY,TOT,M,2016-11-01,5740,AUD,3,,,5740000
ABS:MERCH_IMP(1.0.0),67,FGMY,TOT,M,2016-12-01,4430,AUD,3,,,4430000
ABS:MERCH_IMP(1.0.0),67,FGMY,TOT,M,2017-01-01,5797,AUD,3,,,5797000
ABS:MERCH_IMP(1.0.0),67,FGMY,TOT,M,2017-02-01,4450,AUD,3,,,4450000
ABS:MERCH_IMP(1.0.0),67,FGMY,TOT,M,2017-03-01,5640,AUD,3,,,5640000
ABS:MERCH_IMP(1.0.0),67,FGMY,TOT,M,2017-04-01,6594,AUD,3,,,6594000
ABS:MERCH_IMP(1.0.0),67,FGMY,TOT,M,2017-05-01,5453,AUD,3,,,5453000
ABS:MERCH_IMP(1.0.0),67,FGMY,TOT,M,2017-06-01,4287,AUD,3,,,4287000
ABS:MERCH_IMP(1.0.0),67,FGMY,TOT,M,2017-07-01,3505,AUD,3,,,3505000
ABS:MERCH_IMP(1.0.0),67,FGMY,TOT,M,2017-08-01,4149,AUD,3,,,4149000
ABS:MERCH_IMP(1.0.0),67,FGMY,TOT,M,2017-09-01,8108,AUD,3,,,8108000
ABS:MERCH_IMP(1.0.0),67,FGMY,TOT,M,2017-10-01,5023,AUD,3,,,5023000
ABS:MERCH_IMP(1.0.0),67,FGMY,TOT,M,2017-11-01,6525,AUD,3,,,6525000
ABS:MERCH_IMP(1.0.0),67,FGMY,TOT,M,2017-12-01,7163,AUD,3,,,7163000
ABS:MERCH_IMP(1.0.0),67,FGMY,TOT,M,2018-01-01,6839,AUD,3,,,6839000
ABS:MERCH_IMP(1.0.0),67,FGMY,TOT,M,2018-02-01,7721,AUD,3,,,7721000
ABS:MERCH_IMP(1.0.0),67,FGMY,TOT,M,2018-03-01,8299,AUD,3,,,8299000
ABS:MERCH_IMP(1.0.0),67,FGMY,TOT,M,2018-04-01,7819,AUD,3,,,7819000
ABS:MERCH_IMP(1.0.0),67,FGMY,TOT,M,2018-05-01,8542,AUD,3,,,8542000
ABS:MERCH_IMP(1.0.0),67,FGMY,TOT,M,2018-06-01,6085,AUD,3,,,6085000
ABS:MERCH_IMP(1.0.0),67,FGMY,TOT,M,2018-07-01,8493,AUD,3,,,8493000
ABS:MERCH_IMP(1.0.0),67,FGMY,TOT,M,2018-08-01,7711,AUD,3,,,7711000
ABS:MERCH_IMP(1.0.0),67,FGMY,TOT,M,2018-09-01,6605,AUD,3,,,6605000
ABS:MERCH_IMP(1.0.0),67,FGMY,TOT,M,2018-10-01,7702,AUD,3,,,7702000
ABS:MERCH_IMP(1.0.0),67,FGMY,TOT,M,2018-11-01,7607,AUD,3,,,7607000
ABS:MERCH_IMP(1.0.0),67,FGMY,TOT,M,2018-12-01,7812,AUD,3,,,7812000
ABS:MERCH_IMP(1.0.0),67,FGMY,TOT,M,2019-01-01,8476,AUD,3,,,8476000
ABS:MERCH_IMP(1.0.0),67,FGMY,TOT,M,2019-02-01,11063,AUD,3,,,11063000
ABS:MERCH_IMP(1.0.0),67,FGMY,TOT,M,2019-03-01,6948,AUD,3,,,6948000
ABS:MERCH_IMP(1.0.0),67,FGMY,TOT,M,2019-04-01,9893,AUD,3,,,9893000
ABS:MERCH_IMP(1.0.0),67,FGMY,TOT,M,2019-05-01,9234,AUD,3,,,9234000
ABS:MERCH_IMP(1.0.0),67,FGMY,TOT,M,2019-06-01,8313,AUD,3,,,8313000
ABS:MERCH_IMP(1.0.0),67,FGMY,TOT,M,2019-07-01,6329,AUD,3,,,6329000
ABS:MERCH_IMP(1.0.0),67,FGMY,TOT,M,2019-08-01,7031,AUD,3,,,7031000
ABS:MERCH_IMP(1.0.0),67,FGMY,TOT,M,2019-09-01,6785,AUD,3,,,6785000
ABS:MERCH_IMP(1.0.0),67,FGMY,TOT,M,2019-10-01,5970,AUD,3,,,5970000
ABS:MERCH_IMP(1.0.0),67,FGMY,TOT,M,2019-11-01,6196,AUD,3,,,6196000
ABS:MERCH_IMP(1.0.0),67,FGMY,TOT,M,2019-12-01,4995,AUD,3,,,4995000
ABS:MERCH_IMP(1.0.0),67,FGMY,TOT,M,2020-01-01,10729,AUD,3,,,10729000
ABS:MERCH_IMP(1.0.0),67,FGMY,TOT,M,2020-02-01,4472,AUD,3,,,4472000
ABS:MERCH_IMP(1.0.0),67,FGMY,TOT,M,2020-03-01,6003,AUD,3,,,6003000
ABS:MERCH_IMP(1.0.0),67,FGMY,TOT,M,2020-04-01,6451,AUD,3,,,6451000
ABS:MERCH_IMP(1.0.0),67,FGMY,TOT,M,2020-05-01,4901,AUD,3,,,4901000
ABS:MERCH_IMP(1.0.0),67,FGMY,TOT,M,2020-06-01,6651,AUD,3,,,6651000
ABS:MERCH_IMP(1.0.0),67,FGMY,TOT,M,2020-07-01,6601,AUD,3,,,6601000
ABS:MERCH_IMP(1.0.0),67,FGMY,TOT,M,2020-08-01,6687,AUD,3,,,6687000
ABS:MERCH_IMP(1.0.0),67,FGMY,TOT,M,2020-09-01,9936,AUD,3,,,9936000
ABS:MERCH_IMP(1.0.0),67,FGMY,TOT,M,2020-10-01,7013,AUD,3,,,7013000
ABS:MERCH_IMP(1.0.0),67,FGMY,TOT,M,2020-11-01,7062,AUD,3,,,7062000
ABS:MERCH_IMP(1.0.0),67,FGMY,TOT,M,2020-12-01,5113,AUD,3,,,5113000
ABS:MERCH_IMP(1.0.0),67,FGMY,TOT,M,2021-01-01,3900,AUD,3,,,3900000
ABS:MERCH_IMP(1.0.0),67,FGMY,TOT,M,2021-02-01,6280,AUD,3,,,6280000
ABS:MERCH_IMP(1.0.0),67,FGMY,TOT,M,2021-03-01,6970,AUD,3,,,6970000
ABS:MERCH_IMP(1.0.0),67,FGMY,TOT,M,2021-04-01,6628,AUD,3,,,6628000
ABS:MERCH_IMP(1.0.0),67,FGMY,TOT,M,2021-05-01,9316,AUD,3,,,9316000
ABS:MERCH_IMP(1.0.0),67,FGMY,TOT,M,2021-06-01,5141,AUD,3,,,5141000
ABS:MERCH_IMP(1.0.0),67,FGMY,TOT,M,2021-07-01,8938,AUD,3,,,8938000
ABS:MERCH_IMP(1.0.0),67,FGMY,TOT,M,2021-08-01,8438,AUD,3,,,8438000
ABS:MERCH_IMP(1.0.0),67,FGMY,TOT,M,2021-09-01,7929,AUD,3,,,7929000
ABS:MERCH_IMP(1.0.0),67,FGMY,TOT,M,2021-10-01,5460,AUD,3,,,5460000
ABS:MERCH_IMP(1.0.0),67,FGMY,TOT,M,2021-11-01,6080,AUD,3,,,6080000
ABS:MERCH_IMP(1.0.0),67,FGMY,TOT,M,2021-12-01,4797,AUD,3,,,4797000
ABS:MERCH_IMP(1.0.0),67,FGMY,TOT,M,2022-01-01,7247,AUD,3,,,7247000
ABS:MERCH_IMP(1.0.0),67,FGMY,TOT,M,2022-02-01,6698,AUD,3,,,6698000
ABS:MERCH_IMP(1.0.0),67,FGMY,TOT,M,2022-03-01,11226,AUD,3,,,11226000
ABS:MERCH_IMP(1.0.0),67,FGMY,TOT,M,2022-04-01,9803,AUD,3,,,9803000
ABS:MERCH_IMP(1.0.0),67,FGMY,TOT,M,2022-05-01,13675,AUD,3,,,13675000
ABS:MERCH_IMP(1.0.0),67,FGMY,TOT,M,2022-06-01,13393,AUD,3,,,13393000
ABS:MERCH_IMP(1.0.0),67,FGMY,TOT,M,2022-07-01,12441,AUD,3,,,12441000
ABS:MERCH_IMP(1.0.0),67,FGMY,TOT,M,2022-08-01,11968,AUD,3,,,11968000
ABS:MERCH_IMP(1.0.0),67,FGMY,TOT,M,2022-09-01,9613,AUD,3,,,9613000
ABS:MERCH_IMP(1.0.0),67,FGMY,TOT,M,2022-10-01,8751,AUD,3,,,8751000
ABS:MERCH_IMP(1.0.0),67,FGMY,TOT,M,2022-11-01,12513,AUD,3,,,12513000
ABS:MERCH_IMP(1.0.0),67,FGMY,TOT,M,2022-12-01,14581,AUD,3,,,14581000
ABS:MERCH_IMP(1.0.0),67,FGMY,TOT,M,2023-01-01,9534,AUD,3,,,9534000
ABS:MERCH_IMP(1.0.0),67,FGMY,TOT,M,2023-02-01,7575,AUD,3,,,7575000
ABS:MERCH_IMP(1.0.0),67,FGMY,TOT,M,2023-03-01,10054,AUD,3,,,10054000
ABS:MERCH_IMP(1.0.0),67,FGMY,TOT,M,2023-04-01,10888,AUD,3,,,10888000
ABS:MERCH_IMP(1.0.0),67,FGMY,TOT,M,2023-05-01,10454,AUD,3,,,10454000
ABS:MERCH_IMP(1.0.0),67,FGMY,TOT,M,2023-06-01,5996,AUD,3,,,5996000
ABS:MERCH_IMP(1.0.0),67,FGMY,TOT,M,2023-07-01,7413,AUD,3,,,7413000
ABS:MERCH_IMP(1.0.0),67,FGMY,TOT,M,2023-08-01,34153,AUD,3,,,34153000
ABS:MERCH_IMP(1.0.0),67,FGMY,TOT,M,2023-09-01,9131,AUD,3,,,9131000
ABS:MERCH_IMP(1.0.0),67,FGMY,TOT,M,2023-10-01,10041,AUD,3,,,10041000
ABS:MERCH_IMP(1.0.0),67,FGMY,TOT,M,2023-11-01,6907,AUD,3,,,6907000
ABS:MERCH_IMP(1.0.0),67,FGMY,TOT,M,2023-12-01,9803,AUD,3,,,9803000
ABS:MERCH_IMP(1.0.0),67,FGMY,TOT,M,2024-01-01,4647,AUD,3,,,4647000
ABS:MERCH_IMP(1.0.0),67,FGMY,TOT,M,2024-02-01,8176,AUD,3,,,8176000
ABS:MERCH_IMP(1.0.0),67,FGMY,TOT,M,2024-03-01,5350,AUD,3,,,5350000
ABS:MERCH_IMP(1.0.0),67,FGMY,TOT,M,2024-04-01,5802,AUD,3,,,5802000
ABS:MERCH_IMP(1.0.0),67,FGMY,TOT,M,2024-05-01,35352,AUD,3,,,35352000
ABS:MERCH_IMP(1.0.0),67,FGMY,TOT,M,2024-06-01,23124,AUD,3,,,23124000
ABS:MERCH_IMP(1.0.0),67,FGMY,TOT,M,2024-07-01,10306,AUD,3,,,10306000
ABS:MERCH_IMP(1.0.0),67,FGMY,TOT,M,2024-08-01,8569,AUD,3,,,8569000
ABS:MERCH_IMP(1.0.0),67,FGMY,TOT,M,2024-09-01,39707,AUD,3,,,39707000
ABS:MERCH_IMP(1.0.0),67,FGMY,TOT,M,2024-10-01,12355,AUD,3,,,12355000
ABS:MERCH_IMP(1.0.0),67,FGMY,TOT,M,2024-11-01,8108,AUD,3,,,8108000
ABS:MERCH_IMP(1.0.0),67,FGMY,TOT,M,2024-12-01,9441,AUD,3,,,9441000
ABS:MERCH_IMP(1.0.0),67,FGMY,TOT,M,2025-01-01,10171,AUD,3,,,10171000
ABS:MERCH_IMP(1.0.0),67,FGMY,TOT,M,2025-02-01,7484,AUD,3,,,7484000
ABS:MERCH_IMP(1.0.0),67,FGMY,TOT,M,2025-03-01,8808,AUD,3,,,8808000
ABS:MERCH_IMP(1.0.0),67,FGMY,TOT,M,2025-04-01,9459,AUD,3,,,9459000
ABS:MERCH_IMP(1.0.0),67,FGMY,TOT,M,2025-05-01,19841,AUD,3,,,19841000
ABS:MERCH_IMP(1.0.0),67,FGMY,TOT,M,2025-06-01,9411,AUD,3,,,9411000
ABS:MERCH_IMP(1.0.0),67,FGMY,TOT,M,2025-07-01,9812,AUD,3,,,9812000
ABS:MERCH_IMP(1.0.0),67,FGMY,TOT,M,2025-08-01,9926,AUD,3,,,9926000
ABS:MERCH_IMP(1.0.0),67,FGMY,TOT,M,2025-09-01,8921,AUD,3,,,8921000
ABS:MERCH_IMP(1.0.0),67,FGMY,TOT,M,2025-10-01,9274,AUD,3,,,9274000
ABS:MERCH_IMP(1.0.0),67,FGMY,TOT,M,2025-11-01,9705,AUD,3,,,9705000
ABS:MERCH_IMP(1.0.0),67,FGMY,TOT,M,2025-12-01,8937,AUD,3,,,8937000
ABS:MERCH_IMP(1.0.0),67,FGMY,TOT,M,2026-01-01,8299,AUD,3,,,8299000
ABS:MERCH_IMP(1.0.0),67,FGMY,TOT,M,2026-02-01,7453,AUD,3,,,7453000
ABS:MERCH_IMP(1.0.0),67,FGMY,TOT,M,2026-03-01,6534,AUD,3,,,6534000
ABS:MERCH_IMP(1.0.0),67,FGMY,TOT,M,2026-04-01,6577,AUD,3,,,6577000
ABS:MERCH_IMP(1.0.0),67,FGMY,TOT,M,2026-05-01,6662,AUD,3,,,6662000
ABS:MERCH_IMP(1.0.0),67,FGMY,TOT,M,2026-06-01,6112,AUD,3,,,6112000
ABS:MERCH_IMP(1.0.0),67,FGMY,TOT,M,2026-07-01,8124,AUD,3,,,8124000
ABS:MERCH_IMP(1.0.0),67,BRUN,TOT,M,2017-05-01,2,AUD,3,,,2000
ABS:MERCH_IMP(1.0.0),67,BRUN,TOT,M,2017-12-01,323,AUD,3,,,323000
ABS:MERCH_IMP(1.0.0),67,BRUN,TOT,M,2018-03-01,238,AUD,3,,,238000
ABS:MERCH_IMP(1.0.0),67,BRUN,TOT,M,2018-04-01,2,AUD,3,,,2000
ABS:MERCH_IMP(1.0.0),67,BRUN,TOT,M,2024-01-01,4,AUD,3,,,4000
ABS:MERCH_IMP(1.0.0),67,GUIN,TOT,M,2015-07-01,10,AUD,3,,,10000
ABS:MERCH_IMP(1.0.0),67,THAI,TOT,M,2015-01-01,2290,AUD,3,,,2290000
ABS:MERCH_IMP(1.0.0),67,THAI,TOT,M,2015-02-01,2761,AUD,3,,,2761000
ABS:MERCH_IMP(1.0.0),67,THAI,TOT,M,2015-03-01,2405,AUD,3,,,2405000
ABS:MERCH_IMP(1.0.0),67,THAI,TOT,M,2015-04-01,3342,AUD,3,,,3342000
ABS:MERCH_IMP(1.0.0),67,THAI,TOT,M,2015-05-01,1516,AUD,3,,,1516000
ABS:MERCH_IMP(1.0.0),67,THAI,TOT,M,2015-06-01,3484,AUD,3,,,3484000
ABS:MERCH_IMP(1.0.0),67,THAI,TOT,M,2015-07-01,2398,AUD,3,,,2398000
ABS:MERCH_IMP(1.0.0),67,THAI,TOT,M,2015-08-01,1809,AUD,3,,,1809000
ABS:MERCH_IMP(1.0.0),67,THAI,TOT,M,2015-09-01,2416,AUD,3,,,2416000
ABS:MERCH_IMP(1.0.0),67,THAI,TOT,M,2015-10-01,2341,AUD,3,,,2341000
ABS:MERCH_IMP(1.0.0),67,THAI,TOT,M,2015-11-01,1961,AUD,3,,,1961000
ABS:MERCH_IMP(1.0.0),67,THAI,TOT,M,2015-12-01,2006,AUD,3,,,2006000
ABS:MERCH_IMP(1.0.0),67,THAI,TOT,M,2016-01-01,2110,AUD,3,,,2110000
ABS:MERCH_IMP(1.0.0),67,THAI,TOT,M,2016-02-01,2921,AUD,3,,,2921000
ABS:MERCH_IMP(1.0.0),67,THAI,TOT,M,2016-03-01,2394,AUD,3,,,2394000
ABS:MERCH_IMP(1.0.0),67,THAI,TOT,M,2016-04-01,1774,AUD,3,,,1774000
ABS:MERCH_IMP(1.0.0),67,THAI,TOT,M,2016-05-01,1552,AUD,3,,,1552000
ABS:MERCH_IMP(1.0.0),67,THAI,TOT,M,2016-06-01,2740,AUD,3,,,2740000
ABS:MERCH_IMP(1.0.0),67,THAI,TOT,M,2016-07-01,2183,AUD,3,,,2183000
ABS:MERCH_IMP(1.0.0),67,THAI,TOT,M,2016-08-01,3468,AUD,3,,,3468000
ABS:MERCH_IMP(1.0.0),67,THAI,TOT,M,2016-09-01,3158,AUD,3,,,3158000
ABS:MERCH_IMP(1.0.0),67,THAI,TOT,M,2016-10-01,3285,AUD,3,,,3285000
ABS:MERCH_IMP(1.0.0),67,THAI,TOT,M,2016-11-01,2931,AUD,3,,,2931000
ABS:MERCH_IMP(1.0.0),67,THAI,TOT,M,2016-12-01,2948,AUD,3,,,2948000
ABS:MERCH_IMP(1.0.0),67,THAI,TOT,M,2017-01-01,4056,AUD,3,,,4056000
ABS:MERCH_IMP(1.0.0),67,THAI,TOT,M,2017-02-01,4114,AUD,3,,,4114000
ABS:MERCH_IMP(1.0.0),67,THAI,TOT,M,2017-03-01,2791,AUD,3,,,2791000
ABS:MERCH_IMP(1.0.0),67,THAI,TOT,M,2017-04-01,2448,AUD,3,,,2448000
ABS:MERCH_IMP(1.0.0),67,THAI,TOT,M,2017-05-01,2361,AUD,3,,,2361000
ABS:MERCH_IMP(1.0.0),67,THAI,TOT,M,2017-06-01,2067,AUD,3,,,2067000
ABS:MERCH_IMP(1.0.0),67,THAI,TOT,M,2017-07-01,1045,AUD,3,,,1045000
ABS:MERCH_IMP(1.0.0),67,THAI,TOT,M,2017-08-01,1501,AUD,3,,,1501000
ABS:MERCH_IMP(1.0.0),67,THAI,TOT,M,2017-09-01,3152,AUD,3,,,3152000
ABS:MERCH_IMP(1.0.0),67,THAI,TOT,M,2017-10-01,3073,AUD,3,,,3073000
ABS:MERCH_IMP(1.0.0),67,THAI,TOT,M,2017-11-01,2044,AUD,3,,,2044000
ABS:MERCH_IMP(1.0.0),67,THAI,TOT,M,2017-12-01,2023,AUD,3,,,2023000
ABS:MERCH_IMP(1.0.0),67,THAI,TOT,M,2018-01-01,1730,AUD,3,,,1730000
ABS:MERCH_IMP(1.0.0),67,THAI,TOT,M,2018-02-01,1711,AUD,3,,,1711000
ABS:MERCH_IMP(1.0.0),67,THAI,TOT,M,2018-03-01,1845,AUD,3,,,1845000
ABS:MERCH_IMP(1.0.0),67,THAI,TOT,M,2018-04-01,2131,AUD,3,,,2131000
ABS:MERCH_IMP(1.0.0),67,THAI,TOT,M,2018-05-01,5557,AUD,3,,,5557000
ABS:MERCH_IMP(1.0.0),67,THAI,TOT,M,2018-06-01,1965,AUD,3,,,1965000
ABS:MERCH_IMP(1.0.0),67,THAI,TOT,M,2018-07-01,2151,AUD,3,,,2151000
ABS:MERCH_IMP(1.0.0),67,THAI,TOT,M,2018-08-01,3147,AUD,3,,,3147000
ABS:MERCH_IMP(1.0.0),67,THAI,TOT,M,2018-09-01,1196,AUD,3,,,1196000
ABS:MERCH_IMP(1.0.0),67,THAI,TOT,M,2018-10-01,2292,AUD,3,,,2292000
ABS:MERCH_IMP(1.0.0),67,THAI,TOT,M,2018-11-01,1056,AUD,3,,,1056000
ABS:MERCH_IMP(1.0.0),67,THAI,TOT,M,2018-12-01,1046,AUD,3,,,1046000
ABS:MERCH_IMP(1.0.0),67,THAI,TOT,M,2019-01-01,1710,AUD,3,,,1710000
ABS:MERCH_IMP(1.0.0),67,THAI,TOT,M,2019-02-01,1697,AUD,3,,,1697000
ABS:MERCH_IMP(1.0.0),67,THAI,TOT,M,2019-03-01,1757,AUD,3,,,1757000
ABS:MERCH_IMP(1.0.0),67,THAI,TOT,M,2019-04-01,1456,AUD,3,,,1456000
ABS:MERCH_IMP(1.0.0),67,THAI,TOT,M,2019-05-01,1151,AUD,3,,,1151000
ABS:MERCH_IMP(1.0.0),67,THAI,TOT,M,2019-06-01,1413,AUD,3,,,1413000
ABS:MERCH_IMP(1.0.0),67,THAI,TOT,M,2019-07-01,1804,AUD,3,,,1804000
ABS:MERCH_IMP(1.0.0),67,THAI,TOT,M,2019-08-01,1492,AUD,3,,,1492000
ABS:MERCH_IMP(1.0.0),67,THAI,TOT,M,2019-09-01,2095,AUD,3,,,2095000
ABS:MERCH_IMP(1.0.0),67,THAI,TOT,M,2019-10-01,2066,AUD,3,,,2066000
ABS:MERCH_IMP(1.0.0),67,THAI,TOT,M,2019-11-01,1341,AUD,3,,,1341000
ABS:MERCH_IMP(1.0.0),67,THAI,TOT,M,2019-12-01,1564,AUD,3,,,1564000
ABS:MERCH_IMP(1.0.0),67,THAI,TOT,M,2020-01-01,1517,AUD,3,,,1517000
ABS:MERCH_IMP(1.0.0),67,THAI,TOT,M,2020-02-01,1433,AUD,3,,,1433000
ABS:MERCH_IMP(1.0.0),67,THAI,TOT,M,2020-03-01,1426,AUD,3,,,1426000
ABS:MERCH_IMP(1.0.0),67,THAI,TOT,M,2020-04-01,1697,AUD,3,,,1697000
ABS:MERCH_IMP(1.0.0),67,THAI,TOT,M,2020-05-01,1652,AUD,3,,,1652000
ABS:MERCH_IMP(1.0.0),67,THAI,TOT,M,2020-06-01,1775,AUD,3,,,1775000
ABS:MERCH_IMP(1.0.0),67,THAI,TOT,M,2020-07-01,1887,AUD,3,,,1887000
ABS:MERCH_IMP(1.0.0),67,THAI,TOT,M,2020-08-01,1433,AUD,3,,,1433000
ABS:MERCH_IMP(1.0.0),67,THAI,TOT,M,2020-09-01,1875,AUD,3,,,1875000
ABS:MERCH_IMP(1.0.0),67,THAI,TOT,M,2020-10-01,1755,AUD,3,,,1755000
ABS:MERCH_IMP(1.0.0),67,THAI,TOT,M,2020-11-01,1295,AUD,3,,,1295000
ABS:MERCH_IMP(1.0.0),67,THAI,TOT,M,2020-12-01,1880,AUD,3,,,1880000
ABS:MERCH_IMP(1.0.0),67,THAI,TOT,M,2021-01-01,1127,AUD,3,,,1127000
ABS:MERCH_IMP(1.0.0),67,THAI,TOT,M,2021-02-01,1239,AUD,3,,,1239000
ABS:MERCH_IMP(1.0.0),67,THAI,TOT,M,2021-03-01,2430,AUD,3,,,2430000
ABS:MERCH_IMP(1.0.0),67,THAI,TOT,M,2021-04-01,1300,AUD,3,,,1300000
ABS:MERCH_IMP(1.0.0),67,THAI,TOT,M,2021-05-01,1651,AUD,3,,,1651000
ABS:MERCH_IMP(1.0.0),67,THAI,TOT,M,2021-06-01,1772,AUD,3,,,1772000
ABS:MERCH_IMP(1.0.0),67,THAI,TOT,M,2021-07-01,1733,AUD,3,,,1733000
ABS:MERCH_IMP(1.0.0),67,THAI,TOT,M,2021-08-01,2342,AUD,3,,,2342000
ABS:MERCH_IMP(1.0.0),67,THAI,TOT,M,2021-09-01,2617,AUD,3,,,2617000
ABS:MERCH_IMP(1.0.0),67,THAI,TOT,M,2021-10-01,2491,AUD,3,,,2491000
ABS:MERCH_IMP(1.0.0),67,THAI,TOT,M,2021-11-01,2398,AUD,3,,,2398000
ABS:MERCH_IMP(1.0.0),67,THAI,TOT,M,2021-12-01,1534,AUD,3,,,1534000
ABS:MERCH_IMP(1.0.0),67,THAI,TOT,M,2022-01-01,2603,AUD,3,,,2603000
ABS:MERCH_IMP(1.0.0),67,THAI,TOT,M,2022-02-01,2234,AUD,3,,,2234000
ABS:MERCH_IMP(1.0.0),67,THAI,TOT,M,2022-03-01,3257,AUD,3,,,3257000
ABS:MERCH_IMP(1.0.0),67,THAI,TOT,M,2022-04-01,2201,AUD,3,,,2201000
ABS:MERCH_IMP(1.0.0),67,THAI,TOT,M,2022-05-01,2084,AUD,3,,,2084000
ABS:MERCH_IMP(1.0.0),67,THAI,TOT,M,2022-06-01,1358,AUD,3,,,1358000
ABS:MERCH_IMP(1.0.0),67,THAI,TOT,M,2022-07-01,1341,AUD,3,,,1341000
ABS:MERCH_IMP(1.0.0),67,THAI,TOT,M,2022-08-01,2515,AUD,3,,,2515000
ABS:MERCH_IMP(1.0.0),67,THAI,TOT,M,2022-09-01,1842,AUD,3,,,1842000
ABS:MERCH_IMP(1.0.0),67,THAI,TOT,M,2022-10-01,1308,AUD,3,,,1308000
ABS:MERCH_IMP(1.0.0),67,THAI,TOT,M,2022-11-01,3041,AUD,3,,,3041000
ABS:MERCH_IMP(1.0.0),67,THAI,TOT,M,2022-12-01,1779,AUD,3,,,1779000
ABS:MERCH_IMP(1.0.0),67,THAI,TOT,M,2023-01-01,2475,AUD,3,,,2475000
ABS:MERCH_IMP(1.0.0),67,THAI,TOT,M,2023-02-01,1958,AUD,3,,,1958000
ABS:MERCH_IMP(1.0.0),67,THAI,TOT,M,2023-03-01,4668,AUD,3,,,4668000
ABS:MERCH_IMP(1.0.0),67,THAI,TOT,M,2023-04-01,1974,AUD,3,,,1974000
ABS:MERCH_IMP(1.0.0),67,THAI,TOT,M,2023-05-01,3914,AUD,3,,,3914000
ABS:MERCH_IMP(1.0.0),67,THAI,TOT,M,2023-06-01,3409,AUD,3,,,3409000
ABS:MERCH_IMP(1.0.0),67,THAI,TOT,M,2023-07-01,2666,AUD,3,,,2666000
ABS:MERCH_IMP(1.0.0),67,THAI,TOT,M,2023-08-01,3627,AUD,3,,,3627000
ABS:MERCH_IMP(1.0.0),67,THAI,TOT,M,2023-09-01,6810,AUD,3,,,6810000
ABS:MERCH_IMP(1.0.0),67,THAI,TOT,M,2023-10-01,4937,AUD,3,,,4937000
ABS:MERCH_IMP(1.0.0),67,THAI,TOT,M,2023-11-01,3578,AUD,3,,,3578000
ABS:MERCH_IMP(1.0.0),67,THAI,TOT,M,2023-12-01,1558,AUD,3,,,1558000
ABS:MERCH_IMP(1.0.0),67,THAI,TOT,M,2024-01-01,4300,AUD,3,,,4300000
ABS:MERCH_IMP(1.0.0),67,THAI,TOT,M,2024-02-01,4626,AUD,3,,,4626000
ABS:MERCH_IMP(1.0.0),67,THAI,TOT,M,2024-03-01,4988,AUD,3,,,4988000
ABS:MERCH_IMP(1.0.0),67,THAI,TOT,M,2024-04-01,2475,AUD,3,,,2475000
ABS:MERCH_IMP(1.0.0),67,THAI,TOT,M,2024-05-01,8044,AUD,3,,,8044000
ABS:MERCH_IMP(1.0.0),67,THAI,TOT,M,2024-06-01,2121,AUD,3,,,2121000
ABS:MERCH_IMP(1.0.0),67,THAI,TOT,M,2024-07-01,2997,AUD,3,,,2997000
ABS:MERCH_IMP(1.0.0),67,THAI,TOT,M,2024-08-01,9788,AUD,3,,,9788000
ABS:MERCH_IMP(1.0.0),67,THAI,TOT,M,2024-09-01,8211,AUD,3,,,8211000
ABS:MERCH_IMP(1.0.0),67,THAI,TOT,M,2024-10-01,2576,AUD,3,,,2576000
ABS:MERCH_IMP(1.0.0),67,THAI,TOT,M,2024-11-01,8221,AUD,3,,,8221000
ABS:MERCH_IMP(1.0.0),67,THAI,TOT,M,2024-12-01,3683,AUD,3,,,3683000
ABS:MERCH_IMP(1.0.0),67,THAI,TOT,M,2025-01-01,2219,AUD,3,,,2219000
ABS:MERCH_IMP(1.0.0),67,THAI,TOT,M,2025-02-01,4812,AUD,3,,,4812000
ABS:MERCH_IMP(1.0.0),67,THAI,TOT,M,2025-03-01,14552,AUD,3,,,14552000
ABS:MERCH_IMP(1.0.0),67,THAI,TOT,M,2025-04-01,3281,AUD,3,,,3281000
ABS:MERCH_IMP(1.0.0),67,THAI,TOT,M,2025-05-01,3842,AUD,3,,,3842000
ABS:MERCH_IMP(1.0.0),67,THAI,TOT,M,2025-06-01,3615,AUD,3,,,3615000
ABS:MERCH_IMP(1.0.0),67,THAI,TOT,M,2025-07-01,6149,AUD,3,,,6149000
ABS:MERCH_IMP(1.0.0),67,THAI,TOT,M,2025-08-01,3099,AUD,3,,,3099000
ABS:MERCH_IMP(1.0.0),67,THAI,TOT,M,2025-09-01,7452,AUD,3,,,7452000
ABS:MERCH_IMP(1.0.0),67,THAI,TOT,M,2025-10-01,2158,AUD,3,,,2158000
ABS:MERCH_IMP(1.0.0),67,THAI,TOT,M,2025-11-01,2385,AUD,3,,,2385000
ABS:MERCH_IMP(1.0.0),67,THAI,TOT,M,2025-12-01,2768,AUD,3,,,2768000
ABS:MERCH_IMP(1.0.0),67,THAI,TOT,M,2026-01-01,1957,AUD,3,,,1957000
ABS:MERCH_IMP(1.0.0),67,THAI,TOT,M,2026-02-01,1681,AUD,3,,,1681000
ABS:MERCH_IMP(1.0.0),67,THAI,TOT,M,2026-03-01,2655,AUD,3,,,2655000
ABS:MERCH_IMP(1.0.0),67,THAI,TOT,M,2026-04-01,1429,AUD,3,,,1429000
ABS:MERCH_IMP(1.0.0),67,THAI,TOT,M,2026-05-01,1774,AUD,3,,,1774000
ABS:MERCH_IMP(1.0.0),67,THAI,TOT,M,2026-06-01,1911,AUD,3,,,1911000
ABS:MERCH_IMP(1.0.0),67,THAI,TOT,M,2026-07-01,2187,AUD,3,,,2187000
ABS:MERCH_IMP(1.0.0),67,UZBK,TOT,M,2019-01-01,1,AUD,3,,,1000
ABS:MERCH_IMP(1.0.0),67,RKOR,TOT,M,2015-01-01,12963,AUD,3,,,12963000
ABS:MERCH_IMP(1.0.0),67,RKOR,TOT,M,2015-02-01,9729,AUD,3,,,9729000
ABS:MERCH_IMP(1.0.0),67,RKOR,TOT,M,2015-03-01,8808,AUD,3,,,8808000
ABS:MERCH_IMP(1.0.0),67,RKOR,TOT,M,2015-04-01,7264,AUD,3,,,7264000
ABS:MERCH_IMP(1.0.0),67,RKOR,TOT,M,2015-05-01,7869,AUD,3,,,7869000
ABS:MERCH_IMP(1.0.0),67,RKOR,TOT,M,2015-06-01,11410,AUD,3,,,11410000
ABS:MERCH_IMP(1.0.0),67,RKOR,TOT,M,2015-07-01,8007,AUD,3,,,8007000
ABS:MERCH_IMP(1.0.0),67,RKOR,TOT,M,2015-08-01,5575,AUD,3,,,5575000
ABS:MERCH_IMP(1.0.0),67,RKOR,TOT,M,2015-09-01,11782,AUD,3,,,11782000
ABS:MERCH_IMP(1.0.0),67,RKOR,TOT,M,2015-10-01,9284,AUD,3,,,9284000
ABS:MERCH_IMP(1.0.0),67,RKOR,TOT,M,2015-11-01,11966,AUD,3,,,11966000
ABS:MERCH_IMP(1.0.0),67,RKOR,TOT,M,2015-12-01,6509,AUD,3,,,6509000
ABS:MERCH_IMP(1.0.0),67,RKOR,TOT,M,2016-01-01,9222,AUD,3,,,9222000
ABS:MERCH_IMP(1.0.0),67,RKOR,TOT,M,2016-02-01,4497,AUD,3,,,4497000
ABS:MERCH_IMP(1.0.0),67,RKOR,TOT,M,2016-03-01,9759,AUD,3,,,9759000
ABS:MERCH_IMP(1.0.0),67,RKOR,TOT,M,2016-04-01,6913,AUD,3,,,6913000
ABS:MERCH_IMP(1.0.0),67,RKOR,TOT,M,2016-05-01,6276,AUD,3,,,6276000
ABS:MERCH_IMP(1.0.0),67,RKOR,TOT,M,2016-06-01,3584,AUD,3,,,3584000
ABS:MERCH_IMP(1.0.0),67,RKOR,TOT,M,2016-07-01,5782,AUD,3,,,5782000
ABS:MERCH_IMP(1.0.0),67,RKOR,TOT,M,2016-08-01,5402,AUD,3,,,5402000
ABS:MERCH_IMP(1.0.0),67,RKOR,TOT,M,2016-09-01,9504,AUD,3,,,9504000
ABS:MERCH_IMP(1.0.0),67,RKOR,TOT,M,2016-10-01,5172,AUD,3,,,5172000
ABS:MERCH_IMP(1.0.0),67,RKOR,TOT,M,2016-11-01,7452,AUD,3,,,7452000
ABS:MERCH_IMP(1.0.0),67,RKOR,TOT,M,2016-12-01,6418,AUD,3,,,6418000
ABS:MERCH_IMP(1.0.0),67,RKOR,TOT,M,2017-01-01,11256,AUD,3,,,11256000
ABS:MERCH_IMP(1.0.0),67,RKOR,TOT,M,2017-02-01,6426,AUD,3,,,6426000
ABS:MERCH_IMP(1.0.0),67,RKOR,TOT,M,2017-03-01,6921,AUD,3,,,6921000
ABS:MERCH_IMP(1.0.0),67,RKOR,TOT,M,2017-04-01,7481,AUD,3,,,7481000
ABS:MERCH_IMP(1.0.0),67,RKOR,TOT,M,2017-05-01,7141,AUD,3,,,7141000
ABS:MERCH_IMP(1.0.0),67,RKOR,TOT,M,2017-06-01,8152,AUD,3,,,8152000
ABS:MERCH_IMP(1.0.0),67,RKOR,TOT,M,2017-07-01,11797,AUD,3,,,11797000
ABS:MERCH_IMP(1.0.0),67,RKOR,TOT,M,2017-08-01,11125,AUD,3,,,11125000
ABS:MERCH_IMP(1.0.0),67,RKOR,TOT,M,2017-09-01,10694,AUD,3,,,10694000
ABS:MERCH_IMP(1.0.0),67,RKOR,TOT,M,2017-10-01,12507,AUD,3,,,12507000
ABS:MERCH_IMP(1.0.0),67,RKOR,TOT,M,2017-11-01,10397,AUD,3,,,10397000
ABS:MERCH_IMP(1.0.0),67,RKOR,TOT,M,2017-12-01,11682,AUD,3,,,11682000
ABS:MERCH_IMP(1.0.0),67,RKOR,TOT,M,2018-01-01,8052,AUD,3,,,8052000
ABS:MERCH_IMP(1.0.0),67,RKOR,TOT,M,2018-02-01,9546,AUD,3,,,9546000
ABS:MERCH_IMP(1.0.0),67,RKOR,TOT,M,2018-03-01,11143,AUD,3,,,11143000
ABS:MERCH_IMP(1.0.0),67,RKOR,TOT,M,2018-04-01,14458,AUD,3,,,14458000
ABS:MERCH_IMP(1.0.0),67,RKOR,TOT,M,2018-05-01,14791,AUD,3,,,14791000
ABS:MERCH_IMP(1.0.0),67,RKOR,TOT,M,2018-06-01,8260,AUD,3,,,8260000
ABS:MERCH_IMP(1.0.0),67,RKOR,TOT,M,2018-07-01,10059,AUD,3,,,10059000
ABS:MERCH_IMP(1.0.0),67,RKOR,TOT,M,2018-08-01,17944,AUD,3,,,17944000
ABS:MERCH_IMP(1.0.0),67,RKOR,TOT,M,2018-09-01,8955,AUD,3,,,8955000
ABS:MERCH_IMP(1.0.0),67,RKOR,TOT,M,2018-10-01,11698,AUD,3,,,11698000
ABS:MERCH_IMP(1.0.0),67,RKOR,TOT,M,2018-11-01,13308,AUD,3,,,13308000
ABS:MERCH_IMP(1.0.0),67,RKOR,TOT,M,2018-12-01,12498,AUD,3,,,12498000
ABS:MERCH_IMP(1.0.0),67,RKOR,TOT,M,2019-01-01,10187,AUD,3,,,10187000
ABS:MERCH_IMP(1.0.0),67,RKOR,TOT,M,2019-02-01,6101,AUD,3,,,6101000
ABS:MERCH_IMP(1.0.0),67,RKOR,TOT,M,2019-03-01,9143,AUD,3,,,9143000
ABS:MERCH_IMP(1.0.0),67,RKOR,TOT,M,2019-04-01,8113,AUD,3,,,8113000
ABS:MERCH_IMP(1.0.0),67,RKOR,TOT,M,2019-05-01,7732,AUD,3,,,7732000
ABS:MERCH_IMP(1.0.0),67,RKOR,TOT,M,2019-06-01,6558,AUD,3,,,6558000
ABS:MERCH_IMP(1.0.0),67,RKOR,TOT,M,2019-07-01,7099,AUD,3,,,7099000
ABS:MERCH_IMP(1.0.0),67,RKOR,TOT,M,2019-08-01,4840,AUD,3,,,4840000
ABS:MERCH_IMP(1.0.0),67,RKOR,TOT,M,2019-09-01,6632,AUD,3,,,6632000
ABS:MERCH_IMP(1.0.0),67,RKOR,TOT,M,2019-10-01,7218,AUD,3,,,7218000
ABS:MERCH_IMP(1.0.0),67,RKOR,TOT,M,2019-11-01,5764,AUD,3,,,5764000
ABS:MERCH_IMP(1.0.0),67,RKOR,TOT,M,2019-12-01,5893,AUD,3,,,5893000
ABS:MERCH_IMP(1.0.0),67,RKOR,TOT,M,2020-01-01,6583,AUD,3,,,6583000
ABS:MERCH_IMP(1.0.0),67,RKOR,TOT,M,2020-02-01,4475,AUD,3,,,4475000
ABS:MERCH_IMP(1.0.0),67,RKOR,TOT,M,2020-03-01,9929,AUD,3,,,9929000
ABS:MERCH_IMP(1.0.0),67,RKOR,TOT,M,2020-04-01,8884,AUD,3,,,8884000
ABS:MERCH_IMP(1.0.0),67,RKOR,TOT,M,2020-05-01,8448,AUD,3,,,8448000
ABS:MERCH_IMP(1.0.0),67,RKOR,TOT,M,2020-06-01,5788,AUD,3,,,5788000
ABS:MERCH_IMP(1.0.0),67,RKOR,TOT,M,2020-07-01,6519,AUD,3,,,6519000
ABS:MERCH_IMP(1.0.0),67,RKOR,TOT,M,2020-08-01,5107,AUD,3,,,5107000
ABS:MERCH_IMP(1.0.0),67,RKOR,TOT,M,2020-09-01,5450,AUD,3,,,5450000
ABS:MERCH_IMP(1.0.0),67,RKOR,TOT,M,2020-10-01,7569,AUD,3,,,7569000
ABS:MERCH_IMP(1.0.0),67,RKOR,TOT,M,2020-11-01,7690,AUD,3,,,7690000
ABS:MERCH_IMP(1.0.0),67,RKOR,TOT,M,2020-12-01,7874,AUD,3,,,7874000
ABS:MERCH_IMP(1.0.0),67,RKOR,TOT,M,2021-01-01,4205,AUD,3,,,4205000
ABS:MERCH_IMP(1.0.0),67,RKOR,TOT,M,2021-02-01,5886,AUD,3,,,5886000
ABS:MERCH_IMP(1.0.0),67,RKOR,TOT,M,2021-03-01,6546,AUD,3,,,6546000
ABS:MERCH_IMP(1.0.0),67,RKOR,TOT,M,2021-04-01,15915,AUD,3,,,15915000
ABS:MERCH_IMP(1.0.0),67,RKOR,TOT,M,2021-05-01,4455,AUD,3,,,4455000
ABS:MERCH_IMP(1.0.0),67,RKOR,TOT,M,2021-06-01,6424,AUD,3,,,6424000
ABS:MERCH_IMP(1.0.0),67,RKOR,TOT,M,2021-07-01,6767,AUD,3,,,6767000
ABS:MERCH_IMP(1.0.0),67,RKOR,TOT,M,2021-08-01,8913,AUD,3,,,8913000
ABS:MERCH_IMP(1.0.0),67,RKOR,TOT,M,2021-09-01,5896,AUD,3,,,5896000
ABS:MERCH_IMP(1.0.0),67,RKOR,TOT,M,2021-10-01,10309,AUD,3,,,10309000
ABS:MERCH_IMP(1.0.0),67,RKOR,TOT,M,2021-11-01,11009,AUD,3,,,11009000
ABS:MERCH_IMP(1.0.0),67,RKOR,TOT,M,2021-12-01,28509,AUD,3,,,28509000
ABS:MERCH_IMP(1.0.0),67,RKOR,TOT,M,2022-01-01,18634,AUD,3,,,18634000
ABS:MERCH_IMP(1.0.0),67,RKOR,TOT,M,2022-02-01,10251,AUD,3,,,10251000
ABS:MERCH_IMP(1.0.0),67,RKOR,TOT,M,2022-03-01,13610,AUD,3,,,13610000
ABS:MERCH_IMP(1.0.0),67,RKOR,TOT,M,2022-04-01,8529,AUD,3,,,8529000
ABS:MERCH_IMP(1.0.0),67,RKOR,TOT,M,2022-05-01,20837,AUD,3,,,20837000
ABS:MERCH_IMP(1.0.0),67,RKOR,TOT,M,2022-06-01,36061,AUD,3,,,36061000
ABS:MERCH_IMP(1.0.0),67,RKOR,TOT,M,2022-07-01,18809,AUD,3,,,18809000
ABS:MERCH_IMP(1.0.0),67,RKOR,TOT,M,2022-08-01,18734,AUD,3,,,18734000
ABS:MERCH_IMP(1.0.0),67,RKOR,TOT,M,2022-09-01,11964,AUD,3,,,11964000
ABS:MERCH_IMP(1.0.0),67,RKOR,TOT,M,2022-10-01,17202,AUD,3,,,17202000
ABS:MERCH_IMP(1.0.0),67,RKOR,TOT,M,2022-11-01,17505,AUD,3,,,17505000
ABS:MERCH_IMP(1.0.0),67,RKOR,TOT,M,2022-12-01,7778,AUD,3,,,7778000
ABS:MERCH_IMP(1.0.0),67,RKOR,TOT,M,2023-01-01,9750,AUD,3,,,9750000
ABS:MERCH_IMP(1.0.0),67,RKOR,TOT,M,2023-02-01,12230,AUD,3,,,12230000
ABS:MERCH_IMP(1.0.0),67,RKOR,TOT,M,2023-03-01,13233,AUD,3,,,13233000
ABS:MERCH_IMP(1.0.0),67,RKOR,TOT,M,2023-04-01,8823,AUD,3,,,8823000
ABS:MERCH_IMP(1.0.0),67,RKOR,TOT,M,2023-05-01,15697,AUD,3,,,15697000
ABS:MERCH_IMP(1.0.0),67,RKOR,TOT,M,2023-06-01,12708,AUD,3,,,12708000
ABS:MERCH_IMP(1.0.0),67,RKOR,TOT,M,2023-07-01,16522,AUD,3,,,16522000
ABS:MERCH_IMP(1.0.0),67,RKOR,TOT,M,2023-08-01,13940,AUD,3,,,13940000
ABS:MERCH_IMP(1.0.0),67,RKOR,TOT,M,2023-09-01,17378,AUD,3,,,17378000
ABS:MERCH_IMP(1.0.0),67,RKOR,TOT,M,2023-10-01,25608,AUD,3,,,25608000
ABS:MERCH_IMP(1.0.0),67,RKOR,TOT,M,2023-11-01,20171,AUD,3,,,20171000
ABS:MERCH_IMP(1.0.0),67,RKOR,TOT,M,2023-12-01,11620,AUD,3,,,11620000
ABS:MERCH_IMP(1.0.0),67,RKOR,TOT,M,2024-01-01,18140,AUD,3,,,18140000
ABS:MERCH_IMP(1.0.0),67,RKOR,TOT,M,2024-02-01,17665,AUD,3,,,17665000
ABS:MERCH_IMP(1.0.0),67,RKOR,TOT,M,2024-03-01,18801,AUD,3,,,18801000
ABS:MERCH_IMP(1.0.0),67,RKOR,TOT,M,2024-04-01,12964,AUD,3,,,12964000
ABS:MERCH_IMP(1.0.0),67,RKOR,TOT,M,2024-05-01,16813,AUD,3,,,16813000
ABS:MERCH_IMP(1.0.0),67,RKOR,TOT,M,2024-06-01,14931,AUD,3,,,14931000
ABS:MERCH_IMP(1.0.0),67,RKOR,TOT,M,2024-07-01,21494,AUD,3,,,21494000
ABS:MERCH_IMP(1.0.0),67,RKOR,TOT,M,2024-08-01,18864,AUD,3,,,18864000
ABS:MERCH_IMP(1.0.0),67,RKOR,TOT,M,2024-09-01,11207,AUD,3,,,11207000
ABS:MERCH_IMP(1.0.0),67,RKOR,TOT,M,2024-10-01,14541,AUD,3,,,14541000
ABS:MERCH_IMP(1.0.0),67,RKOR,TOT,M,2024-11-01,15378,AUD,3,,,15378000
ABS:MERCH_IMP(1.0.0),67,RKOR,TOT,M,2024-12-01,16829,AUD,3,,,16829000
ABS:MERCH_IMP(1.0.0),67,RKOR,TOT,M,2025-01-01,18886,AUD,3,,,18886000
ABS:MERCH_IMP(1.0.0),67,RKOR,TOT,M,2025-02-01,19118,AUD,3,,,19118000
ABS:MERCH_IMP(1.0.0),67,RKOR,TOT,M,2025-03-01,21562,AUD,3,,,21562000
ABS:MERCH_IMP(1.0.0),67,RKOR,TOT,M,2025-04-01,17256,AUD,3,,,17256000
ABS:MERCH_IMP(1.0.0),67,RKOR,TOT,M,2025-05-01,16373,AUD,3,,,16373000
ABS:MERCH_IMP(1.0.0),67,RKOR,TOT,M,2025-06-01,15867,AUD,3,,,15867000
ABS:MERCH_IMP(1.0.0),67,RKOR,TOT,M,2025-07-01,16722,AUD,3,,,16722000
ABS:MERCH_IMP(1.0.0),67,RKOR,TOT,M,2025-08-01,14555,AUD,3,,,14555000
ABS:MERCH_IMP(1.0.0),67,RKOR,TOT,M,2025-09-01,23835,AUD,3,,,23835000
ABS:MERCH_IMP(1.0.0),67,RKOR,TOT,M,2025-10-01,22770,AUD,3,,,22770000
ABS:MERCH_IMP(1.0.0),67,RKOR,TOT,M,2025-11-01,26356,AUD,3,,,26356000
ABS:MERCH_IMP(1.0.0),67,RKOR,TOT,M,2025-12-01,18831,AUD,3,,,18831000
ABS:MERCH_IMP(1.0.0),67,RKOR,TOT,M,2026-01-01,17924,AUD,3,,,17924000
ABS:MERCH_IMP(1.0.0),67,RKOR,TOT,M,2026-02-01,19020,AUD,3,,,19020000
ABS:MERCH_IMP(1.0.0),67,RKOR,TOT,M,2026-03-01,16808,AUD,3,,,16808000
ABS:MERCH_IMP(1.0.0),67,RKOR,TOT,M,2026-04-01,7189,AUD,3,,,7189000
ABS:MERCH_IMP(1.0.0),67,RKOR,TOT,M,2026-05-01,9033,AUD,3,,,9033000
ABS:MERCH_IMP(1.0.0),67,RKOR,TOT,M,2026-06-01,12666,AUD,3,,,12666000
ABS:MERCH_IMP(1.0.0),67,RKOR,TOT,M,2026-07-01,11620,AUD,3,,,11620000
ABS:MERCH_IMP(1.0.0),67,SALV,TOT,M,2022-03-01,1,AUD,3,,,1000
ABS:MERCH_IMP(1.0.0),67,SALV,TOT,M,2022-09-01,3,AUD,3,,,3000
ABS:MERCH_IMP(1.0.0),67,SALV,TOT,M,2022-10-01,2,AUD,3,,,2000
ABS:MERCH_IMP(1.0.0),67,SALV,TOT,M,2022-11-01,3,AUD,3,,,3000
ABS:MERCH_IMP(1.0.0),67,SALV,TOT,M,2023-04-01,5,AUD,3,,,5000
ABS:MERCH_IMP(1.0.0),67,SALV,TOT,M,2023-06-01,1,AUD,3,,,1000
ABS:MERCH_IMP(1.0.0),67,SALV,TOT,M,2023-07-01,4,AUD,3,,,4000
ABS:MERCH_IMP(1.0.0),67,SALV,TOT,M,2023-08-01,1,AUD,3,,,1000
ABS:MERCH_IMP(1.0.0),67,SALV,TOT,M,2023-12-01,4,AUD,3,,,4000
ABS:MERCH_IMP(1.0.0),67,SALV,TOT,M,2024-02-01,2,AUD,3,,,2000
ABS:MERCH_IMP(1.0.0),67,SALV,TOT,M,2024-05-01,12,AUD,3,,,12000
ABS:MERCH_IMP(1.0.0),67,SALV,TOT,M,2024-07-01,8,AUD,3,,,8000
ABS:MERCH_IMP(1.0.0),67,SALV,TOT,M,2024-08-01,3,AUD,3,,,3000
ABS:MERCH_IMP(1.0.0),67,SALV,TOT,M,2025-12-01,1,AUD,3,,,1000
ABS:MERCH_IMP(1.0.0),67,SALV,TOT,M,2026-05-01,4,AUD,3,,,4000
ABS:MERCH_IMP(1.0.0),67,SALV,TOT,M,2026-07-01,16,AUD,3,,,16000
ABS:MERCH_IMP(1.0.0),67,ZAIR,TOT,M,2022-02-01,4,AUD,3,,,4000
ABS:MERCH_IMP(1.0.0),67,MLAY,TOT,M,2015-01-01,8757,AUD,3,,,8757000
ABS:MERCH_IMP(1.0.0),67,MLAY,TOT,M,2015-02-01,5982,AUD,3,,,5982000
ABS:MERCH_IMP(1.0.0),67,MLAY,TOT,M,2015-03-01,6106,AUD,3,,,6106000
ABS:MERCH_IMP(1.0.0),67,MLAY,TOT,M,2015-04-01,5272,AUD,3,,,5272000
ABS:MERCH_IMP(1.0.0),67,MLAY,TOT,M,2015-05-01,4154,AUD,3,,,4154000
ABS:MERCH_IMP(1.0.0),67,MLAY,TOT,M,2015-06-01,5006,AUD,3,,,5006000
ABS:MERCH_IMP(1.0.0),67,MLAY,TOT,M,2015-07-01,4834,AUD,3,,,4834000
ABS:MERCH_IMP(1.0.0),67,MLAY,TOT,M,2015-08-01,4244,AUD,3,,,4244000
ABS:MERCH_IMP(1.0.0),67,MLAY,TOT,M,2015-09-01,3663,AUD,3,,,3663000
ABS:MERCH_IMP(1.0.0),67,MLAY,TOT,M,2015-10-01,6981,AUD,3,,,6981000
ABS:MERCH_IMP(1.0.0),67,MLAY,TOT,M,2015-11-01,4588,AUD,3,,,4588000
ABS:MERCH_IMP(1.0.0),67,MLAY,TOT,M,2015-12-01,5810,AUD,3,,,5810000
ABS:MERCH_IMP(1.0.0),67,MLAY,TOT,M,2016-01-01,4320,AUD,3,,,4320000
ABS:MERCH_IMP(1.0.0),67,MLAY,TOT,M,2016-02-01,3850,AUD,3,,,3850000
ABS:MERCH_IMP(1.0.0),67,MLAY,TOT,M,2016-03-01,3860,AUD,3,,,3860000
ABS:MERCH_IMP(1.0.0),67,MLAY,TOT,M,2016-04-01,3138,AUD,3,,,3138000
ABS:MERCH_IMP(1.0.0),67,MLAY,TOT,M,2016-05-01,3955,AUD,3,,,3955000
ABS:MERCH_IMP(1.0.0),67,MLAY,TOT,M,2016-06-01,4583,AUD,3,,,4583000
ABS:MERCH_IMP(1.0.0),67,MLAY,TOT,M,2016-07-01,4737,AUD,3,,,4737000
ABS:MERCH_IMP(1.0.0),67,MLAY,TOT,M,2016-08-01,4869,AUD,3,,,4869000
ABS:MERCH_IMP(1.0.0),67,MLAY,TOT,M,2016-09-01,5209,AUD,3,,,5209000
ABS:MERCH_IMP(1.0.0),67,MLAY,TOT,M,2016-10-01,5435,AUD,3,,,5435000
ABS:MERCH_IMP(1.0.0),67,MLAY,TOT,M,2016-11-01,5451,AUD,3,,,5451000
ABS:MERCH_IMP(1.0.0),67,MLAY,TOT,M,2016-12-01,4424,AUD,3,,,4424000
ABS:MERCH_IMP(1.0.0),67,MLAY,TOT,M,2017-01-01,7587,AUD,3,,,7587000
ABS:MERCH_IMP(1.0.0),67,MLAY,TOT,M,2017-02-01,5771,AUD,3,,,5771000
ABS:MERCH_IMP(1.0.0),67,MLAY,TOT,M,2017-03-01,6819,AUD,3,,,6819000
ABS:MERCH_IMP(1.0.0),67,MLAY,TOT,M,2017-04-01,4138,AUD,3,,,4138000
ABS:MERCH_IMP(1.0.0),67,MLAY,TOT,M,2017-05-01,4901,AUD,3,,,4901000
ABS:MERCH_IMP(1.0.0),67,MLAY,TOT,M,2017-06-01,5783,AUD,3,,,5783000
ABS:MERCH_IMP(1.0.0),67,MLAY,TOT,M,2017-07-01,6577,AUD,3,,,6577000
ABS:MERCH_IMP(1.0.0),67,MLAY,TOT,M,2017-08-01,6861,AUD,3,,,6861000
ABS:MERCH_IMP(1.0.0),67,MLAY,TOT,M,2017-09-01,5466,AUD,3,,,5466000
ABS:MERCH_IMP(1.0.0),67,MLAY,TOT,M,2017-10-01,7230,AUD,3,,,7230000
ABS:MERCH_IMP(1.0.0),67,MLAY,TOT,M,2017-11-01,11472,AUD,3,,,11472000
ABS:MERCH_IMP(1.0.0),67,MLAY,TOT,M,2017-12-01,10184,AUD,3,,,10184000
ABS:MERCH_IMP(1.0.0),67,MLAY,TOT,M,2018-01-01,11577,AUD,3,,,11577000
ABS:MERCH_IMP(1.0.0),67,MLAY,TOT,M,2018-02-01,45835,AUD,3,,,45835000
ABS:MERCH_IMP(1.0.0),67,MLAY,TOT,M,2018-03-01,9120,AUD,3,,,9120000
ABS:MERCH_IMP(1.0.0),67,MLAY,TOT,M,2018-04-01,13954,AUD,3,,,13954000
ABS:MERCH_IMP(1.0.0),67,MLAY,TOT,M,2018-05-01,12591,AUD,3,,,12591000
ABS:MERCH_IMP(1.0.0),67,MLAY,TOT,M,2018-06-01,19362,AUD,3,,,19362000
ABS:MERCH_IMP(1.0.0),67,MLAY,TOT,M,2018-07-01,20835,AUD,3,,,20835000
ABS:MERCH_IMP(1.0.0),67,MLAY,TOT,M,2018-08-01,10481,AUD,3,,,10481000
ABS:MERCH_IMP(1.0.0),67,MLAY,TOT,M,2018-09-01,10411,AUD,3,,,10411000
ABS:MERCH_IMP(1.0.0),67,MLAY,TOT,M,2018-10-01,13266,AUD,3,,,13266000
ABS:MERCH_IMP(1.0.0),67,MLAY,TOT,M,2018-11-01,13616,AUD,3,,,13616000
ABS:MERCH_IMP(1.0.0),67,MLAY,TOT,M,2018-12-01,8477,AUD,3,,,8477000
ABS:MERCH_IMP(1.0.0),67,MLAY,TOT,M,2019-01-01,10582,AUD,3,,,10582000
ABS:MERCH_IMP(1.0.0),67,MLAY,TOT,M,2019-02-01,7533,AUD,3,,,7533000
ABS:MERCH_IMP(1.0.0),67,MLAY,TOT,M,2019-03-01,8205,AUD,3,,,8205000
ABS:MERCH_IMP(1.0.0),67,MLAY,TOT,M,2019-04-01,6970,AUD,3,,,6970000
ABS:MERCH_IMP(1.0.0),67,MLAY,TOT,M,2019-05-01,9238,AUD,3,,,9238000
ABS:MERCH_IMP(1.0.0),67,MLAY,TOT,M,2019-06-01,7731,AUD,3,,,7731000
ABS:MERCH_IMP(1.0.0),67,MLAY,TOT,M,2019-07-01,9730,AUD,3,,,9730000
ABS:MERCH_IMP(1.0.0),67,MLAY,TOT,M,2019-08-01,10289,AUD,3,,,10289000
ABS:MERCH_IMP(1.0.0),67,MLAY,TOT,M,2019-09-01,8935,AUD,3,,,8935000
ABS:MERCH_IMP(1.0.0),67,MLAY,TOT,M,2019-10-01,11946,AUD,3,,,11946000
ABS:MERCH_IMP(1.0.0),67,MLAY,TOT,M,2019-11-01,10991,AUD,3,,,10991000
ABS:MERCH_IMP(1.0.0),67,MLAY,TOT,M,2019-12-01,5298,AUD,3,,,5298000
ABS:MERCH_IMP(1.0.0),67,MLAY,TOT,M,2020-01-01,18131,AUD,3,,,18131000
ABS:MERCH_IMP(1.0.0),67,MLAY,TOT,M,2020-02-01,7884,AUD,3,,,7884000
ABS:MERCH_IMP(1.0.0),67,MLAY,TOT,M,2020-03-01,9152,AUD,3,,,9152000
ABS:MERCH_IMP(1.0.0),67,MLAY,TOT,M,2020-04-01,4394,AUD,3,,,4394000
ABS:MERCH_IMP(1.0.0),67,MLAY,TOT,M,2020-05-01,5350,AUD,3,,,5350000
ABS:MERCH_IMP(1.0.0),67,MLAY,TOT,M,2020-06-01,6709,AUD,3,,,6709000
ABS:MERCH_IMP(1.0.0),67,MLAY,TOT,M,2020-07-01,7758,AUD,3,,,7758000
ABS:MERCH_IMP(1.0.0),67,MLAY,TOT,M,2020-08-01,4255,AUD,3,,,4255000
ABS:MERCH_IMP(1.0.0),67,MLAY,TOT,M,2020-09-01,4674,AUD,3,,,4674000
ABS:MERCH_IMP(1.0.0),67,MLAY,TOT,M,2020-10-01,3869,AUD,3,,,3869000
ABS:MERCH_IMP(1.0.0),67,MLAY,TOT,M,2020-11-01,4046,AUD,3,,,4046000
ABS:MERCH_IMP(1.0.0),67,MLAY,TOT,M,2020-12-01,3591,AUD,3,,,3591000
ABS:MERCH_IMP(1.0.0),67,MLAY,TOT,M,2021-01-01,8107,AUD,3,,,8107000
ABS:MERCH_IMP(1.0.0),67,MLAY,TOT,M,2021-02-01,4027,AUD,3,,,4027000
ABS:MERCH_IMP(1.0.0),67,MLAY,TOT,M,2021-03-01,4395,AUD,3,,,4395000
ABS:MERCH_IMP(1.0.0),67,MLAY,TOT,M,2021-04-01,3308,AUD,3,,,3308000
ABS:MERCH_IMP(1.0.0),67,MLAY,TOT,M,2021-05-01,2910,AUD,3,,,2910000
ABS:MERCH_IMP(1.0.0),67,MLAY,TOT,M,2021-06-01,3542,AUD,3,,,3542000
ABS:MERCH_IMP(1.0.0),67,MLAY,TOT,M,2021-07-01,2554,AUD,3,,,2554000
ABS:MERCH_IMP(1.0.0),67,MLAY,TOT,M,2021-08-01,3443,AUD,3,,,3443000
ABS:MERCH_IMP(1.0.0),67,MLAY,TOT,M,2021-09-01,3705,AUD,3,,,3705000
ABS:MERCH_IMP(1.0.0),67,MLAY,TOT,M,2021-10-01,4502,AUD,3,,,4502000
ABS:MERCH_IMP(1.0.0),67,MLAY,TOT,M,2021-11-01,4893,AUD,3,,,4893000
ABS:MERCH_IMP(1.0.0),67,MLAY,TOT,M,2021-12-01,7159,AUD,3,,,7159000
ABS:MERCH_IMP(1.0.0),67,MLAY,TOT,M,2022-01-01,2857,AUD,3,,,2857000
ABS:MERCH_IMP(1.0.0),67,MLAY,TOT,M,2022-02-01,9459,AUD,3,,,9459000
ABS:MERCH_IMP(1.0.0),67,MLAY,TOT,M,2022-03-01,5021,AUD,3,,,5021000
ABS:MERCH_IMP(1.0.0),67,MLAY,TOT,M,2022-04-01,3101,AUD,3,,,3101000
ABS:MERCH_IMP(1.0.0),67,MLAY,TOT,M,2022-05-01,5883,AUD,3,,,5883000
ABS:MERCH_IMP(1.0.0),67,MLAY,TOT,M,2022-06-01,5239,AUD,3,,,5239000
ABS:MERCH_IMP(1.0.0),67,MLAY,TOT,M,2022-07-01,5029,AUD,3,,,5029000
ABS:MERCH_IMP(1.0.0),67,MLAY,TOT,M,2022-08-01,5492,AUD,3,,,5492000
ABS:MERCH_IMP(1.0.0),67,MLAY,TOT,M,2022-09-01,6505,AUD,3,,,6505000
ABS:MERCH_IMP(1.0.0),67,MLAY,TOT,M,2022-10-01,4497,AUD,3,,,4497000
ABS:MERCH_IMP(1.0.0),67,MLAY,TOT,M,2022-11-01,5052,AUD,3,,,5052000
ABS:MERCH_IMP(1.0.0),67,MLAY,TOT,M,2022-12-01,6830,AUD,3,,,6830000
ABS:MERCH_IMP(1.0.0),67,MLAY,TOT,M,2023-01-01,8822,AUD,3,,,8822000
ABS:MERCH_IMP(1.0.0),67,MLAY,TOT,M,2023-02-01,3002,AUD,3,,,3002000
ABS:MERCH_IMP(1.0.0),67,MLAY,TOT,M,2023-03-01,3613,AUD,3,,,3613000
ABS:MERCH_IMP(1.0.0),67,MLAY,TOT,M,2023-04-01,3109,AUD,3,,,3109000
ABS:MERCH_IMP(1.0.0),67,MLAY,TOT,M,2023-05-01,5051,AUD,3,,,5051000
ABS:MERCH_IMP(1.0.0),67,MLAY,TOT,M,2023-06-01,5948,AUD,3,,,5948000
ABS:MERCH_IMP(1.0.0),67,MLAY,TOT,M,2023-07-01,4893,AUD,3,,,4893000
ABS:MERCH_IMP(1.0.0),67,MLAY,TOT,M,2023-08-01,4695,AUD,3,,,4695000
ABS:MERCH_IMP(1.0.0),67,MLAY,TOT,M,2023-09-01,4074,AUD,3,,,4074000
ABS:MERCH_IMP(1.0.0),67,MLAY,TOT,M,2023-10-01,28479,AUD,3,,,28479000
ABS:MERCH_IMP(1.0.0),67,MLAY,TOT,M,2023-11-01,27533,AUD,3,,,27533000
ABS:MERCH_IMP(1.0.0),67,MLAY,TOT,M,2023-12-01,15786,AUD,3,,,15786000
ABS:MERCH_IMP(1.0.0),67,MLAY,TOT,M,2024-01-01,28227,AUD,3,,,28227000
ABS:MERCH_IMP(1.0.0),67,MLAY,TOT,M,2024-02-01,3272,AUD,3,,,3272000
ABS:MERCH_IMP(1.0.0),67,MLAY,TOT,M,2024-03-01,43395,AUD,3,,,43395000
ABS:MERCH_IMP(1.0.0),67,MLAY,TOT,M,2024-04-01,2861,AUD,3,,,2861000
ABS:MERCH_IMP(1.0.0),67,MLAY,TOT,M,2024-05-01,2289,AUD,3,,,2289000
ABS:MERCH_IMP(1.0.0),67,MLAY,TOT,M,2024-06-01,1660,AUD,3,,,1660000
ABS:MERCH_IMP(1.0.0),67,MLAY,TOT,M,2024-07-01,15473,AUD,3,,,15473000
ABS:MERCH_IMP(1.0.0),67,MLAY,TOT,M,2024-08-01,3971,AUD,3,,,3971000
ABS:MERCH_IMP(1.0.0),67,MLAY,TOT,M,2024-09-01,2267,AUD,3,,,2267000
ABS:MERCH_IMP(1.0.0),67,MLAY,TOT,M,2024-10-01,4138,AUD,3,,,4138000
ABS:MERCH_IMP(1.0.0),67,MLAY,TOT,M,2024-11-01,2868,AUD,3,,,2868000
ABS:MERCH_IMP(1.0.0),67,MLAY,TOT,M,2024-12-01,1713,AUD,3,,,1713000
ABS:MERCH_IMP(1.0.0),67,MLAY,TOT,M,2025-01-01,2840,AUD,3,,,2840000
ABS:MERCH_IMP(1.0.0),67,MLAY,TOT,M,2025-02-01,1922,AUD,3,,,1922000
ABS:MERCH_IMP(1.0.0),67,MLAY,TOT,M,2025-03-01,83195,AUD,3,,,83195000
ABS:MERCH_IMP(1.0.0),67,MLAY,TOT,M,2025-04-01,75012,AUD,3,,,75012000
ABS:MERCH_IMP(1.0.0),67,MLAY,TOT,M,2025-05-01,71924,AUD,3,,,71924000
ABS:MERCH_IMP(1.0.0),67,MLAY,TOT,M,2025-06-01,2731,AUD,3,,,2731000
ABS:MERCH_IMP(1.0.0),67,MLAY,TOT,M,2025-07-01,5824,AUD,3,,,5824000
ABS:MERCH_IMP(1.0.0),67,MLAY,TOT,M,2025-08-01,2633,AUD,3,,,2633000
ABS:MERCH_IMP(1.0.0),67,MLAY,TOT,M,2025-09-01,3068,AUD,3,,,3068000
ABS:MERCH_IMP(1.0.0),67,MLAY,TOT,M,2025-10-01,2084,AUD,3,,,2084000
ABS:MERCH_IMP(1.0.0),67,MLAY,TOT,M,2025-11-01,3016,AUD,3,,,3016000
ABS:MERCH_IMP(1.0.0),67,MLAY,TOT,M,2025-12-01,2483,AUD,3,,,2483000
ABS:MERCH_IMP(1.0.0),67,MLAY,TOT,M,2026-01-01,5669,AUD,3,,,5669000
ABS:MERCH_IMP(1.0.0),67,MLAY,TOT,M,2026-02-01,7725,AUD,3,,,7725000
ABS:MERCH_IMP(1.0.0),67,MLAY,TOT,M,2026-03-01,3886,AUD,3,,,3886000
ABS:MERCH_IMP(1.0.0),67,MLAY,TOT,M,2026-04-01,2323,AUD,3,,,2323000
ABS:MERCH_IMP(1.0.0),67,MLAY,TOT,M,2026-05-01,2865,AUD,3,,,2865000
ABS:MERCH_IMP(1.0.0),67,MLAY,TOT,M,2026-06-01,3666,AUD,3,,,3666000
ABS:MERCH_IMP(1.0.0),67,MLAY,TOT,M,2026-07-01,4851,AUD,3,,,4851000
ABS:MERCH_IMP(1.0.0),67,FRGU,TOT,M,2023-05-01,68,AUD,3,,,68000
ABS:MERCH_IMP(1.0.0),67,SWIT,TOT,M,2015-01-01,218,AUD,3,,,218000
ABS:MERCH_IMP(1.0.0),67,SWIT,TOT,M,2015-02-01,320,AUD,3,,,320000
ABS:MERCH_IMP(1.0.0),67,SWIT,TOT,M,2015-03-01,179,AUD,3,,,179000
ABS:MERCH_IMP(1.0.0),67,SWIT,TOT,M,2015-04-01,130,AUD,3,,,130000
ABS:MERCH_IMP(1.0.0),67,SWIT,TOT,M,2015-05-01,206,AUD,3,,,206000
ABS:MERCH_IMP(1.0.0),67,SWIT,TOT,M,2015-06-01,36,AUD,3,,,36000
ABS:MERCH_IMP(1.0.0),67,SWIT,TOT,M,2015-07-01,587,AUD,3,,,587000
ABS:MERCH_IMP(1.0.0),67,SWIT,TOT,M,2015-08-01,352,AUD,3,,,352000
ABS:MERCH_IMP(1.0.0),67,SWIT,TOT,M,2015-09-01,268,AUD,3,,,268000
ABS:MERCH_IMP(1.0.0),67,SWIT,TOT,M,2015-10-01,380,AUD,3,,,380000
ABS:MERCH_IMP(1.0.0),67,SWIT,TOT,M,2015-11-01,311,AUD,3,,,311000
ABS:MERCH_IMP(1.0.0),67,SWIT,TOT,M,2015-12-01,42,AUD,3,,,42000
ABS:MERCH_IMP(1.0.0),67,SWIT,TOT,M,2016-01-01,417,AUD,3,,,417000
ABS:MERCH_IMP(1.0.0),67,SWIT,TOT,M,2016-02-01,433,AUD,3,,,433000
ABS:MERCH_IMP(1.0.0),67,SWIT,TOT,M,2016-03-01,632,AUD,3,,,632000
ABS:MERCH_IMP(1.0.0),67,SWIT,TOT,M,2016-04-01,110,AUD,3,,,110000
ABS:MERCH_IMP(1.0.0),67,SWIT,TOT,M,2016-05-01,402,AUD,3,,,402000
ABS:MERCH_IMP(1.0.0),67,SWIT,TOT,M,2016-06-01,71,AUD,3,,,71000
ABS:MERCH_IMP(1.0.0),67,SWIT,TOT,M,2016-07-01,559,AUD,3,,,559000
ABS:MERCH_IMP(1.0.0),67,SWIT,TOT,M,2016-08-01,390,AUD,3,,,390000
ABS:MERCH_IMP(1.0.0),67,SWIT,TOT,M,2016-09-01,283,AUD,3,,,283000
ABS:MERCH_IMP(1.0.0),67,SWIT,TOT,M,2016-10-01,704,AUD,3,,,704000
ABS:MERCH_IMP(1.0.0),67,SWIT,TOT,M,2016-11-01,906,AUD,3,,,906000
ABS:MERCH_IMP(1.0.0),67,SWIT,TOT,M,2016-12-01,167,AUD,3,,,167000
ABS:MERCH_IMP(1.0.0),67,SWIT,TOT,M,2017-01-01,206,AUD,3,,,206000
ABS:MERCH_IMP(1.0.0),67,SWIT,TOT,M,2017-02-01,217,AUD,3,,,217000
ABS:MERCH_IMP(1.0.0),67,SWIT,TOT,M,2017-03-01,544,AUD,3,,,544000
ABS:MERCH_IMP(1.0.0),67,SWIT,TOT,M,2017-04-01,568,AUD,3,,,568000
ABS:MERCH_IMP(1.0.0),67,SWIT,TOT,M,2017-05-01,622,AUD,3,,,622000
ABS:MERCH_IMP(1.0.0),67,SWIT,TOT,M,2017-06-01,641,AUD,3,,,641000
ABS:MERCH_IMP(1.0.0),67,SWIT,TOT,M,2017-07-01,631,AUD,3,,,631000
ABS:MERCH_IMP(1.0.0),67,SWIT,TOT,M,2017-08-01,409,AUD,3,,,409000
ABS:MERCH_IMP(1.0.0),67,SWIT,TOT,M,2017-09-01,885,AUD,3,,,885000
ABS:MERCH_IMP(1.0.0),67,SWIT,TOT,M,2017-10-01,449,AUD,3,,,449000
ABS:MERCH_IMP(1.0.0),67,SWIT,TOT,M,2017-11-01,439,AUD,3,,,439000
ABS:MERCH_IMP(1.0.0),67,SWIT,TOT,M,2017-12-01,237,AUD,3,,,237000
ABS:MERCH_IMP(1.0.0),67,SWIT,TOT,M,2018-01-01,484,AUD,3,,,484000
ABS:MERCH_IMP(1.0.0),67,SWIT,TOT,M,2018-02-01,557,AUD,3,,,557000
ABS:MERCH_IMP(1.0.0),67,SWIT,TOT,M,2018-03-01,933,AUD,3,,,933000
ABS:MERCH_IMP(1.0.0),67,SWIT,TOT,M,2018-04-01,796,AUD,3,,,796000
ABS:MERCH_IMP(1.0.0),67,SWIT,TOT,M,2018-05-01,336,AUD,3,,,336000
ABS:MERCH_IMP(1.0.0),67,SWIT,TOT,M,2018-06-01,568,AUD,3,,,568000
ABS:MERCH_IMP(1.0.0),67,SWIT,TOT,M,2018-07-01,923,AUD,3,,,923000
ABS:MERCH_IMP(1.0.0),67,SWIT,TOT,M,2018-08-01,256,AUD,3,,,256000
ABS:MERCH_IMP(1.0.0),67,SWIT,TOT,M,2018-09-01,703,AUD,3,,,703000
ABS:MERCH_IMP(1.0.0),67,SWIT,TOT,M,2018-10-01,2618,AUD,3,,,2618000
ABS:MERCH_IMP(1.0.0),67,SWIT,TOT,M,2018-11-01,2751,AUD,3,,,2751000
ABS:MERCH_IMP(1.0.0),67,SWIT,TOT,M,2018-12-01,1077,AUD,3,,,1077000
ABS:MERCH_IMP(1.0.0),67,SWIT,TOT,M,2019-01-01,828,AUD,3,,,828000
ABS:MERCH_IMP(1.0.0),67,SWIT,TOT,M,2019-02-01,668,AUD,3,,,668000
ABS:MERCH_IMP(1.0.0),67,SWIT,TOT,M,2019-03-01,968,AUD,3,,,968000
ABS:MERCH_IMP(1.0.0),67,SWIT,TOT,M,2019-04-01,613,AUD,3,,,613000
ABS:MERCH_IMP(1.0.0),67,SWIT,TOT,M,2019-05-01,147,AUD,3,,,147000
ABS:MERCH_IMP(1.0.0),67,SWIT,TOT,M,2019-06-01,864,AUD,3,,,864000
ABS:MERCH_IMP(1.0.0),67,SWIT,TOT,M,2019-07-01,583,AUD,3,,,583000
ABS:MERCH_IMP(1.0.0),67,SWIT,TOT,M,2019-08-01,150,AUD,3,,,150000
ABS:MERCH_IMP(1.0.0),67,SWIT,TOT,M,2019-09-01,116,AUD,3,,,116000
ABS:MERCH_IMP(1.0.0),67,SWIT,TOT,M,2019-10-01,254,AUD,3,,,254000
ABS:MERCH_IMP(1.0.0),67,SWIT,TOT,M,2019-11-01,389,AUD,3,,,389000
ABS:MERCH_IMP(1.0.0),67,SWIT,TOT,M,2019-12-01,121,AUD,3,,,121000
ABS:MERCH_IMP(1.0.0),67,SWIT,TOT,M,2020-01-01,164,AUD,3,,,164000
ABS:MERCH_IMP(1.0.0),67,SWIT,TOT,M,2020-02-01,125,AUD,3,,,125000
ABS:MERCH_IMP(1.0.0),67,SWIT,TOT,M,2020-03-01,219,AUD,3,,,219000
ABS:MERCH_IMP(1.0.0),67,SWIT,TOT,M,2020-04-01,91,AUD,3,,,91000
ABS:MERCH_IMP(1.0.0),67,SWIT,TOT,M,2020-05-01,82,AUD,3,,,82000
ABS:MERCH_IMP(1.0.0),67,SWIT,TOT,M,2020-06-01,357,AUD,3,,,357000
ABS:MERCH_IMP(1.0.0),67,SWIT,TOT,M,2020-07-01,300,AUD,3,,,300000
ABS:MERCH_IMP(1.0.0),67,SWIT,TOT,M,2020-08-01,156,AUD,3,,,156000
ABS:MERCH_IMP(1.0.0),67,SWIT,TOT,M,2020-09-01,231,AUD,3,,,231000
ABS:MERCH_IMP(1.0.0),67,SWIT,TOT,M,2020-10-01,63,AUD,3,,,63000
ABS:MERCH_IMP(1.0.0),67,SWIT,TOT,M,2020-11-01,250,AUD,3,,,250000
ABS:MERCH_IMP(1.0.0),67,SWIT,TOT,M,2020-12-01,355,AUD,3,,,355000
ABS:MERCH_IMP(1.0.0),67,SWIT,TOT,M,2021-01-01,103,AUD,3,,,103000
ABS:MERCH_IMP(1.0.0),67,SWIT,TOT,M,2021-02-01,321,AUD,3,,,321000
ABS:MERCH_IMP(1.0.0),67,SWIT,TOT,M,2021-03-01,169,AUD,3,,,169000
ABS:MERCH_IMP(1.0.0),67,SWIT,TOT,M,2021-04-01,126,AUD,3,,,126000
ABS:MERCH_IMP(1.0.0),67,SWIT,TOT,M,2021-05-01,261,AUD,3,,,261000
ABS:MERCH_IMP(1.0.0),67,SWIT,TOT,M,2021-06-01,220,AUD,3,,,220000
ABS:MERCH_IMP(1.0.0),67,SWIT,TOT,M,2021-07-01,442,AUD,3,,,442000
ABS:MERCH_IMP(1.0.0),67,SWIT,TOT,M,2021-08-01,253,AUD,3,,,253000
ABS:MERCH_IMP(1.0.0),67,SWIT,TOT,M,2021-09-01,281,AUD,3,,,281000
ABS:MERCH_IMP(1.0.0),67,SWIT,TOT,M,2021-10-01,603,AUD,3,,,603000
ABS:MERCH_IMP(1.0.0),67,SWIT,TOT,M,2021-11-01,152,AUD,3,,,152000
ABS:MERCH_IMP(1.0.0),67,SWIT,TOT,M,2021-12-01,56,AUD,3,,,56000
ABS:MERCH_IMP(1.0.0),67,SWIT,TOT,M,2022-01-01,281,AUD,3,,,281000
ABS:MERCH_IMP(1.0.0),67,SWIT,TOT,M,2022-02-01,264,AUD,3,,,264000
ABS:MERCH_IMP(1.0.0),67,SWIT,TOT,M,2022-03-01,253,AUD,3,,,253000
ABS:MERCH_IMP(1.0.0),67,SWIT,TOT,M,2022-04-01,69,AUD,3,,,69000
ABS:MERCH_IMP(1.0.0),67,SWIT,TOT,M,2022-05-01,221,AUD,3,,,221000
ABS:MERCH_IMP(1.0.0),67,SWIT,TOT,M,2022-06-01,287,AUD,3,,,287000
ABS:MERCH_IMP(1.0.0),67,SWIT,TOT,M,2022-07-01,128,AUD,3,,,128000
ABS:MERCH_IMP(1.0.0),67,SWIT,TOT,M,2022-08-01,537,AUD,3,,,537000
ABS:MERCH_IMP(1.0.0),67,SWIT,TOT,M,2022-09-01,253,AUD,3,,,253000
ABS:MERCH_IMP(1.0.0),67,SWIT,TOT,M,2022-10-01,505,AUD,3,,,505000
ABS:MERCH_IMP(1.0.0),67,SWIT,TOT,M,2022-11-01,661,AUD,3,,,661000
ABS:MERCH_IMP(1.0.0),67,SWIT,TOT,M,2022-12-01,369,AUD,3,,,369000
ABS:MERCH_IMP(1.0.0),67,SWIT,TOT,M,2023-01-01,373,AUD,3,,,373000
ABS:MERCH_IMP(1.0.0),67,SWIT,TOT,M,2023-02-01,568,AUD,3,,,568000
ABS:MERCH_IMP(1.0.0),67,SWIT,TOT,M,2023-03-01,236,AUD,3,,,236000
ABS:MERCH_IMP(1.0.0),67,SWIT,TOT,M,2023-04-01,310,AUD,3,,,310000
ABS:MERCH_IMP(1.0.0),67,SWIT,TOT,M,2023-05-01,372,AUD,3,,,372000
ABS:MERCH_IMP(1.0.0),67,SWIT,TOT,M,2023-06-01,627,AUD,3,,,627000
ABS:MERCH_IMP(1.0.0),67,SWIT,TOT,M,2023-07-01,243,AUD,3,,,243000
ABS:MERCH_IMP(1.0.0),67,SWIT,TOT,M,2023-08-01,235,AUD,3,,,235000
ABS:MERCH_IMP(1.0.0),67,SWIT,TOT,M,2023-09-01,364,AUD,3,,,364000
ABS:MERCH_IMP(1.0.0),67,SWIT,TOT,M,2023-10-01,167,AUD,3,,,167000
ABS:MERCH_IMP(1.0.0),67,SWIT,TOT,M,2023-11-01,376,AUD,3,,,376000
ABS:MERCH_IMP(1.0.0),67,SWIT,TOT,M,2023-12-01,155,AUD,3,,,155000
ABS:MERCH_IMP(1.0.0),67,SWIT,TOT,M,2024-01-01,579,AUD,3,,,579000
ABS:MERCH_IMP(1.0.0),67,SWIT,TOT,M,2024-02-01,391,AUD,3,,,391000
ABS:MERCH_IMP(1.0.0),67,SWIT,TOT,M,2024-03-01,384,AUD,3,,,384000
ABS:MERCH_IMP(1.0.0),67,SWIT,TOT,M,2024-04-01,255,AUD,3,,,255000
ABS:MERCH_IMP(1.0.0),67,SWIT,TOT,M,2024-05-01,258,AUD,3,,,258000
ABS:MERCH_IMP(1.0.0),67,SWIT,TOT,M,2024-06-01,295,AUD,3,,,295000
ABS:MERCH_IMP(1.0.0),67,SWIT,TOT,M,2024-07-01,320,AUD,3,,,320000
ABS:MERCH_IMP(1.0.0),67,SWIT,TOT,M,2024-08-01,330,AUD,3,,,330000
ABS:MERCH_IMP(1.0.0),67,SWIT,TOT,M,2024-09-01,927,AUD,3,,,927000
ABS:MERCH_IMP(1.0.0),67,SWIT,TOT,M,2024-10-01,674,AUD,3,,,674000
ABS:MERCH_IMP(1.0.0),67,SWIT,TOT,M,2024-11-01,127,AUD,3,,,127000
ABS:MERCH_IMP(1.0.0),67,SWIT,TOT,M,2024-12-01,342,AUD,3,,,342000
ABS:MERCH_IMP(1.0.0),67,SWIT,TOT,M,2025-01-01,374,AUD,3,,,374000
ABS:MERCH_IMP(1.0.0),67,SWIT,TOT,M,2025-02-01,569,AUD,3,,,569000
ABS:MERCH_IMP(1.0.0),67,SWIT,TOT,M,2025-03-01,123,AUD,3,,,123000
ABS:MERCH_IMP(1.0.0),67,SWIT,TOT,M,2025-04-01,296,AUD,3,,,296000
ABS:MERCH_IMP(1.0.0),67,SWIT,TOT,M,2025-05-01,685,AUD,3,,,685000
ABS:MERCH_IMP(1.0.0),67,SWIT,TOT,M,2025-06-01,654,AUD,3,,,654000
ABS:MERCH_IMP(1.0.0),67,SWIT,TOT,M,2025-07-01,433,AUD,3,,,433000
ABS:MERCH_IMP(1.0.0),67,SWIT,TOT,M,2025-08-01,569,AUD,3,,,569000
ABS:MERCH_IMP(1.0.0),67,SWIT,TOT,M,2025-09-01,745,AUD,3,,,745000
ABS:MERCH_IMP(1.0.0),67,SWIT,TOT,M,2025-10-01,546,AUD,3,,,546000
ABS:MERCH_IMP(1.0.0),67,SWIT,TOT,M,2025-11-01,333,AUD,3,,,333000
ABS:MERCH_IMP(1.0.0),67,SWIT,TOT,M,2025-12-01,717,AUD,3,,,717000
ABS:MERCH_IMP(1.0.0),67,SWIT,TOT,M,2026-01-01,359,AUD,3,,,359000
ABS:MERCH_IMP(1.0.0),67,SWIT,TOT,M,2026-02-01,457,AUD,3,,,457000
ABS:MERCH_IMP(1.0.0),67,SWIT,TOT,M,2026-03-01,324,AUD,3,,,324000
ABS:MERCH_IMP(1.0.0),67,SWIT,TOT,M,2026-04-01,598,AUD,3,,,598000
ABS:MERCH_IMP(1.0.0),67,SWIT,TOT,M,2026-05-01,323,AUD,3,,,323000
ABS:MERCH_IMP(1.0.0),67,SWIT,TOT,M,2026-06-01,308,AUD,3,,,308000
ABS:MERCH_IMP(1.0.0),67,SWIT,TOT,M,2026-07-01,554,AUD,3,,,554000
ABS:MERCH_IMP(1.0.0),67,GERG,TOT,M,2017-02-01,8,AUD,3,,,8000
ABS:MERCH_IMP(1.0.0),67,GERG,TOT,M,2017-03-01,2,AUD,3,,,2000
ABS:MERCH_IMP(1.0.0),67,GERG,TOT,M,2018-11-01,6,AUD,3,,,6000
ABS:MERCH_IMP(1.0.0),67,GERG,TOT,M,2019-11-01,32,AUD,3,,,32000
ABS:MERCH_IMP(1.0.0),67,GERG,TOT,M,2020-03-01,1,AUD,3,,,1000
ABS:MERCH_IMP(1.0.0),67,GERG,TOT,M,2020-05-01,5,AUD,3,,,5000
ABS:MERCH_IMP(1.0.0),67,GERG,TOT,M,2021-09-01,14,AUD,3,,,14000
ABS:MERCH_IMP(1.0.0),67,GERG,TOT,M,2022-03-01,11,AUD,3,,,11000
ABS:MERCH_IMP(1.0.0),67,GERG,TOT,M,2023-03-01,9,AUD,3,,,9000
ABS:MERCH_IMP(1.0.0),67,GERG,TOT,M,2023-06-01,2,AUD,3,,,2000
ABS:MERCH_IMP(1.0.0),67,GERG,TOT,M,2023-07-01,282,AUD,3,,,282000
ABS:MERCH_IMP(1.0.0),67,GERG,TOT,M,2025-02-01,6,AUD,3,,,6000
ABS:MERCH_IMP(1.0.0),67,UAEM,TOT,M,2015-01-01,8085,AUD,3,,,8085000
ABS:MERCH_IMP(1.0.0),67,UAEM,TOT,M,2015-02-01,3414,AUD,3,,,3414000
ABS:MERCH_IMP(1.0.0),67,UAEM,TOT,M,2015-03-01,6883,AUD,3,,,6883000
ABS:MERCH_IMP(1.0.0),67,UAEM,TOT,M,2015-04-01,8659,AUD,3,,,8659000
ABS:MERCH_IMP(1.0.0),67,UAEM,TOT,M,2015-05-01,6976,AUD,3,,,6976000
ABS:MERCH_IMP(1.0.0),67,UAEM,TOT,M,2015-06-01,9819,AUD,3,,,9819000
ABS:MERCH_IMP(1.0.0),67,UAEM,TOT,M,2015-07-01,8545,AUD,3,,,8545000
ABS:MERCH_IMP(1.0.0),67,UAEM,TOT,M,2015-08-01,8106,AUD,3,,,8106000
ABS:MERCH_IMP(1.0.0),67,UAEM,TOT,M,2015-09-01,7603,AUD,3,,,7603000
ABS:MERCH_IMP(1.0.0),67,UAEM,TOT,M,2015-10-01,18745,AUD,3,,,18745000
ABS:MERCH_IMP(1.0.0),67,UAEM,TOT,M,2015-11-01,11935,AUD,3,,,11935000
ABS:MERCH_IMP(1.0.0),67,UAEM,TOT,M,2015-12-01,12724,AUD,3,,,12724000
ABS:MERCH_IMP(1.0.0),67,UAEM,TOT,M,2016-01-01,15815,AUD,3,,,15815000
ABS:MERCH_IMP(1.0.0),67,UAEM,TOT,M,2016-02-01,19357,AUD,3,,,19357000
ABS:MERCH_IMP(1.0.0),67,UAEM,TOT,M,2016-03-01,8067,AUD,3,,,8067000
ABS:MERCH_IMP(1.0.0),67,UAEM,TOT,M,2016-04-01,1420,AUD,3,,,1420000
ABS:MERCH_IMP(1.0.0),67,UAEM,TOT,M,2016-05-01,512,AUD,3,,,512000
ABS:MERCH_IMP(1.0.0),67,UAEM,TOT,M,2016-06-01,346,AUD,3,,,346000
ABS:MERCH_IMP(1.0.0),67,UAEM,TOT,M,2016-07-01,366,AUD,3,,,366000
ABS:MERCH_IMP(1.0.0),67,UAEM,TOT,M,2016-08-01,513,AUD,3,,,513000
ABS:MERCH_IMP(1.0.0),67,UAEM,TOT,M,2016-09-01,1835,AUD,3,,,1835000
ABS:MERCH_IMP(1.0.0),67,UAEM,TOT,M,2016-10-01,1937,AUD,3,,,1937000
ABS:MERCH_IMP(1.0.0),67,UAEM,TOT,M,2016-11-01,1848,AUD,3,,,1848000
ABS:MERCH_IMP(1.0.0),67,UAEM,TOT,M,2016-12-01,484,AUD,3,,,484000
ABS:MERCH_IMP(1.0.0),67,UAEM,TOT,M,2017-01-01,1277,AUD,3,,,1277000
ABS:MERCH_IMP(1.0.0),67,UAEM,TOT,M,2017-02-01,945,AUD,3,,,945000
ABS:MERCH_IMP(1.0.0),67,UAEM,TOT,M,2017-03-01,2107,AUD,3,,,2107000
ABS:MERCH_IMP(1.0.0),67,UAEM,TOT,M,2017-04-01,1169,AUD,3,,,1169000
ABS:MERCH_IMP(1.0.0),67,UAEM,TOT,M,2017-05-01,1799,AUD,3,,,1799000
ABS:MERCH_IMP(1.0.0),67,UAEM,TOT,M,2017-06-01,2582,AUD,3,,,2582000
ABS:MERCH_IMP(1.0.0),67,UAEM,TOT,M,2017-07-01,566,AUD,3,,,566000
ABS:MERCH_IMP(1.0.0),67,UAEM,TOT,M,2017-08-01,191,AUD,3,,,191000
ABS:MERCH_IMP(1.0.0),67,UAEM,TOT,M,2017-09-01,1334,AUD,3,,,1334000
ABS:MERCH_IMP(1.0.0),67,UAEM,TOT,M,2017-10-01,589,AUD,3,,,589000
ABS:MERCH_IMP(1.0.0),67,UAEM,TOT,M,2017-11-01,667,AUD,3,,,667000
ABS:MERCH_IMP(1.0.0),67,UAEM,TOT,M,2017-12-01,856,AUD,3,,,856000
ABS:MERCH_IMP(1.0.0),67,UAEM,TOT,M,2018-01-01,1213,AUD,3,,,1213000
ABS:MERCH_IMP(1.0.0),67,UAEM,TOT,M,2018-02-01,1342,AUD,3,,,1342000
ABS:MERCH_IMP(1.0.0),67,UAEM,TOT,M,2018-03-01,935,AUD,3,,,935000
ABS:MERCH_IMP(1.0.0),67,UAEM,TOT,M,2018-04-01,3325,AUD,3,,,3325000
ABS:MERCH_IMP(1.0.0),67,UAEM,TOT,M,2018-05-01,1399,AUD,3,,,1399000
ABS:MERCH_IMP(1.0.0),67,UAEM,TOT,M,2018-06-01,1601,AUD,3,,,1601000
ABS:MERCH_IMP(1.0.0),67,UAEM,TOT,M,2018-07-01,1688,AUD,3,,,1688000
ABS:MERCH_IMP(1.0.0),67,UAEM,TOT,M,2018-08-01,905,AUD,3,,,905000
ABS:MERCH_IMP(1.0.0),67,UAEM,TOT,M,2018-09-01,1892,AUD,3,,,1892000
ABS:MERCH_IMP(1.0.0),67,UAEM,TOT,M,2018-10-01,2256,AUD,3,,,2256000
ABS:MERCH_IMP(1.0.0),67,UAEM,TOT,M,2018-11-01,1245,AUD,3,,,1245000
ABS:MERCH_IMP(1.0.0),67,UAEM,TOT,M,2018-12-01,2163,AUD,3,,,2163000
ABS:MERCH_IMP(1.0.0),67,UAEM,TOT,M,2019-01-01,2082,AUD,3,,,2082000
ABS:MERCH_IMP(1.0.0),67,UAEM,TOT,M,2019-02-01,377,AUD,3,,,377000
ABS:MERCH_IMP(1.0.0),67,UAEM,TOT,M,2019-03-01,519,AUD,3,,,519000
ABS:MERCH_IMP(1.0.0),67,UAEM,TOT,M,2019-04-01,1751,AUD,3,,,1751000
ABS:MERCH_IMP(1.0.0),67,UAEM,TOT,M,2019-05-01,1211,AUD,3,,,1211000
ABS:MERCH_IMP(1.0.0),67,UAEM,TOT,M,2019-06-01,2658,AUD,3,,,2658000
ABS:MERCH_IMP(1.0.0),67,UAEM,TOT,M,2019-07-01,769,AUD,3,,,769000
ABS:MERCH_IMP(1.0.0),67,UAEM,TOT,M,2019-08-01,1062,AUD,3,,,1062000
ABS:MERCH_IMP(1.0.0),67,UAEM,TOT,M,2019-09-01,864,AUD,3,,,864000
ABS:MERCH_IMP(1.0.0),67,UAEM,TOT,M,2019-10-01,704,AUD,3,,,704000
ABS:MERCH_IMP(1.0.0),67,UAEM,TOT,M,2019-11-01,1057,AUD,3,,,1057000
ABS:MERCH_IMP(1.0.0),67,UAEM,TOT,M,2019-12-01,1109,AUD,3,,,1109000
ABS:MERCH_IMP(1.0.0),67,UAEM,TOT,M,2020-01-01,1072,AUD,3,,,1072000
ABS:MERCH_IMP(1.0.0),67,UAEM,TOT,M,2020-02-01,430,AUD,3,,,430000
ABS:MERCH_IMP(1.0.0),67,UAEM,TOT,M,2020-03-01,707,AUD,3,,,707000
ABS:MERCH_IMP(1.0.0),67,UAEM,TOT,M,2020-04-01,254,AUD,3,,,254000
ABS:MERCH_IMP(1.0.0),67,UAEM,TOT,M,2020-05-01,380,AUD,3,,,380000
ABS:MERCH_IMP(1.0.0),67,UAEM,TOT,M,2020-06-01,518,AUD,3,,,518000
ABS:MERCH_IMP(1.0.0),67,UAEM,TOT,M,2020-07-01,1124,AUD,3,,,1124000
ABS:MERCH_IMP(1.0.0),67,UAEM,TOT,M,2020-08-01,511,AUD,3,,,511000
ABS:MERCH_IMP(1.0.0),67,UAEM,TOT,M,2020-09-01,309,AUD,3,,,309000
ABS:MERCH_IMP(1.0.0),67,UAEM,TOT,M,2020-10-01,393,AUD,3,,,393000
ABS:MERCH_IMP(1.0.0),67,UAEM,TOT,M,2020-11-01,301,AUD,3,,,301000
ABS:MERCH_IMP(1.0.0),67,UAEM,TOT,M,2020-12-01,524,AUD,3,,,524000
ABS:MERCH_IMP(1.0.0),67,UAEM,TOT,M,2021-01-01,245,AUD,3,,,245000
ABS:MERCH_IMP(1.0.0),67,UAEM,TOT,M,2021-02-01,526,AUD,3,,,526000
ABS:MERCH_IMP(1.0.0),67,UAEM,TOT,M,2021-03-01,710,AUD,3,,,710000
ABS:MERCH_IMP(1.0.0),67,UAEM,TOT,M,2021-04-01,1028,AUD,3,,,1028000
ABS:MERCH_IMP(1.0.0),67,UAEM,TOT,M,2021-05-01,323,AUD,3,,,323000
ABS:MERCH_IMP(1.0.0),67,UAEM,TOT,M,2021-06-01,573,AUD,3,,,573000
ABS:MERCH_IMP(1.0.0),67,UAEM,TOT,M,2021-07-01,1907,AUD,3,,,1907000
ABS:MERCH_IMP(1.0.0),67,UAEM,TOT,M,2021-08-01,318,AUD,3,,,318000
ABS:MERCH_IMP(1.0.0),67,UAEM,TOT,M,2021-09-01,722,AUD,3,,,722000
ABS:MERCH_IMP(1.0.0),67,UAEM,TOT,M,2021-10-01,818,AUD,3,,,818000
ABS:MERCH_IMP(1.0.0),67,UAEM,TOT,M,2021-11-01,1704,AUD,3,,,1704000
ABS:MERCH_IMP(1.0.0),67,UAEM,TOT,M,2021-12-01,524,AUD,3,,,524000
ABS:MERCH_IMP(1.0.0),67,UAEM,TOT,M,2022-01-01,340,AUD,3,,,340000
ABS:MERCH_IMP(1.0.0),67,UAEM,TOT,M,2022-02-01,184,AUD,3,,,184000
ABS:MERCH_IMP(1.0.0),67,UAEM,TOT,M,2022-03-01,2403,AUD,3,,,2403000
ABS:MERCH_IMP(1.0.0),67,UAEM,TOT,M,2022-04-01,612,AUD,3,,,612000
ABS:MERCH_IMP(1.0.0),67,UAEM,TOT,M,2022-05-01,880,AUD,3,,,880000
ABS:MERCH_IMP(1.0.0),67,UAEM,TOT,M,2022-06-01,649,AUD,3,,,649000
ABS:MERCH_IMP(1.0.0),67,UAEM,TOT,M,2022-07-01,837,AUD,3,,,837000
ABS:MERCH_IMP(1.0.0),67,UAEM,TOT,M,2022-08-01,1307,AUD,3,,,1307000
ABS:MERCH_IMP(1.0.0),67,UAEM,TOT,M,2022-09-01,1108,AUD,3,,,1108000
ABS:MERCH_IMP(1.0.0),67,UAEM,TOT,M,2022-10-01,53,AUD,3,,,53000
ABS:MERCH_IMP(1.0.0),67,UAEM,TOT,M,2022-11-01,1106,AUD,3,,,1106000
ABS:MERCH_IMP(1.0.0),67,UAEM,TOT,M,2022-12-01,242,AUD,3,,,242000
ABS:MERCH_IMP(1.0.0),67,UAEM,TOT,M,2023-01-01,2070,AUD,3,,,2070000
ABS:MERCH_IMP(1.0.0),67,UAEM,TOT,M,2023-02-01,3304,AUD,3,,,3304000
ABS:MERCH_IMP(1.0.0),67,UAEM,TOT,M,2023-03-01,2785,AUD,3,,,2785000
ABS:MERCH_IMP(1.0.0),67,UAEM,TOT,M,2023-04-01,2903,AUD,3,,,2903000
ABS:MERCH_IMP(1.0.0),67,UAEM,TOT,M,2023-05-01,2843,AUD,3,,,2843000
ABS:MERCH_IMP(1.0.0),67,UAEM,TOT,M,2023-06-01,4893,AUD,3,,,4893000
ABS:MERCH_IMP(1.0.0),67,UAEM,TOT,M,2023-07-01,4752,AUD,3,,,4752000
ABS:MERCH_IMP(1.0.0),67,UAEM,TOT,M,2023-08-01,4377,AUD,3,,,4377000
ABS:MERCH_IMP(1.0.0),67,UAEM,TOT,M,2023-09-01,6682,AUD,3,,,6682000
ABS:MERCH_IMP(1.0.0),67,UAEM,TOT,M,2023-10-01,3999,AUD,3,,,3999000
ABS:MERCH_IMP(1.0.0),67,UAEM,TOT,M,2023-11-01,4220,AUD,3,,,4220000
ABS:MERCH_IMP(1.0.0),67,UAEM,TOT,M,2023-12-01,2959,AUD,3,,,2959000
ABS:MERCH_IMP(1.0.0),67,UAEM,TOT,M,2024-01-01,3628,AUD,3,,,3628000
ABS:MERCH_IMP(1.0.0),67,UAEM,TOT,M,2024-02-01,5778,AUD,3,,,5778000
ABS:MERCH_IMP(1.0.0),67,UAEM,TOT,M,2024-03-01,5172,AUD,3,,,5172000
ABS:MERCH_IMP(1.0.0),67,UAEM,TOT,M,2024-04-01,2844,AUD,3,,,2844000
ABS:MERCH_IMP(1.0.0),67,UAEM,TOT,M,2024-05-01,4927,AUD,3,,,4927000
ABS:MERCH_IMP(1.0.0),67,UAEM,TOT,M,2024-06-01,2661,AUD,3,,,2661000
ABS:MERCH_IMP(1.0.0),67,UAEM,TOT,M,2024-07-01,3023,AUD,3,,,3023000
ABS:MERCH_IMP(1.0.0),67,UAEM,TOT,M,2024-08-01,2036,AUD,3,,,2036000
ABS:MERCH_IMP(1.0.0),67,UAEM,TOT,M,2024-09-01,2693,AUD,3,,,2693000
ABS:MERCH_IMP(1.0.0),67,UAEM,TOT,M,2024-10-01,4314,AUD,3,,,4314000
ABS:MERCH_IMP(1.0.0),67,UAEM,TOT,M,2024-11-01,1788,AUD,3,,,1788000
ABS:MERCH_IMP(1.0.0),67,UAEM,TOT,M,2024-12-01,1839,AUD,3,,,1839000
ABS:MERCH_IMP(1.0.0),67,UAEM,TOT,M,2025-01-01,2483,AUD,3,,,2483000
ABS:MERCH_IMP(1.0.0),67,UAEM,TOT,M,2025-02-01,2751,AUD,3,,,2751000
ABS:MERCH_IMP(1.0.0),67,UAEM,TOT,M,2025-03-01,2501,AUD,3,,,2501000
ABS:MERCH_IMP(1.0.0),67,UAEM,TOT,M,2025-04-01,2844,AUD,3,,,2844000
ABS:MERCH_IMP(1.0.0),67,UAEM,TOT,M,2025-05-01,2821,AUD,3,,,2821000
ABS:MERCH_IMP(1.0.0),67,UAEM,TOT,M,2025-06-01,1521,AUD,3,,,1521000
ABS:MERCH_IMP(1.0.0),67,UAEM,TOT,M,2025-07-01,1373,AUD,3,,,1373000
ABS:MERCH_IMP(1.0.0),67,UAEM,TOT,M,2025-08-01,980,AUD,3,,,980000
ABS:MERCH_IMP(1.0.0),67,UAEM,TOT,M,2025-09-01,1177,AUD,3,,,1177000
ABS:MERCH_IMP(1.0.0),67,UAEM,TOT,M,2025-10-01,1336,AUD,3,,,1336000
ABS:MERCH_IMP(1.0.0),67,UAEM,TOT,M,2025-11-01,1119,AUD,3,,,1119000
ABS:MERCH_IMP(1.0.0),67,UAEM,TOT,M,2025-12-01,456,AUD,3,,,456000
ABS:MERCH_IMP(1.0.0),67,UAEM,TOT,M,2026-01-01,1578,AUD,3,,,1578000
ABS:MERCH_IMP(1.0.0),67,UAEM,TOT,M,2026-02-01,1100,AUD,3,,,1100000
ABS:MERCH_IMP(1.0.0),67,UAEM,TOT,M,2026-03-01,545,AUD,3,,,545000
ABS:MERCH_IMP(1.0.0),67,UAEM,TOT,M,2026-04-01,661,AUD,3,,,661000
ABS:MERCH_IMP(1.0.0),67,UAEM,TOT,M,2026-05-01,119,AUD,3,,,119000
ABS:MERCH_IMP(1.0.0),67,UAEM,TOT,M,2026-06-01,110,AUD,3,,,110000
ABS:MERCH_IMP(1.0.0),67,UAEM,TOT,M,2026-07-01,373,AUD,3,,,373000
ABS:MERCH_IMP(1.0.0),67,PERU,TOT,M,2017-03-01,2,AUD,3,,,2000
ABS:MERCH_IMP(1.0.0),67,PERU,TOT,M,2017-07-01,3,AUD,3,,,3000
ABS:MERCH_IMP(1.0.0),67,PERU,TOT,M,2018-04-01,3,AUD,3,,,3000
ABS:MERCH_IMP(1.0.0),67,PERU,TOT,M,2018-09-01,3,AUD,3,,,3000
ABS:MERCH_IMP(1.0.0),67,PERU,TOT,M,2019-03-01,1,AUD,3,,,1000
ABS:MERCH_IMP(1.0.0),67,PERU,TOT,M,2019-07-01,7,AUD,3,,,7000
ABS:MERCH_IMP(1.0.0),67,PERU,TOT,M,2019-12-01,9,AUD,3,,,9000
ABS:MERCH_IMP(1.0.0),67,PERU,TOT,M,2020-06-01,4,AUD,3,,,4000
ABS:MERCH_IMP(1.0.0),67,PERU,TOT,M,2020-09-01,5,AUD,3,,,5000
ABS:MERCH_IMP(1.0.0),67,PERU,TOT,M,2020-11-01,2,AUD,3,,,2000
ABS:MERCH_IMP(1.0.0),67,PERU,TOT,M,2020-12-01,1,AUD,3,,,1000
ABS:MERCH_IMP(1.0.0),67,PERU,TOT,M,2021-01-01,1,AUD,3,,,1000
ABS:MERCH_IMP(1.0.0),67,PERU,TOT,M,2021-03-01,22,AUD,3,,,22000
ABS:MERCH_IMP(1.0.0),67,PERU,TOT,M,2021-04-01,8,AUD,3,,,8000
ABS:MERCH_IMP(1.0.0),67,PERU,TOT,M,2021-06-01,2,AUD,3,,,2000
ABS:MERCH_IMP(1.0.0),67,PERU,TOT,M,2021-08-01,8,AUD,3,,,8000
ABS:MERCH_IMP(1.0.0),67,PERU,TOT,M,2021-12-01,4,AUD,3,,,4000
ABS:MERCH_IMP(1.0.0),67,PERU,TOT,M,2022-03-01,3,AUD,3,,,3000
ABS:MERCH_IMP(1.0.0),67,PERU,TOT,M,2022-06-01,3,AUD,3,,,3000
ABS:MERCH_IMP(1.0.0),67,PERU,TOT,M,2022-09-01,3,AUD,3,,,3000
ABS:MERCH_IMP(1.0.0),67,PERU,TOT,M,2022-10-01,2,AUD,3,,,2000
ABS:MERCH_IMP(1.0.0),67,PERU,TOT,M,2023-12-01,3,AUD,3,,,3000
ABS:MERCH_IMP(1.0.0),67,MLDV,TOT,M,2019-06-01,59,AUD,3,,,59000
ABS:MERCH_IMP(1.0.0),67,PLYN,TOT,M,2022-07-01,1,AUD,3,,,1000
ABS:MERCH_IMP(1.0.0),67,PLYN,TOT,M,2025-01-01,3,AUD,3,,,3000
ABS:MERCH_IMP(1.0.0),67,VANU,TOT,M,2022-06-01,25,AUD,3,,,25000
ABS:MERCH_IMP(1.0.0),67,ESTO,TOT,M,2015-01-01,53,AUD,3,,,53000
ABS:MERCH_IMP(1.0.0),67,ESTO,TOT,M,2015-02-01,48,AUD,3,,,48000
ABS:MERCH_IMP(1.0.0),67,ESTO,TOT,M,2015-03-01,74,AUD,3,,,74000
ABS:MERCH_IMP(1.0.0),67,ESTO,TOT,M,2015-04-01,44,AUD,3,,,44000
ABS:MERCH_IMP(1.0.0),67,ESTO,TOT,M,2015-05-01,47,AUD,3,,,47000
ABS:MERCH_IMP(1.0.0),67,ESTO,TOT,M,2015-06-01,134,AUD,3,,,134000
ABS:MERCH_IMP(1.0.0),67,ESTO,TOT,M,2015-07-01,51,AUD,3,,,51000
ABS:MERCH_IMP(1.0.0),67,ESTO,TOT,M,2015-09-01,98,AUD,3,,,98000
ABS:MERCH_IMP(1.0.0),67,ESTO,TOT,M,2015-10-01,43,AUD,3,,,43000
ABS:MERCH_IMP(1.0.0),67,ESTO,TOT,M,2015-11-01,89,AUD,3,,,89000
ABS:MERCH_IMP(1.0.0),67,ESTO,TOT,M,2015-12-01,99,AUD,3,,,99000
ABS:MERCH_IMP(1.0.0),67,ESTO,TOT,M,2016-01-01,73,AUD,3,,,73000
ABS:MERCH_IMP(1.0.0),67,ESTO,TOT,M,2016-02-01,126,AUD,3,,,126000
ABS:MERCH_IMP(1.0.0),67,ESTO,TOT,M,2016-03-01,2,AUD,3,,,2000
ABS:MERCH_IMP(1.0.0),67,ESTO,TOT,M,2016-04-01,131,AUD,3,,,131000
ABS:MERCH_IMP(1.0.0),67,ESTO,TOT,M,2016-05-01,84,AUD,3,,,84000
ABS:MERCH_IMP(1.0.0),67,ESTO,TOT,M,2016-06-01,86,AUD,3,,,86000
ABS:MERCH_IMP(1.0.0),67,ESTO,TOT,M,2016-07-01,101,AUD,3,,,101000
ABS:MERCH_IMP(1.0.0),67,ESTO,TOT,M,2016-08-01,41,AUD,3,,,41000
ABS:MERCH_IMP(1.0.0),67,ESTO,TOT,M,2016-10-01,68,AUD,3,,,68000
ABS:MERCH_IMP(1.0.0),67,ESTO,TOT,M,2016-11-01,74,AUD,3,,,74000
ABS:MERCH_IMP(1.0.0),67,ESTO,TOT,M,2016-12-01,92,AUD,3,,,92000
ABS:MERCH_IMP(1.0.0),67,ESTO,TOT,M,2017-01-01,182,AUD,3,,,182000
ABS:MERCH_IMP(1.0.0),67,ESTO,TOT,M,2017-02-01,76,AUD,3,,,76000
ABS:MERCH_IMP(1.0.0),67,ESTO,TOT,M,2017-03-01,76,AUD,3,,,76000
ABS:MERCH_IMP(1.0.0),67,ESTO,TOT,M,2017-04-01,98,AUD,3,,,98000
ABS:MERCH_IMP(1.0.0),67,ESTO,TOT,M,2017-05-01,97,AUD,3,,,97000
ABS:MERCH_IMP(1.0.0),67,ESTO,TOT,M,2017-06-01,193,AUD,3,,,193000
ABS:MERCH_IMP(1.0.0),67,ESTO,TOT,M,2017-08-01,80,AUD,3,,,80000
ABS:MERCH_IMP(1.0.0),67,ESTO,TOT,M,2017-09-01,132,AUD,3,,,132000
ABS:MERCH_IMP(1.0.0),67,ESTO,TOT,M,2017-11-01,150,AUD,3,,,150000
ABS:MERCH_IMP(1.0.0),67,ESTO,TOT,M,2017-12-01,142,AUD,3,,,142000
ABS:MERCH_IMP(1.0.0),67,ESTO,TOT,M,2018-01-01,77,AUD,3,,,77000
ABS:MERCH_IMP(1.0.0),67,ESTO,TOT,M,2018-02-01,105,AUD,3,,,105000
ABS:MERCH_IMP(1.0.0),67,ESTO,TOT,M,2018-03-01,94,AUD,3,,,94000
ABS:MERCH_IMP(1.0.0),67,ESTO,TOT,M,2018-04-01,97,AUD,3,,,97000
ABS:MERCH_IMP(1.0.0),67,ESTO,TOT,M,2018-05-01,61,AUD,3,,,61000
ABS:MERCH_IMP(1.0.0),67,ESTO,TOT,M,2018-06-01,100,AUD,3,,,100000
ABS:MERCH_IMP(1.0.0),67,ESTO,TOT,M,2018-07-01,208,AUD,3,,,208000
ABS:MERCH_IMP(1.0.0),67,ESTO,TOT,M,2018-08-01,85,AUD,3,,,85000
ABS:MERCH_IMP(1.0.0),67,ESTO,TOT,M,2018-09-01,152,AUD,3,,,152000
ABS:MERCH_IMP(1.0.0),67,ESTO,TOT,M,2018-10-01,1,AUD,3,,,1000
ABS:MERCH_IMP(1.0.0),67,ESTO,TOT,M,2018-11-01,191,AUD,3,,,191000
ABS:MERCH_IMP(1.0.0),67,ESTO,TOT,M,2018-12-01,147,AUD,3,,,147000
ABS:MERCH_IMP(1.0.0),67,ESTO,TOT,M,2019-02-01,237,AUD,3,,,237000
ABS:MERCH_IMP(1.0.0),67,ESTO,TOT,M,2019-03-01,104,AUD,3,,,104000
ABS:MERCH_IMP(1.0.0),67,ESTO,TOT,M,2019-04-01,131,AUD,3,,,131000
ABS:MERCH_IMP(1.0.0),67,ESTO,TOT,M,2019-05-01,156,AUD,3,,,156000
ABS:MERCH_IMP(1.0.0),67,ESTO,TOT,M,2019-06-01,248,AUD,3,,,248000
ABS:MERCH_IMP(1.0.0),67,ESTO,TOT,M,2019-08-01,119,AUD,3,,,119000
ABS:MERCH_IMP(1.0.0),67,ESTO,TOT,M,2019-09-01,138,AUD,3,,,138000
ABS:MERCH_IMP(1.0.0),67,ESTO,TOT,M,2019-10-01,82,AUD,3,,,82000
ABS:MERCH_IMP(1.0.0),67,ESTO,TOT,M,2019-11-01,119,AUD,3,,,119000
ABS:MERCH_IMP(1.0.0),67,ESTO,TOT,M,2019-12-01,148,AUD,3,,,148000
ABS:MERCH_IMP(1.0.0),67,ESTO,TOT,M,2020-01-01,164,AUD,3,,,164000
ABS:MERCH_IMP(1.0.0),67,ESTO,TOT,M,2020-02-01,189,AUD,3,,,189000
ABS:MERCH_IMP(1.0.0),67,ESTO,TOT,M,2020-05-01,161,AUD,3,,,161000
ABS:MERCH_IMP(1.0.0),67,ESTO,TOT,M,2020-06-01,96,AUD,3,,,96000
ABS:MERCH_IMP(1.0.0),67,ESTO,TOT,M,2020-07-01,58,AUD,3,,,58000
ABS:MERCH_IMP(1.0.0),67,ESTO,TOT,M,2020-08-01,114,AUD,3,,,114000
ABS:MERCH_IMP(1.0.0),67,ESTO,TOT,M,2020-10-01,129,AUD,3,,,129000
ABS:MERCH_IMP(1.0.0),67,ESTO,TOT,M,2020-11-01,1,AUD,3,,,1000
ABS:MERCH_IMP(1.0.0),67,ESTO,TOT,M,2020-12-01,196,AUD,3,,,196000
ABS:MERCH_IMP(1.0.0),67,ESTO,TOT,M,2021-01-01,2,AUD,3,,,2000
ABS:MERCH_IMP(1.0.0),67,ESTO,TOT,M,2021-02-01,144,AUD,3,,,144000
ABS:MERCH_IMP(1.0.0),67,ESTO,TOT,M,2021-03-01,163,AUD,3,,,163000
ABS:MERCH_IMP(1.0.0),67,ESTO,TOT,M,2021-04-01,2,AUD,3,,,2000
ABS:MERCH_IMP(1.0.0),67,ESTO,TOT,M,2021-05-01,134,AUD,3,,,134000
ABS:MERCH_IMP(1.0.0),67,ESTO,TOT,M,2021-07-01,162,AUD,3,,,162000
ABS:MERCH_IMP(1.0.0),67,ESTO,TOT,M,2021-09-01,45,AUD,3,,,45000
ABS:MERCH_IMP(1.0.0),67,ESTO,TOT,M,2021-10-01,118,AUD,3,,,118000
ABS:MERCH_IMP(1.0.0),67,ESTO,TOT,M,2021-12-01,227,AUD,3,,,227000
ABS:MERCH_IMP(1.0.0),67,ESTO,TOT,M,2022-01-01,126,AUD,3,,,126000
ABS:MERCH_IMP(1.0.0),67,ESTO,TOT,M,2022-03-01,89,AUD,3,,,89000
ABS:MERCH_IMP(1.0.0),67,ESTO,TOT,M,2022-04-01,205,AUD,3,,,205000
ABS:MERCH_IMP(1.0.0),67,ESTO,TOT,M,2022-05-01,67,AUD,3,,,67000
ABS:MERCH_IMP(1.0.0),67,ESTO,TOT,M,2022-06-01,90,AUD,3,,,90000
ABS:MERCH_IMP(1.0.0),67,ESTO,TOT,M,2022-07-01,213,AUD,3,,,213000
ABS:MERCH_IMP(1.0.0),67,ESTO,TOT,M,2022-08-01,1,AUD,3,,,1000
ABS:MERCH_IMP(1.0.0),67,ESTO,TOT,M,2022-09-01,123,AUD,3,,,123000
ABS:MERCH_IMP(1.0.0),67,ESTO,TOT,M,2022-10-01,159,AUD,3,,,159000
ABS:MERCH_IMP(1.0.0),67,ESTO,TOT,M,2022-11-01,114,AUD,3,,,114000
ABS:MERCH_IMP(1.0.0),67,ESTO,TOT,M,2022-12-01,95,AUD,3,,,95000
ABS:MERCH_IMP(1.0.0),67,ESTO,TOT,M,2023-01-01,226,AUD,3,,,226000
ABS:MERCH_IMP(1.0.0),67,ESTO,TOT,M,2023-02-01,2,AUD,3,,,2000
ABS:MERCH_IMP(1.0.0),67,ESTO,TOT,M,2023-03-01,253,AUD,3,,,253000
ABS:MERCH_IMP(1.0.0),67,ESTO,TOT,M,2023-04-01,4,AUD,3,,,4000
ABS:MERCH_IMP(1.0.0),67,ESTO,TOT,M,2023-05-01,217,AUD,3,,,217000
ABS:MERCH_IMP(1.0.0),67,ESTO,TOT,M,2023-06-01,83,AUD,3,,,83000
ABS:MERCH_IMP(1.0.0),67,ESTO,TOT,M,2023-07-01,148,AUD,3,,,148000
ABS:MERCH_IMP(1.0.0),67,ESTO,TOT,M,2023-08-01,205,AUD,3,,,205000
ABS:MERCH_IMP(1.0.0),67,ESTO,TOT,M,2023-09-01,3,AUD,3,,,3000
ABS:MERCH_IMP(1.0.0),67,ESTO,TOT,M,2023-11-01,184,AUD,3,,,184000
ABS:MERCH_IMP(1.0.0),67,ESTO,TOT,M,2023-12-01,6,AUD,3,,,6000
ABS:MERCH_IMP(1.0.0),67,ESTO,TOT,M,2024-02-01,199,AUD,3,,,199000
ABS:MERCH_IMP(1.0.0),67,ESTO,TOT,M,2024-03-01,3,AUD,3,,,3000
ABS:MERCH_IMP(1.0.0),67,ESTO,TOT,M,2024-05-01,224,AUD,3,,,224000
ABS:MERCH_IMP(1.0.0),67,ESTO,TOT,M,2024-08-01,3,AUD,3,,,3000
ABS:MERCH_IMP(1.0.0),67,ESTO,TOT,M,2024-10-01,3,AUD,3,,,3000
ABS:MERCH_IMP(1.0.0),67,ESTO,TOT,M,2024-11-01,3,AUD,3,,,3000
ABS:MERCH_IMP(1.0.0),67,ESTO,TOT,M,2024-12-01,1,AUD,3,,,1000
ABS:MERCH_IMP(1.0.0),67,ESTO,TOT,M,2025-01-01,3,AUD,3,,,3000
ABS:MERCH_IMP(1.0.0),67,ESTO,TOT,M,2025-02-01,1,AUD,3,,,1000
ABS:MERCH_IMP(1.0.0),67,ESTO,TOT,M,2025-03-01,4,AUD,3,,,4000
ABS:MERCH_IMP(1.0.0),67,ESTO,TOT,M,2025-04-01,247,AUD,3,,,247000
ABS:MERCH_IMP(1.0.0),67,ESTO,TOT,M,2025-05-01,5,AUD,3,,,5000
ABS:MERCH_IMP(1.0.0),67,ESTO,TOT,M,2025-07-01,1,AUD,3,,,1000
ABS:MERCH_IMP(1.0.0),67,ESTO,TOT,M,2025-08-01,10,AUD,3,,,10000
ABS:MERCH_IMP(1.0.0),67,ESTO,TOT,M,2025-09-01,3,AUD,3,,,3000
ABS:MERCH_IMP(1.0.0),67,ESTO,TOT,M,2025-10-01,99,AUD,3,,,99000
ABS:MERCH_IMP(1.0.0),67,ESTO,TOT,M,2025-11-01,14,AUD,3,,,14000
ABS:MERCH_IMP(1.0.0),67,ESTO,TOT,M,2025-12-01,3,AUD,3,,,3000
ABS:MERCH_IMP(1.0.0),67,ESTO,TOT,M,2026-01-01,155,AUD,3,,,155000
ABS:MERCH_IMP(1.0.0),67,ESTO,TOT,M,2026-02-01,2,AUD,3,,,2000
ABS:MERCH_IMP(1.0.0),67,ESTO,TOT,M,2026-03-01,134,AUD,3,,,134000
ABS:MERCH_IMP(1.0.0),67,ESTO,TOT,M,2026-04-01,8,AUD,3,,,8000
ABS:MERCH_IMP(1.0.0),67,ESTO,TOT,M,2026-05-01,134,AUD,3,,,134000
ABS:MERCH_IMP(1.0.0),67,ESTO,TOT,M,2026-06-01,214,AUD,3,,,214000
ABS:MERCH_IMP(1.0.0),67,ESTO,TOT,M,2026-07-01,4,AUD,3,,,4000
ABS:MERCH_IMP(1.0.0),67,LITH,TOT,M,2015-09-01,1,AUD,3,,,1000
ABS:MERCH_IMP(1.0.0),67,LITH,TOT,M,2016-03-01,2,AUD,3,,,2000
ABS:MERCH_IMP(1.0.0),67,LITH,TOT,M,2016-08-01,20,AUD,3,,,20000
ABS:MERCH_IMP(1.0.0),67,LITH,TOT,M,2017-05-01,19,AUD,3,,,19000
ABS:MERCH_IMP(1.0.0),67,LITH,TOT,M,2017-09-01,1,AUD,3,,,1000
ABS:MERCH_IMP(1.0.0),67,LITH,TOT,M,2017-10-01,2,AUD,3,,,2000
ABS:MERCH_IMP(1.0.0),67,LITH,TOT,M,2018-01-01,2,AUD,3,,,2000
ABS:MERCH_IMP(1.0.0),67,LITH,TOT,M,2018-08-01,3,AUD,3,,,3000
ABS:MERCH_IMP(1.0.0),67,LITH,TOT,M,2018-09-01,1,AUD,3,,,1000
ABS:MERCH_IMP(1.0.0),67,LITH,TOT,M,2018-10-01,2,AUD,3,,,2000
ABS:MERCH_IMP(1.0.0),67,LITH,TOT,M,2019-01-01,1,AUD,3,,,1000
ABS:MERCH_IMP(1.0.0),67,LITH,TOT,M,2019-02-01,3,AUD,3,,,3000
ABS:MERCH_IMP(1.0.0),67,LITH,TOT,M,2019-03-01,1,AUD,3,,,1000
ABS:MERCH_IMP(1.0.0),67,LITH,TOT,M,2019-06-01,1,AUD,3,,,1000
ABS:MERCH_IMP(1.0.0),67,LITH,TOT,M,2019-07-01,1,AUD,3,,,1000
ABS:MERCH_IMP(1.0.0),67,LITH,TOT,M,2019-08-01,1,AUD,3,,,1000
ABS:MERCH_IMP(1.0.0),67,LITH,TOT,M,2019-09-01,1,AUD,3,,,1000
ABS:MERCH_IMP(1.0.0),67,LITH,TOT,M,2020-03-01,1,AUD,3,,,1000
ABS:MERCH_IMP(1.0.0),67,LITH,TOT,M,2020-09-01,1,AUD,3,,,1000
ABS:MERCH_IMP(1.0.0),67,LITH,TOT,M,2020-10-01,1,AUD,3,,,1000
ABS:MERCH_IMP(1.0.0),67,LITH,TOT,M,2021-04-01,1,AUD,3,,,1000
ABS:MERCH_IMP(1.0.0),67,LITH,TOT,M,2021-07-01,1,AUD,3,,,1000
ABS:MERCH_IMP(1.0.0),67,LITH,TOT,M,2021-08-01,16,AUD,3,,,16000
ABS:MERCH_IMP(1.0.0),67,LITH,TOT,M,2021-09-01,3,AUD,3,,,3000
ABS:MERCH_IMP(1.0.0),67,LITH,TOT,M,2021-10-01,16,AUD,3,,,16000
ABS:MERCH_IMP(1.0.0),67,LITH,TOT,M,2022-03-01,4,AUD,3,,,4000
ABS:MERCH_IMP(1.0.0),67,LITH,TOT,M,2022-04-01,5,AUD,3,,,5000
ABS:MERCH_IMP(1.0.0),67,LITH,TOT,M,2022-05-01,16,AUD,3,,,16000
ABS:MERCH_IMP(1.0.0),67,LITH,TOT,M,2022-07-01,26,AUD,3,,,26000
ABS:MERCH_IMP(1.0.0),67,LITH,TOT,M,2022-11-01,2,AUD,3,,,2000
ABS:MERCH_IMP(1.0.0),67,LITH,TOT,M,2023-07-01,19,AUD,3,,,19000
ABS:MERCH_IMP(1.0.0),67,LITH,TOT,M,2023-10-01,128,AUD,3,,,128000
ABS:MERCH_IMP(1.0.0),67,LITH,TOT,M,2023-11-01,130,AUD,3,,,130000
ABS:MERCH_IMP(1.0.0),67,LITH,TOT,M,2023-12-01,1,AUD,3,,,1000
ABS:MERCH_IMP(1.0.0),67,LITH,TOT,M,2024-01-01,84,AUD,3,,,84000
ABS:MERCH_IMP(1.0.0),67,LITH,TOT,M,2024-02-01,3,AUD,3,,,3000
ABS:MERCH_IMP(1.0.0),67,LITH,TOT,M,2024-03-01,18,AUD,3,,,18000
ABS:MERCH_IMP(1.0.0),67,LITH,TOT,M,2024-04-01,1,AUD,3,,,1000
ABS:MERCH_IMP(1.0.0),67,LITH,TOT,M,2024-05-01,138,AUD,3,,,138000
ABS:MERCH_IMP(1.0.0),67,LITH,TOT,M,2024-06-01,101,AUD,3,,,101000
ABS:MERCH_IMP(1.0.0),67,LITH,TOT,M,2024-07-01,203,AUD,3,,,203000
ABS:MERCH_IMP(1.0.0),67,LITH,TOT,M,2024-08-01,85,AUD,3,,,85000
ABS:MERCH_IMP(1.0.0),67,LITH,TOT,M,2024-09-01,113,AUD,3,,,113000
ABS:MERCH_IMP(1.0.0),67,LITH,TOT,M,2024-10-01,289,AUD,3,,,289000
ABS:MERCH_IMP(1.0.0),67,LITH,TOT,M,2024-11-01,275,AUD,3,,,275000
ABS:MERCH_IMP(1.0.0),67,LITH,TOT,M,2025-01-01,136,AUD,3,,,136000
ABS:MERCH_IMP(1.0.0),67,LITH,TOT,M,2025-03-01,307,AUD,3,,,307000
ABS:MERCH_IMP(1.0.0),67,LITH,TOT,M,2025-05-01,123,AUD,3,,,123000
ABS:MERCH_IMP(1.0.0),67,LITH,TOT,M,2025-07-01,68,AUD,3,,,68000
ABS:MERCH_IMP(1.0.0),67,LITH,TOT,M,2025-08-01,142,AUD,3,,,142000
ABS:MERCH_IMP(1.0.0),67,LITH,TOT,M,2025-09-01,8,AUD,3,,,8000
ABS:MERCH_IMP(1.0.0),67,LITH,TOT,M,2025-12-01,45,AUD,3,,,45000
ABS:MERCH_IMP(1.0.0),67,LITH,TOT,M,2026-03-01,12,AUD,3,,,12000
ABS:MERCH_IMP(1.0.0),67,LITH,TOT,M,2026-04-01,6,AUD,3,,,6000
ABS:MERCH_IMP(1.0.0),67,LITH,TOT,M,2026-05-01,3,AUD,3,,,3000
ABS:MERCH_IMP(1.0.0),67,LUX,TOT,M,2015-01-01,235,AUD,3,,,235000
ABS:MERCH_IMP(1.0.0),67,LUX,TOT,M,2015-02-01,0,AUD,3,,,0
ABS:MERCH_IMP(1.0.0),67,LUX,TOT,M,2015-03-01,0,AUD,3,,,0
ABS:MERCH_IMP(1.0.0),67,LUX,TOT,M,2015-04-01,135,AUD,3,,,135000
ABS:MERCH_IMP(1.0.0),67,LUX,TOT,M,2015-05-01,33,AUD,3,,,33000
ABS:MERCH_IMP(1.0.0),67,LUX,TOT,M,2015-06-01,259,AUD,3,,,259000
ABS:MERCH_IMP(1.0.0),67,LUX,TOT,M,2015-07-01,367,AUD,3,,,367000
ABS:MERCH_IMP(1.0.0),67,LUX,TOT,M,2015-08-01,197,AUD,3,,,197000
ABS:MERCH_IMP(1.0.0),67,LUX,TOT,M,2015-10-01,67,AUD,3,,,67000
ABS:MERCH_IMP(1.0.0),67,LUX,TOT,M,2015-11-01,1,AUD,3,,,1000
ABS:MERCH_IMP(1.0.0),67,LUX,TOT,M,2015-12-01,56,AUD,3,,,56000
ABS:MERCH_IMP(1.0.0),67,LUX,TOT,M,2016-01-01,206,AUD,3,,,206000
ABS:MERCH_IMP(1.0.0),67,LUX,TOT,M,2016-02-01,174,AUD,3,,,174000
ABS:MERCH_IMP(1.0.0),67,LUX,TOT,M,2016-03-01,0,AUD,3,,,0
ABS:MERCH_IMP(1.0.0),67,LUX,TOT,M,2016-04-01,31,AUD,3,,,31000
ABS:MERCH_IMP(1.0.0),67,LUX,TOT,M,2016-05-01,0,AUD,3,,,0
ABS:MERCH_IMP(1.0.0),67,LUX,TOT,M,2016-06-01,34,AUD,3,,,34000
ABS:MERCH_IMP(1.0.0),67,LUX,TOT,M,2016-07-01,29,AUD,3,,,29000
ABS:MERCH_IMP(1.0.0),67,LUX,TOT,M,2016-08-01,97,AUD,3,,,97000
ABS:MERCH_IMP(1.0.0),67,LUX,TOT,M,2016-09-01,6,AUD,3,,,6000
ABS:MERCH_IMP(1.0.0),67,LUX,TOT,M,2016-10-01,30,AUD,3,,,30000
ABS:MERCH_IMP(1.0.0),67,LUX,TOT,M,2016-11-01,380,AUD,3,,,380000
ABS:MERCH_IMP(1.0.0),67,LUX,TOT,M,2016-12-01,175,AUD,3,,,175000
ABS:MERCH_IMP(1.0.0),67,LUX,TOT,M,2017-01-01,83,AUD,3,,,83000
ABS:MERCH_IMP(1.0.0),67,LUX,TOT,M,2017-02-01,304,AUD,3,,,304000
ABS:MERCH_IMP(1.0.0),67,LUX,TOT,M,2017-03-01,71,AUD,3,,,71000
ABS:MERCH_IMP(1.0.0),67,LUX,TOT,M,2017-04-01,7,AUD,3,,,7000
ABS:MERCH_IMP(1.0.0),67,LUX,TOT,M,2017-05-01,368,AUD,3,,,368000
ABS:MERCH_IMP(1.0.0),67,LUX,TOT,M,2017-06-01,903,AUD,3,,,903000
ABS:MERCH_IMP(1.0.0),67,LUX,TOT,M,2017-07-01,16,AUD,3,,,16000
ABS:MERCH_IMP(1.0.0),67,LUX,TOT,M,2017-08-01,196,AUD,3,,,196000
ABS:MERCH_IMP(1.0.0),67,LUX,TOT,M,2017-09-01,563,AUD,3,,,563000
ABS:MERCH_IMP(1.0.0),67,LUX,TOT,M,2017-10-01,441,AUD,3,,,441000
ABS:MERCH_IMP(1.0.0),67,LUX,TOT,M,2017-11-01,154,AUD,3,,,154000
ABS:MERCH_IMP(1.0.0),67,LUX,TOT,M,2017-12-01,655,AUD,3,,,655000
ABS:MERCH_IMP(1.0.0),67,LUX,TOT,M,2018-01-01,191,AUD,3,,,191000
ABS:MERCH_IMP(1.0.0),67,LUX,TOT,M,2018-02-01,411,AUD,3,,,411000
ABS:MERCH_IMP(1.0.0),67,LUX,TOT,M,2018-03-01,429,AUD,3,,,429000
ABS:MERCH_IMP(1.0.0),67,LUX,TOT,M,2018-04-01,474,AUD,3,,,474000
ABS:MERCH_IMP(1.0.0),67,LUX,TOT,M,2018-05-01,517,AUD,3,,,517000
ABS:MERCH_IMP(1.0.0),67,LUX,TOT,M,2018-06-01,404,AUD,3,,,404000
ABS:MERCH_IMP(1.0.0),67,LUX,TOT,M,2018-07-01,242,AUD,3,,,242000
ABS:MERCH_IMP(1.0.0),67,LUX,TOT,M,2018-08-01,218,AUD,3,,,218000
ABS:MERCH_IMP(1.0.0),67,LUX,TOT,M,2018-09-01,175,AUD,3,,,175000
ABS:MERCH_IMP(1.0.0),67,LUX,TOT,M,2018-10-01,723,AUD,3,,,723000
ABS:MERCH_IMP(1.0.0),67,LUX,TOT,M,2018-11-01,181,AUD,3,,,181000
ABS:MERCH_IMP(1.0.0),67,LUX,TOT,M,2018-12-01,153,AUD,3,,,153000
ABS:MERCH_IMP(1.0.0),67,LUX,TOT,M,2019-01-01,198,AUD,3,,,198000
ABS:MERCH_IMP(1.0.0),67,LUX,TOT,M,2019-02-01,825,AUD,3,,,825000
ABS:MERCH_IMP(1.0.0),67,LUX,TOT,M,2019-03-01,136,AUD,3,,,136000
ABS:MERCH_IMP(1.0.0),67,LUX,TOT,M,2019-04-01,67,AUD,3,,,67000
ABS:MERCH_IMP(1.0.0),67,LUX,TOT,M,2019-05-01,566,AUD,3,,,566000
ABS:MERCH_IMP(1.0.0),67,LUX,TOT,M,2019-06-01,100,AUD,3,,,100000
ABS:MERCH_IMP(1.0.0),67,LUX,TOT,M,2019-07-01,674,AUD,3,,,674000
ABS:MERCH_IMP(1.0.0),67,LUX,TOT,M,2019-08-01,913,AUD,3,,,913000
ABS:MERCH_IMP(1.0.0),67,LUX,TOT,M,2019-09-01,612,AUD,3,,,612000
ABS:MERCH_IMP(1.0.0),67,LUX,TOT,M,2019-10-01,132,AUD,3,,,132000
ABS:MERCH_IMP(1.0.0),67,LUX,TOT,M,2019-11-01,0,AUD,3,,,0
ABS:MERCH_IMP(1.0.0),67,LUX,TOT,M,2019-12-01,111,AUD,3,,,111000
ABS:MERCH_IMP(1.0.0),67,LUX,TOT,M,2020-02-01,505,AUD,3,,,505000
ABS:MERCH_IMP(1.0.0),67,LUX,TOT,M,2020-03-01,267,AUD,3,,,267000
ABS:MERCH_IMP(1.0.0),67,LUX,TOT,M,2020-04-01,277,AUD,3,,,277000
ABS:MERCH_IMP(1.0.0),67,LUX,TOT,M,2020-05-01,36,AUD,3,,,36000
ABS:MERCH_IMP(1.0.0),67,LUX,TOT,M,2020-06-01,640,AUD,3,,,640000
ABS:MERCH_IMP(1.0.0),67,LUX,TOT,M,2020-07-01,392,AUD,3,,,392000
ABS:MERCH_IMP(1.0.0),67,LUX,TOT,M,2020-08-01,106,AUD,3,,,106000
ABS:MERCH_IMP(1.0.0),67,LUX,TOT,M,2020-09-01,58,AUD,3,,,58000
ABS:MERCH_IMP(1.0.0),67,LUX,TOT,M,2020-10-01,578,AUD,3,,,578000
ABS:MERCH_IMP(1.0.0),67,LUX,TOT,M,2020-11-01,3,AUD,3,,,3000
ABS:MERCH_IMP(1.0.0),67,LUX,TOT,M,2020-12-01,40,AUD,3,,,40000
ABS:MERCH_IMP(1.0.0),67,LUX,TOT,M,2021-02-01,545,AUD,3,,,545000
ABS:MERCH_IMP(1.0.0),67,LUX,TOT,M,2021-03-01,266,AUD,3,,,266000
ABS:MERCH_IMP(1.0.0),67,LUX,TOT,M,2021-04-01,266,AUD,3,,,266000
ABS:MERCH_IMP(1.0.0),67,LUX,TOT,M,2021-05-01,575,AUD,3,,,575000
ABS:MERCH_IMP(1.0.0),67,LUX,TOT,M,2021-06-01,33,AUD,3,,,33000
ABS:MERCH_IMP(1.0.0),67,LUX,TOT,M,2021-07-01,1,AUD,3,,,1000
ABS:MERCH_IMP(1.0.0),67,LUX,TOT,M,2021-08-01,168,AUD,3,,,168000
ABS:MERCH_IMP(1.0.0),67,LUX,TOT,M,2021-09-01,413,AUD,3,,,413000
ABS:MERCH_IMP(1.0.0),67,LUX,TOT,M,2021-10-01,502,AUD,3,,,502000
ABS:MERCH_IMP(1.0.0),67,LUX,TOT,M,2021-11-01,183,AUD,3,,,183000
ABS:MERCH_IMP(1.0.0),67,LUX,TOT,M,2021-12-01,479,AUD,3,,,479000
ABS:MERCH_IMP(1.0.0),67,LUX,TOT,M,2022-01-01,759,AUD,3,,,759000
ABS:MERCH_IMP(1.0.0),67,LUX,TOT,M,2022-02-01,370,AUD,3,,,370000
ABS:MERCH_IMP(1.0.0),67,LUX,TOT,M,2022-03-01,866,AUD,3,,,866000
ABS:MERCH_IMP(1.0.0),67,LUX,TOT,M,2022-04-01,587,AUD,3,,,587000
ABS:MERCH_IMP(1.0.0),67,LUX,TOT,M,2022-05-01,284,AUD,3,,,284000
ABS:MERCH_IMP(1.0.0),67,LUX,TOT,M,2022-06-01,54,AUD,3,,,54000
ABS:MERCH_IMP(1.0.0),67,LUX,TOT,M,2022-07-01,232,AUD,3,,,232000
ABS:MERCH_IMP(1.0.0),67,LUX,TOT,M,2022-08-01,576,AUD,3,,,576000
ABS:MERCH_IMP(1.0.0),67,LUX,TOT,M,2022-09-01,205,AUD,3,,,205000
ABS:MERCH_IMP(1.0.0),67,LUX,TOT,M,2022-10-01,799,AUD,3,,,799000
ABS:MERCH_IMP(1.0.0),67,LUX,TOT,M,2022-12-01,313,AUD,3,,,313000
ABS:MERCH_IMP(1.0.0),67,LUX,TOT,M,2023-01-01,140,AUD,3,,,140000
ABS:MERCH_IMP(1.0.0),67,LUX,TOT,M,2023-03-01,56,AUD,3,,,56000
ABS:MERCH_IMP(1.0.0),67,LUX,TOT,M,2023-04-01,190,AUD,3,,,190000
ABS:MERCH_IMP(1.0.0),67,LUX,TOT,M,2023-05-01,167,AUD,3,,,167000
ABS:MERCH_IMP(1.0.0),67,LUX,TOT,M,2023-07-01,129,AUD,3,,,129000
ABS:MERCH_IMP(1.0.0),67,LUX,TOT,M,2023-08-01,335,AUD,3,,,335000
ABS:MERCH_IMP(1.0.0),67,LUX,TOT,M,2023-09-01,552,AUD,3,,,552000
ABS:MERCH_IMP(1.0.0),67,LUX,TOT,M,2023-10-01,86,AUD,3,,,86000
ABS:MERCH_IMP(1.0.0),67,LUX,TOT,M,2023-11-01,475,AUD,3,,,475000
ABS:MERCH_IMP(1.0.0),67,LUX,TOT,M,2023-12-01,224,AUD,3,,,224000
ABS:MERCH_IMP(1.0.0),67,LUX,TOT,M,2024-01-01,158,AUD,3,,,158000
ABS:MERCH_IMP(1.0.0),67,LUX,TOT,M,2024-02-01,292,AUD,3,,,292000
ABS:MERCH_IMP(1.0.0),67,LUX,TOT,M,2024-03-01,751,AUD,3,,,751000
ABS:MERCH_IMP(1.0.0),67,LUX,TOT,M,2024-04-01,341,AUD,3,,,341000
ABS:MERCH_IMP(1.0.0),67,LUX,TOT,M,2024-05-01,61,AUD,3,,,61000
ABS:MERCH_IMP(1.0.0),67,LUX,TOT,M,2024-06-01,355,AUD,3,,,355000
ABS:MERCH_IMP(1.0.0),67,LUX,TOT,M,2024-07-01,123,AUD,3,,,123000
ABS:MERCH_IMP(1.0.0),67,LUX,TOT,M,2024-08-01,610,AUD,3,,,610000
ABS:MERCH_IMP(1.0.0),67,LUX,TOT,M,2024-10-01,263,AUD,3,,,263000
ABS:MERCH_IMP(1.0.0),67,LUX,TOT,M,2024-12-01,84,AUD,3,,,84000
ABS:MERCH_IMP(1.0.0),67,LUX,TOT,M,2025-01-01,1696,AUD,3,,,1696000
ABS:MERCH_IMP(1.0.0),67,LUX,TOT,M,2025-02-01,280,AUD,3,,,280000
ABS:MERCH_IMP(1.0.0),67,LUX,TOT,M,2025-03-01,329,AUD,3,,,329000
ABS:MERCH_IMP(1.0.0),67,LUX,TOT,M,2025-04-01,5415,AUD,3,,,5415000
ABS:MERCH_IMP(1.0.0),67,LUX,TOT,M,2025-05-01,126,AUD,3,,,126000
ABS:MERCH_IMP(1.0.0),67,LUX,TOT,M,2025-06-01,299,AUD,3,,,299000
ABS:MERCH_IMP(1.0.0),67,LUX,TOT,M,2025-07-01,23,AUD,3,,,23000
ABS:MERCH_IMP(1.0.0),67,LUX,TOT,M,2025-09-01,578,AUD,3,,,578000
ABS:MERCH_IMP(1.0.0),67,LUX,TOT,M,2025-10-01,122,AUD,3,,,122000
ABS:MERCH_IMP(1.0.0),67,LUX,TOT,M,2025-11-01,60,AUD,3,,,60000
ABS:MERCH_IMP(1.0.0),67,LUX,TOT,M,2025-12-01,136,AUD,3,,,136000
ABS:MERCH_IMP(1.0.0),67,LUX,TOT,M,2026-01-01,321,AUD,3,,,321000
ABS:MERCH_IMP(1.0.0),67,LUX,TOT,M,2026-02-01,1,AUD,3,,,1000
ABS:MERCH_IMP(1.0.0),67,LUX,TOT,M,2026-03-01,377,AUD,3,,,377000
ABS:MERCH_IMP(1.0.0),67,LUX,TOT,M,2026-04-01,221,AUD,3,,,221000
ABS:MERCH_IMP(1.0.0),67,LUX,TOT,M,2026-07-01,106,AUD,3,,,106000
ABS:MERCH_IMP(1.0.0),67,ASTA,TOT,M,2015-01-01,1804,AUD,3,,,1804000
ABS:MERCH_IMP(1.0.0),67,ASTA,TOT,M,2015-02-01,10276,AUD,3,,,10276000
ABS:MERCH_IMP(1.0.0),67,ASTA,TOT,M,2015-03-01,287,AUD,3,,,287000
ABS:MERCH_IMP(1.0.0),67,ASTA,TOT,M,2015-04-01,2239,AUD,3,,,2239000
ABS:MERCH_IMP(1.0.0),67,ASTA,TOT,M,2015-05-01,1425,AUD,3,,,1425000
ABS:MERCH_IMP(1.0.0),67,ASTA,TOT,M,2015-06-01,955,AUD,3,,,955000
ABS:MERCH_IMP(1.0.0),67,ASTA,TOT,M,2015-07-01,826,AUD,3,,,826000
ABS:MERCH_IMP(1.0.0),67,ASTA,TOT,M,2015-08-01,5891,AUD,3,,,5891000
ABS:MERCH_IMP(1.0.0),67,ASTA,TOT,M,2015-09-01,1050,AUD,3,,,1050000
ABS:MERCH_IMP(1.0.0),67,ASTA,TOT,M,2015-10-01,1239,AUD,3,,,1239000
ABS:MERCH_IMP(1.0.0),67,ASTA,TOT,M,2015-11-01,1022,AUD,3,,,1022000
ABS:MERCH_IMP(1.0.0),67,ASTA,TOT,M,2015-12-01,3990,AUD,3,,,3990000
ABS:MERCH_IMP(1.0.0),67,ASTA,TOT,M,2016-01-01,472,AUD,3,,,472000
ABS:MERCH_IMP(1.0.0),67,ASTA,TOT,M,2016-02-01,7395,AUD,3,,,7395000
ABS:MERCH_IMP(1.0.0),67,ASTA,TOT,M,2016-03-01,952,AUD,3,,,952000
ABS:MERCH_IMP(1.0.0),67,ASTA,TOT,M,2016-04-01,856,AUD,3,,,856000
ABS:MERCH_IMP(1.0.0),67,ASTA,TOT,M,2016-05-01,567,AUD,3,,,567000
ABS:MERCH_IMP(1.0.0),67,ASTA,TOT,M,2016-06-01,309,AUD,3,,,309000
ABS:MERCH_IMP(1.0.0),67,ASTA,TOT,M,2016-07-01,3552,AUD,3,,,3552000
ABS:MERCH_IMP(1.0.0),67,ASTA,TOT,M,2016-08-01,6065,AUD,3,,,6065000
ABS:MERCH_IMP(1.0.0),67,ASTA,TOT,M,2016-09-01,792,AUD,3,,,792000
ABS:MERCH_IMP(1.0.0),67,ASTA,TOT,M,2016-10-01,485,AUD,3,,,485000
ABS:MERCH_IMP(1.0.0),67,ASTA,TOT,M,2016-11-01,511,AUD,3,,,511000
ABS:MERCH_IMP(1.0.0),67,ASTA,TOT,M,2016-12-01,5690,AUD,3,,,5690000
ABS:MERCH_IMP(1.0.0),67,ASTA,TOT,M,2017-01-01,1211,AUD,3,,,1211000
ABS:MERCH_IMP(1.0.0),67,ASTA,TOT,M,2017-02-01,2011,AUD,3,,,2011000
ABS:MERCH_IMP(1.0.0),67,ASTA,TOT,M,2017-03-01,498,AUD,3,,,498000
ABS:MERCH_IMP(1.0.0),67,ASTA,TOT,M,2017-04-01,636,AUD,3,,,636000
ABS:MERCH_IMP(1.0.0),67,ASTA,TOT,M,2017-05-01,1123,AUD,3,,,1123000
ABS:MERCH_IMP(1.0.0),67,ASTA,TOT,M,2017-06-01,6407,AUD,3,,,6407000
ABS:MERCH_IMP(1.0.0),67,ASTA,TOT,M,2017-07-01,504,AUD,3,,,504000
ABS:MERCH_IMP(1.0.0),67,ASTA,TOT,M,2017-08-01,1579,AUD,3,,,1579000
ABS:MERCH_IMP(1.0.0),67,ASTA,TOT,M,2017-09-01,1374,AUD,3,,,1374000
ABS:MERCH_IMP(1.0.0),67,ASTA,TOT,M,2017-10-01,955,AUD,3,,,955000
ABS:MERCH_IMP(1.0.0),67,ASTA,TOT,M,2017-11-01,4749,AUD,3,,,4749000
ABS:MERCH_IMP(1.0.0),67,ASTA,TOT,M,2017-12-01,1050,AUD,3,,,1050000
ABS:MERCH_IMP(1.0.0),67,ASTA,TOT,M,2018-01-01,778,AUD,3,,,778000
ABS:MERCH_IMP(1.0.0),67,ASTA,TOT,M,2018-02-01,884,AUD,3,,,884000
ABS:MERCH_IMP(1.0.0),67,ASTA,TOT,M,2018-03-01,2172,AUD,3,,,2172000
ABS:MERCH_IMP(1.0.0),67,ASTA,TOT,M,2018-04-01,1321,AUD,3,,,1321000
ABS:MERCH_IMP(1.0.0),67,ASTA,TOT,M,2018-05-01,4824,AUD,3,,,4824000
ABS:MERCH_IMP(1.0.0),67,ASTA,TOT,M,2018-06-01,388,AUD,3,,,388000
ABS:MERCH_IMP(1.0.0),67,ASTA,TOT,M,2018-07-01,1662,AUD,3,,,1662000
ABS:MERCH_IMP(1.0.0),67,ASTA,TOT,M,2018-08-01,1978,AUD,3,,,1978000
ABS:MERCH_IMP(1.0.0),67,ASTA,TOT,M,2018-09-01,1329,AUD,3,,,1329000
ABS:MERCH_IMP(1.0.0),67,ASTA,TOT,M,2018-10-01,1318,AUD,3,,,1318000
ABS:MERCH_IMP(1.0.0),67,ASTA,TOT,M,2018-11-01,2957,AUD,3,,,2957000
ABS:MERCH_IMP(1.0.0),67,ASTA,TOT,M,2018-12-01,383,AUD,3,,,383000
ABS:MERCH_IMP(1.0.0),67,ASTA,TOT,M,2019-01-01,3089,AUD,3,,,3089000
ABS:MERCH_IMP(1.0.0),67,ASTA,TOT,M,2019-02-01,1615,AUD,3,,,1615000
ABS:MERCH_IMP(1.0.0),67,ASTA,TOT,M,2019-03-01,910,AUD,3,,,910000
ABS:MERCH_IMP(1.0.0),67,ASTA,TOT,M,2019-04-01,1358,AUD,3,,,1358000
ABS:MERCH_IMP(1.0.0),67,ASTA,TOT,M,2019-05-01,1739,AUD,3,,,1739000
ABS:MERCH_IMP(1.0.0),67,ASTA,TOT,M,2019-06-01,16925,AUD,3,,,16925000
ABS:MERCH_IMP(1.0.0),67,ASTA,TOT,M,2019-07-01,991,AUD,3,,,991000
ABS:MERCH_IMP(1.0.0),67,ASTA,TOT,M,2019-08-01,1154,AUD,3,,,1154000
ABS:MERCH_IMP(1.0.0),67,ASTA,TOT,M,2019-09-01,888,AUD,3,,,888000
ABS:MERCH_IMP(1.0.0),67,ASTA,TOT,M,2019-10-01,675,AUD,3,,,675000
ABS:MERCH_IMP(1.0.0),67,ASTA,TOT,M,2019-11-01,796,AUD,3,,,796000
ABS:MERCH_IMP(1.0.0),67,ASTA,TOT,M,2019-12-01,1225,AUD,3,,,1225000
ABS:MERCH_IMP(1.0.0),67,ASTA,TOT,M,2020-01-01,860,AUD,3,,,860000
ABS:MERCH_IMP(1.0.0),67,ASTA,TOT,M,2020-02-01,2296,AUD,3,,,2296000
ABS:MERCH_IMP(1.0.0),67,ASTA,TOT,M,2020-03-01,872,AUD,3,,,872000
ABS:MERCH_IMP(1.0.0),67,ASTA,TOT,M,2020-04-01,873,AUD,3,,,873000
ABS:MERCH_IMP(1.0.0),67,ASTA,TOT,M,2020-05-01,1099,AUD,3,,,1099000
ABS:MERCH_IMP(1.0.0),67,ASTA,TOT,M,2020-06-01,696,AUD,3,,,696000
ABS:MERCH_IMP(1.0.0),67,ASTA,TOT,M,2020-07-01,427,AUD,3,,,427000
ABS:MERCH_IMP(1.0.0),67,ASTA,TOT,M,2020-08-01,1301,AUD,3,,,1301000
ABS:MERCH_IMP(1.0.0),67,ASTA,TOT,M,2020-09-01,767,AUD,3,,,767000
ABS:MERCH_IMP(1.0.0),67,ASTA,TOT,M,2020-10-01,6558,AUD,3,,,6558000
ABS:MERCH_IMP(1.0.0),67,ASTA,TOT,M,2020-11-01,1243,AUD,3,,,1243000
ABS:MERCH_IMP(1.0.0),67,ASTA,TOT,M,2020-12-01,10195,AUD,3,,,10195000
ABS:MERCH_IMP(1.0.0),67,ASTA,TOT,M,2021-01-01,1481,AUD,3,,,1481000
ABS:MERCH_IMP(1.0.0),67,ASTA,TOT,M,2021-02-01,725,AUD,3,,,725000
ABS:MERCH_IMP(1.0.0),67,ASTA,TOT,M,2021-03-01,1135,AUD,3,,,1135000
ABS:MERCH_IMP(1.0.0),67,ASTA,TOT,M,2021-04-01,1489,AUD,3,,,1489000
ABS:MERCH_IMP(1.0.0),67,ASTA,TOT,M,2021-05-01,499,AUD,3,,,499000
ABS:MERCH_IMP(1.0.0),67,ASTA,TOT,M,2021-06-01,1493,AUD,3,,,1493000
ABS:MERCH_IMP(1.0.0),67,ASTA,TOT,M,2021-07-01,1201,AUD,3,,,1201000
ABS:MERCH_IMP(1.0.0),67,ASTA,TOT,M,2021-08-01,1011,AUD,3,,,1011000
ABS:MERCH_IMP(1.0.0),67,ASTA,TOT,M,2021-09-01,1653,AUD,3,,,1653000
ABS:MERCH_IMP(1.0.0),67,ASTA,TOT,M,2021-10-01,724,AUD,3,,,724000
ABS:MERCH_IMP(1.0.0),67,ASTA,TOT,M,2021-11-01,2865,AUD,3,,,2865000
ABS:MERCH_IMP(1.0.0),67,ASTA,TOT,M,2021-12-01,1174,AUD,3,,,1174000
ABS:MERCH_IMP(1.0.0),67,ASTA,TOT,M,2022-01-01,2098,AUD,3,,,2098000
ABS:MERCH_IMP(1.0.0),67,ASTA,TOT,M,2022-02-01,689,AUD,3,,,689000
ABS:MERCH_IMP(1.0.0),67,ASTA,TOT,M,2022-03-01,1722,AUD,3,,,1722000
ABS:MERCH_IMP(1.0.0),67,ASTA,TOT,M,2022-04-01,1398,AUD,3,,,1398000
ABS:MERCH_IMP(1.0.0),67,ASTA,TOT,M,2022-05-01,2992,AUD,3,,,2992000
ABS:MERCH_IMP(1.0.0),67,ASTA,TOT,M,2022-06-01,16183,AUD,3,,,16183000
ABS:MERCH_IMP(1.0.0),67,ASTA,TOT,M,2022-07-01,1894,AUD,3,,,1894000
ABS:MERCH_IMP(1.0.0),67,ASTA,TOT,M,2022-08-01,4103,AUD,3,,,4103000
ABS:MERCH_IMP(1.0.0),67,ASTA,TOT,M,2022-09-01,152,AUD,3,,,152000
ABS:MERCH_IMP(1.0.0),67,ASTA,TOT,M,2022-10-01,1652,AUD,3,,,1652000
ABS:MERCH_IMP(1.0.0),67,ASTA,TOT,M,2022-11-01,933,AUD,3,,,933000
ABS:MERCH_IMP(1.0.0),67,ASTA,TOT,M,2022-12-01,4755,AUD,3,,,4755000
ABS:MERCH_IMP(1.0.0),67,ASTA,TOT,M,2023-01-01,1088,AUD,3,,,1088000
ABS:MERCH_IMP(1.0.0),67,ASTA,TOT,M,2023-02-01,344,AUD,3,,,344000
ABS:MERCH_IMP(1.0.0),67,ASTA,TOT,M,2023-03-01,1174,AUD,3,,,1174000
ABS:MERCH_IMP(1.0.0),67,ASTA,TOT,M,2023-04-01,713,AUD,3,,,713000
ABS:MERCH_IMP(1.0.0),67,ASTA,TOT,M,2023-05-01,1770,AUD,3,,,1770000
ABS:MERCH_IMP(1.0.0),67,ASTA,TOT,M,2023-06-01,1403,AUD,3,,,1403000
ABS:MERCH_IMP(1.0.0),67,ASTA,TOT,M,2023-07-01,646,AUD,3,,,646000
ABS:MERCH_IMP(1.0.0),67,ASTA,TOT,M,2023-08-01,3110,AUD,3,,,3110000
ABS:MERCH_IMP(1.0.0),67,ASTA,TOT,M,2023-09-01,1066,AUD,3,,,1066000
ABS:MERCH_IMP(1.0.0),67,ASTA,TOT,M,2023-10-01,701,AUD,3,,,701000
ABS:MERCH_IMP(1.0.0),67,ASTA,TOT,M,2023-11-01,424,AUD,3,,,424000
ABS:MERCH_IMP(1.0.0),67,ASTA,TOT,M,2023-12-01,252,AUD,3,,,252000
ABS:MERCH_IMP(1.0.0),67,ASTA,TOT,M,2024-01-01,549,AUD,3,,,549000
ABS:MERCH_IMP(1.0.0),67,ASTA,TOT,M,2024-02-01,1442,AUD,3,,,1442000
ABS:MERCH_IMP(1.0.0),67,ASTA,TOT,M,2024-03-01,497,AUD,3,,,497000
ABS:MERCH_IMP(1.0.0),67,ASTA,TOT,M,2024-04-01,840,AUD,3,,,840000
ABS:MERCH_IMP(1.0.0),67,ASTA,TOT,M,2024-05-01,15250,AUD,3,,,15250000
ABS:MERCH_IMP(1.0.0),67,ASTA,TOT,M,2024-06-01,1150,AUD,3,,,1150000
ABS:MERCH_IMP(1.0.0),67,ASTA,TOT,M,2024-07-01,1184,AUD,3,,,1184000
ABS:MERCH_IMP(1.0.0),67,ASTA,TOT,M,2024-08-01,323,AUD,3,,,323000
ABS:MERCH_IMP(1.0.0),67,ASTA,TOT,M,2024-09-01,1258,AUD,3,,,1258000
ABS:MERCH_IMP(1.0.0),67,ASTA,TOT,M,2024-10-01,1880,AUD,3,,,1880000
ABS:MERCH_IMP(1.0.0),67,ASTA,TOT,M,2024-11-01,406,AUD,3,,,406000
ABS:MERCH_IMP(1.0.0),67,ASTA,TOT,M,2024-12-01,453,AUD,3,,,453000
ABS:MERCH_IMP(1.0.0),67,ASTA,TOT,M,2025-01-01,2193,AUD,3,,,2193000
ABS:MERCH_IMP(1.0.0),67,ASTA,TOT,M,2025-02-01,1217,AUD,3,,,1217000
ABS:MERCH_IMP(1.0.0),67,ASTA,TOT,M,2025-03-01,7024,AUD,3,,,7024000
ABS:MERCH_IMP(1.0.0),67,ASTA,TOT,M,2025-04-01,1667,AUD,3,,,1667000
ABS:MERCH_IMP(1.0.0),67,ASTA,TOT,M,2025-05-01,883,AUD,3,,,883000
ABS:MERCH_IMP(1.0.0),67,ASTA,TOT,M,2025-06-01,19750,AUD,3,,,19750000
ABS:MERCH_IMP(1.0.0),67,ASTA,TOT,M,2025-07-01,773,AUD,3,,,773000
ABS:MERCH_IMP(1.0.0),67,ASTA,TOT,M,2025-08-01,1208,AUD,3,,,1208000
ABS:MERCH_IMP(1.0.0),67,ASTA,TOT,M,2025-09-01,990,AUD,3,,,990000
ABS:MERCH_IMP(1.0.0),67,ASTA,TOT,M,2025-10-01,744,AUD,3,,,744000
ABS:MERCH_IMP(1.0.0),67,ASTA,TOT,M,2025-11-01,731,AUD,3,,,731000
ABS:MERCH_IMP(1.0.0),67,ASTA,TOT,M,2025-12-01,2524,AUD,3,,,2524000
ABS:MERCH_IMP(1.0.0),67,ASTA,TOT,M,2026-01-01,235,AUD,3,,,235000
ABS:MERCH_IMP(1.0.0),67,ASTA,TOT,M,2026-02-01,365,AUD,3,,,365000
ABS:MERCH_IMP(1.0.0),67,ASTA,TOT,M,2026-03-01,1381,AUD,3,,,1381000
ABS:MERCH_IMP(1.0.0),67,ASTA,TOT,M,2026-04-01,727,AUD,3,,,727000
ABS:MERCH_IMP(1.0.0),67,ASTA,TOT,M,2026-05-01,1570,AUD,3,,,1570000
ABS:MERCH_IMP(1.0.0),67,ASTA,TOT,M,2026-06-01,604,AUD,3,,,604000
ABS:MERCH_IMP(1.0.0),67,ASTA,TOT,M,2026-07-01,327,AUD,3,,,327000
ABS:MERCH_IMP(1.0.0),67,ANTI,TOT,M,2021-07-01,4,AUD,3,,,4000
ABS:MERCH_IMP(1.0.0),67,UKRA,TOT,M,2015-01-01,96,AUD,3,,,96000
ABS:MERCH_IMP(1.0.0),67,UKRA,TOT,M,2015-02-01,122,AUD,3,,,122000
ABS:MERCH_IMP(1.0.0),67,UKRA,TOT,M,2015-06-01,30,AUD,3,,,30000
ABS:MERCH_IMP(1.0.0),67,UKRA,TOT,M,2015-07-01,71,AUD,3,,,71000
ABS:MERCH_IMP(1.0.0),67,UKRA,TOT,M,2015-08-01,4,AUD,3,,,4000
ABS:MERCH_IMP(1.0.0),67,UKRA,TOT,M,2015-10-01,44,AUD,3,,,44000
ABS:MERCH_IMP(1.0.0),67,UKRA,TOT,M,2015-11-01,2,AUD,3,,,2000
ABS:MERCH_IMP(1.0.0),67,UKRA,TOT,M,2015-12-01,130,AUD,3,,,130000
ABS:MERCH_IMP(1.0.0),67,UKRA,TOT,M,2016-03-01,33,AUD,3,,,33000
ABS:MERCH_IMP(1.0.0),67,UKRA,TOT,M,2016-04-01,20,AUD,3,,,20000
ABS:MERCH_IMP(1.0.0),67,UKRA,TOT,M,2016-05-01,244,AUD,3,,,244000
ABS:MERCH_IMP(1.0.0),67,UKRA,TOT,M,2016-08-01,128,AUD,3,,,128000
ABS:MERCH_IMP(1.0.0),67,UKRA,TOT,M,2016-12-01,15,AUD,3,,,15000
ABS:MERCH_IMP(1.0.0),67,UKRA,TOT,M,2017-02-01,32,AUD,3,,,32000
ABS:MERCH_IMP(1.0.0),67,UKRA,TOT,M,2017-04-01,5,AUD,3,,,5000
ABS:MERCH_IMP(1.0.0),67,UKRA,TOT,M,2017-06-01,27,AUD,3,,,27000
ABS:MERCH_IMP(1.0.0),67,UKRA,TOT,M,2017-10-01,182,AUD,3,,,182000
ABS:MERCH_IMP(1.0.0),67,UKRA,TOT,M,2017-11-01,103,AUD,3,,,103000
ABS:MERCH_IMP(1.0.0),67,UKRA,TOT,M,2017-12-01,5,AUD,3,,,5000
ABS:MERCH_IMP(1.0.0),67,UKRA,TOT,M,2018-01-01,227,AUD,3,,,227000
ABS:MERCH_IMP(1.0.0),67,UKRA,TOT,M,2018-02-01,543,AUD,3,,,543000
ABS:MERCH_IMP(1.0.0),67,UKRA,TOT,M,2018-03-01,3,AUD,3,,,3000
ABS:MERCH_IMP(1.0.0),67,UKRA,TOT,M,2018-04-01,25,AUD,3,,,25000
ABS:MERCH_IMP(1.0.0),67,UKRA,TOT,M,2018-05-01,145,AUD,3,,,145000
ABS:MERCH_IMP(1.0.0),67,UKRA,TOT,M,2018-06-01,3,AUD,3,,,3000
ABS:MERCH_IMP(1.0.0),67,UKRA,TOT,M,2018-07-01,283,AUD,3,,,283000
ABS:MERCH_IMP(1.0.0),67,UKRA,TOT,M,2018-08-01,293,AUD,3,,,293000
ABS:MERCH_IMP(1.0.0),67,UKRA,TOT,M,2018-09-01,385,AUD,3,,,385000
ABS:MERCH_IMP(1.0.0),67,UKRA,TOT,M,2018-10-01,922,AUD,3,,,922000
ABS:MERCH_IMP(1.0.0),67,UKRA,TOT,M,2018-11-01,384,AUD,3,,,384000
ABS:MERCH_IMP(1.0.0),67,UKRA,TOT,M,2018-12-01,105,AUD,3,,,105000
ABS:MERCH_IMP(1.0.0),67,UKRA,TOT,M,2019-01-01,253,AUD,3,,,253000
ABS:MERCH_IMP(1.0.0),67,UKRA,TOT,M,2019-02-01,81,AUD,3,,,81000
ABS:MERCH_IMP(1.0.0),67,UKRA,TOT,M,2019-03-01,367,AUD,3,,,367000
ABS:MERCH_IMP(1.0.0),67,UKRA,TOT,M,2019-04-01,417,AUD,3,,,417000
ABS:MERCH_IMP(1.0.0),67,UKRA,TOT,M,2019-05-01,324,AUD,3,,,324000
ABS:MERCH_IMP(1.0.0),67,UKRA,TOT,M,2019-06-01,111,AUD,3,,,111000
ABS:MERCH_IMP(1.0.0),67,UKRA,TOT,M,2019-07-01,128,AUD,3,,,128000
ABS:MERCH_IMP(1.0.0),67,UKRA,TOT,M,2019-08-01,409,AUD,3,,,409000
ABS:MERCH_IMP(1.0.0),67,UKRA,TOT,M,2019-09-01,474,AUD,3,,,474000
ABS:MERCH_IMP(1.0.0),67,UKRA,TOT,M,2019-10-01,797,AUD,3,,,797000
ABS:MERCH_IMP(1.0.0),67,UKRA,TOT,M,2019-11-01,706,AUD,3,,,706000
ABS:MERCH_IMP(1.0.0),67,UKRA,TOT,M,2019-12-01,318,AUD,3,,,318000
ABS:MERCH_IMP(1.0.0),67,UKRA,TOT,M,2020-01-01,1479,AUD,3,,,1479000
ABS:MERCH_IMP(1.0.0),67,UKRA,TOT,M,2020-02-01,809,AUD,3,,,809000
ABS:MERCH_IMP(1.0.0),67,UKRA,TOT,M,2020-03-01,117,AUD,3,,,117000
ABS:MERCH_IMP(1.0.0),67,UKRA,TOT,M,2020-04-01,967,AUD,3,,,967000
ABS:MERCH_IMP(1.0.0),67,UKRA,TOT,M,2020-05-01,919,AUD,3,,,919000
ABS:MERCH_IMP(1.0.0),67,UKRA,TOT,M,2020-06-01,914,AUD,3,,,914000
ABS:MERCH_IMP(1.0.0),67,UKRA,TOT,M,2020-07-01,703,AUD,3,,,703000
ABS:MERCH_IMP(1.0.0),67,UKRA,TOT,M,2020-08-01,1107,AUD,3,,,1107000
ABS:MERCH_IMP(1.0.0),67,UKRA,TOT,M,2020-09-01,498,AUD,3,,,498000
ABS:MERCH_IMP(1.0.0),67,UKRA,TOT,M,2020-10-01,409,AUD,3,,,409000
ABS:MERCH_IMP(1.0.0),67,UKRA,TOT,M,2020-11-01,120,AUD,3,,,120000
ABS:MERCH_IMP(1.0.0),67,UKRA,TOT,M,2020-12-01,830,AUD,3,,,830000
ABS:MERCH_IMP(1.0.0),67,UKRA,TOT,M,2021-01-01,135,AUD,3,,,135000
ABS:MERCH_IMP(1.0.0),67,UKRA,TOT,M,2021-02-01,134,AUD,3,,,134000
ABS:MERCH_IMP(1.0.0),67,UKRA,TOT,M,2021-04-01,375,AUD,3,,,375000
ABS:MERCH_IMP(1.0.0),67,UKRA,TOT,M,2021-05-01,79,AUD,3,,,79000
ABS:MERCH_IMP(1.0.0),67,UKRA,TOT,M,2021-06-01,217,AUD,3,,,217000
ABS:MERCH_IMP(1.0.0),67,UKRA,TOT,M,2021-07-01,509,AUD,3,,,509000
ABS:MERCH_IMP(1.0.0),67,UKRA,TOT,M,2021-09-01,88,AUD,3,,,88000
ABS:MERCH_IMP(1.0.0),67,UKRA,TOT,M,2021-10-01,301,AUD,3,,,301000
ABS:MERCH_IMP(1.0.0),67,UKRA,TOT,M,2021-11-01,498,AUD,3,,,498000
ABS:MERCH_IMP(1.0.0),67,UKRA,TOT,M,2021-12-01,1,AUD,3,,,1000
ABS:MERCH_IMP(1.0.0),67,UKRA,TOT,M,2022-01-01,1,AUD,3,,,1000
ABS:MERCH_IMP(1.0.0),67,UKRA,TOT,M,2022-02-01,216,AUD,3,,,216000
ABS:MERCH_IMP(1.0.0),67,UKRA,TOT,M,2022-03-01,230,AUD,3,,,230000
ABS:MERCH_IMP(1.0.0),67,UKRA,TOT,M,2022-04-01,125,AUD,3,,,125000
ABS:MERCH_IMP(1.0.0),67,UKRA,TOT,M,2022-05-01,34,AUD,3,,,34000
ABS:MERCH_IMP(1.0.0),67,UKRA,TOT,M,2022-08-01,258,AUD,3,,,258000
ABS:MERCH_IMP(1.0.0),67,UKRA,TOT,M,2022-09-01,107,AUD,3,,,107000
ABS:MERCH_IMP(1.0.0),67,UKRA,TOT,M,2022-10-01,5,AUD,3,,,5000
ABS:MERCH_IMP(1.0.0),67,UKRA,TOT,M,2022-11-01,130,AUD,3,,,130000
ABS:MERCH_IMP(1.0.0),67,UKRA,TOT,M,2023-01-01,14,AUD,3,,,14000
ABS:MERCH_IMP(1.0.0),67,UKRA,TOT,M,2023-02-01,639,AUD,3,,,639000
ABS:MERCH_IMP(1.0.0),67,UKRA,TOT,M,2023-03-01,192,AUD,3,,,192000
ABS:MERCH_IMP(1.0.0),67,UKRA,TOT,M,2023-05-01,10,AUD,3,,,10000
ABS:MERCH_IMP(1.0.0),67,UKRA,TOT,M,2023-06-01,249,AUD,3,,,249000
ABS:MERCH_IMP(1.0.0),67,UKRA,TOT,M,2023-07-01,103,AUD,3,,,103000
ABS:MERCH_IMP(1.0.0),67,UKRA,TOT,M,2023-08-01,186,AUD,3,,,186000
ABS:MERCH_IMP(1.0.0),67,UKRA,TOT,M,2023-09-01,30,AUD,3,,,30000
ABS:MERCH_IMP(1.0.0),67,UKRA,TOT,M,2023-10-01,93,AUD,3,,,93000
ABS:MERCH_IMP(1.0.0),67,UKRA,TOT,M,2023-11-01,28,AUD,3,,,28000
ABS:MERCH_IMP(1.0.0),67,UKRA,TOT,M,2023-12-01,53,AUD,3,,,53000
ABS:MERCH_IMP(1.0.0),67,UKRA,TOT,M,2024-01-01,142,AUD,3,,,142000
ABS:MERCH_IMP(1.0.0),67,UKRA,TOT,M,2024-02-01,6,AUD,3,,,6000
ABS:MERCH_IMP(1.0.0),67,UKRA,TOT,M,2024-03-01,67,AUD,3,,,67000
ABS:MERCH_IMP(1.0.0),67,UKRA,TOT,M,2024-04-01,4,AUD,3,,,4000
ABS:MERCH_IMP(1.0.0),67,UKRA,TOT,M,2024-05-01,86,AUD,3,,,86000
ABS:MERCH_IMP(1.0.0),67,UKRA,TOT,M,2024-06-01,566,AUD,3,,,566000
ABS:MERCH_IMP(1.0.0),67,UKRA,TOT,M,2024-07-01,145,AUD,3,,,145000
ABS:MERCH_IMP(1.0.0),67,UKRA,TOT,M,2024-08-01,26,AUD,3,,,26000
ABS:MERCH_IMP(1.0.0),67,UKRA,TOT,M,2024-09-01,70,AUD,3,,,70000
ABS:MERCH_IMP(1.0.0),67,UKRA,TOT,M,2024-10-01,28,AUD,3,,,28000
ABS:MERCH_IMP(1.0.0),67,UKRA,TOT,M,2024-11-01,105,AUD,3,,,105000
ABS:MERCH_IMP(1.0.0),67,UKRA,TOT,M,2025-02-01,77,AUD,3,,,77000
ABS:MERCH_IMP(1.0.0),67,UKRA,TOT,M,2025-03-01,30,AUD,3,,,30000
ABS:MERCH_IMP(1.0.0),67,UKRA,TOT,M,2025-04-01,3,AUD,3,,,3000
ABS:MERCH_IMP(1.0.0),67,UKRA,TOT,M,2025-05-01,161,AUD,3,,,161000
ABS:MERCH_IMP(1.0.0),67,UKRA,TOT,M,2025-06-01,201,AUD,3,,,201000
ABS:MERCH_IMP(1.0.0),67,UKRA,TOT,M,2025-07-01,139,AUD,3,,,139000
ABS:MERCH_IMP(1.0.0),67,UKRA,TOT,M,2025-08-01,16,AUD,3,,,16000
ABS:MERCH_IMP(1.0.0),67,UKRA,TOT,M,2025-09-01,38,AUD,3,,,38000
ABS:MERCH_IMP(1.0.0),67,UKRA,TOT,M,2025-10-01,538,AUD,3,,,538000
ABS:MERCH_IMP(1.0.0),67,UKRA,TOT,M,2025-12-01,6,AUD,3,,,6000
ABS:MERCH_IMP(1.0.0),67,UKRA,TOT,M,2026-01-01,3,AUD,3,,,3000
ABS:MERCH_IMP(1.0.0),67,UKRA,TOT,M,2026-02-01,22,AUD,3,,,22000
ABS:MERCH_IMP(1.0.0),67,UKRA,TOT,M,2026-03-01,129,AUD,3,,,129000
ABS:MERCH_IMP(1.0.0),67,UKRA,TOT,M,2026-05-01,66,AUD,3,,,66000
ABS:MERCH_IMP(1.0.0),67,UKRA,TOT,M,2026-06-01,28,AUD,3,,,28000
ABS:MERCH_IMP(1.0.0),67,UKRA,TOT,M,2026-07-01,13,AUD,3,,,13000
ABS:MERCH_IMP(1.0.0),67,TURS,TOT,M,2024-02-01,2,AUD,3,,,2000
ABS:MERCH_IMP(1.0.0),67,USA,TOT,M,2015-01-01,11921,AUD,3,,,11921000
ABS:MERCH_IMP(1.0.0),67,USA,TOT,M,2015-02-01,9321,AUD,3,,,9321000
ABS:MERCH_IMP(1.0.0),67,USA,TOT,M,2015-03-01,14391,AUD,3,,,14391000
ABS:MERCH_IMP(1.0.0),67,USA,TOT,M,2015-04-01,13644,AUD,3,,,13644000
ABS:MERCH_IMP(1.0.0),67,USA,TOT,M,2015-05-01,13323,AUD,3,,,13323000
ABS:MERCH_IMP(1.0.0),67,USA,TOT,M,2015-06-01,10711,AUD,3,,,10711000
ABS:MERCH_IMP(1.0.0),67,USA,TOT,M,2015-07-01,12072,AUD,3,,,12072000
ABS:MERCH_IMP(1.0.0),67,USA,TOT,M,2015-08-01,10489,AUD,3,,,10489000
ABS:MERCH_IMP(1.0.0),67,USA,TOT,M,2015-09-01,13200,AUD,3,,,13200000
ABS:MERCH_IMP(1.0.0),67,USA,TOT,M,2015-10-01,9332,AUD,3,,,9332000
ABS:MERCH_IMP(1.0.0),67,USA,TOT,M,2015-11-01,11645,AUD,3,,,11645000
ABS:MERCH_IMP(1.0.0),67,USA,TOT,M,2015-12-01,8184,AUD,3,,,8184000
ABS:MERCH_IMP(1.0.0),67,USA,TOT,M,2016-01-01,7745,AUD,3,,,7745000
ABS:MERCH_IMP(1.0.0),67,USA,TOT,M,2016-02-01,8747,AUD,3,,,8747000
ABS:MERCH_IMP(1.0.0),67,USA,TOT,M,2016-03-01,11541,AUD,3,,,11541000
ABS:MERCH_IMP(1.0.0),67,USA,TOT,M,2016-04-01,10351,AUD,3,,,10351000
ABS:MERCH_IMP(1.0.0),67,USA,TOT,M,2016-05-01,7287,AUD,3,,,7287000
ABS:MERCH_IMP(1.0.0),67,USA,TOT,M,2016-06-01,7582,AUD,3,,,7582000
ABS:MERCH_IMP(1.0.0),67,USA,TOT,M,2016-07-01,7064,AUD,3,,,7064000
ABS:MERCH_IMP(1.0.0),67,USA,TOT,M,2016-08-01,8749,AUD,3,,,8749000
ABS:MERCH_IMP(1.0.0),67,USA,TOT,M,2016-09-01,8224,AUD,3,,,8224000
ABS:MERCH_IMP(1.0.0),67,USA,TOT,M,2016-10-01,10021,AUD,3,,,10021000
ABS:MERCH_IMP(1.0.0),67,USA,TOT,M,2016-11-01,6763,AUD,3,,,6763000
ABS:MERCH_IMP(1.0.0),67,USA,TOT,M,2016-12-01,8698,AUD,3,,,8698000
ABS:MERCH_IMP(1.0.0),67,USA,TOT,M,2017-01-01,8732,AUD,3,,,8732000
ABS:MERCH_IMP(1.0.0),67,USA,TOT,M,2017-02-01,8653,AUD,3,,,8653000
ABS:MERCH_IMP(1.0.0),67,USA,TOT,M,2017-03-01,7482,AUD,3,,,7482000
ABS:MERCH_IMP(1.0.0),67,USA,TOT,M,2017-04-01,8031,AUD,3,,,8031000
ABS:MERCH_IMP(1.0.0),67,USA,TOT,M,2017-05-01,9681,AUD,3,,,9681000
ABS:MERCH_IMP(1.0.0),67,USA,TOT,M,2017-06-01,7199,AUD,3,,,7199000
ABS:MERCH_IMP(1.0.0),67,USA,TOT,M,2017-07-01,8844,AUD,3,,,8844000
ABS:MERCH_IMP(1.0.0),67,USA,TOT,M,2017-08-01,10405,AUD,3,,,10405000
ABS:MERCH_IMP(1.0.0),67,USA,TOT,M,2017-09-01,9132,AUD,3,,,9132000
ABS:MERCH_IMP(1.0.0),67,USA,TOT,M,2017-10-01,10992,AUD,3,,,10992000
ABS:MERCH_IMP(1.0.0),67,USA,TOT,M,2017-11-01,8112,AUD,3,,,8112000
ABS:MERCH_IMP(1.0.0),67,USA,TOT,M,2017-12-01,11207,AUD,3,,,11207000
ABS:MERCH_IMP(1.0.0),67,USA,TOT,M,2018-01-01,12148,AUD,3,,,12148000
ABS:MERCH_IMP(1.0.0),67,USA,TOT,M,2018-02-01,9667,AUD,3,,,9667000
ABS:MERCH_IMP(1.0.0),67,USA,TOT,M,2018-03-01,14153,AUD,3,,,14153000
ABS:MERCH_IMP(1.0.0),67,USA,TOT,M,2018-04-01,12133,AUD,3,,,12133000
ABS:MERCH_IMP(1.0.0),67,USA,TOT,M,2018-05-01,12153,AUD,3,,,12153000
ABS:MERCH_IMP(1.0.0),67,USA,TOT,M,2018-06-01,11303,AUD,3,,,11303000
ABS:MERCH_IMP(1.0.0),67,USA,TOT,M,2018-07-01,13480,AUD,3,,,13480000
ABS:MERCH_IMP(1.0.0),67,USA,TOT,M,2018-08-01,10686,AUD,3,,,10686000
ABS:MERCH_IMP(1.0.0),67,USA,TOT,M,2018-09-01,7139,AUD,3,,,7139000
ABS:MERCH_IMP(1.0.0),67,USA,TOT,M,2018-10-01,9779,AUD,3,,,9779000
ABS:MERCH_IMP(1.0.0),67,USA,TOT,M,2018-11-01,11088,AUD,3,,,11088000
ABS:MERCH_IMP(1.0.0),67,USA,TOT,M,2018-12-01,8061,AUD,3,,,8061000
ABS:MERCH_IMP(1.0.0),67,USA,TOT,M,2019-01-01,10343,AUD,3,,,10343000
ABS:MERCH_IMP(1.0.0),67,USA,TOT,M,2019-02-01,10370,AUD,3,,,10370000
ABS:MERCH_IMP(1.0.0),67,USA,TOT,M,2019-03-01,8340,AUD,3,,,8340000
ABS:MERCH_IMP(1.0.0),67,USA,TOT,M,2019-04-01,9208,AUD,3,,,9208000
ABS:MERCH_IMP(1.0.0),67,USA,TOT,M,2019-05-01,11288,AUD,3,,,11288000
ABS:MERCH_IMP(1.0.0),67,USA,TOT,M,2019-06-01,8826,AUD,3,,,8826000
ABS:MERCH_IMP(1.0.0),67,USA,TOT,M,2019-07-01,10433,AUD,3,,,10433000
ABS:MERCH_IMP(1.0.0),67,USA,TOT,M,2019-08-01,9244,AUD,3,,,9244000
ABS:MERCH_IMP(1.0.0),67,USA,TOT,M,2019-09-01,10925,AUD,3,,,10925000
ABS:MERCH_IMP(1.0.0),67,USA,TOT,M,2019-10-01,10146,AUD,3,,,10146000
ABS:MERCH_IMP(1.0.0),67,USA,TOT,M,2019-11-01,9498,AUD,3,,,9498000
ABS:MERCH_IMP(1.0.0),67,USA,TOT,M,2019-12-01,7964,AUD,3,,,7964000
ABS:MERCH_IMP(1.0.0),67,USA,TOT,M,2020-01-01,10741,AUD,3,,,10741000
ABS:MERCH_IMP(1.0.0),67,USA,TOT,M,2020-02-01,8220,AUD,3,,,8220000
ABS:MERCH_IMP(1.0.0),67,USA,TOT,M,2020-03-01,11921,AUD,3,,,11921000
ABS:MERCH_IMP(1.0.0),67,USA,TOT,M,2020-04-01,9910,AUD,3,,,9910000
ABS:MERCH_IMP(1.0.0),67,USA,TOT,M,2020-05-01,8210,AUD,3,,,8210000
ABS:MERCH_IMP(1.0.0),67,USA,TOT,M,2020-06-01,7516,AUD,3,,,7516000
ABS:MERCH_IMP(1.0.0),67,USA,TOT,M,2020-07-01,8719,AUD,3,,,8719000
ABS:MERCH_IMP(1.0.0),67,USA,TOT,M,2020-08-01,9905,AUD,3,,,9905000
ABS:MERCH_IMP(1.0.0),67,USA,TOT,M,2020-09-01,8307,AUD,3,,,8307000
ABS:MERCH_IMP(1.0.0),67,USA,TOT,M,2020-10-01,6143,AUD,3,,,6143000
ABS:MERCH_IMP(1.0.0),67,USA,TOT,M,2020-11-01,4869,AUD,3,,,4869000
ABS:MERCH_IMP(1.0.0),67,USA,TOT,M,2020-12-01,5376,AUD,3,,,5376000
ABS:MERCH_IMP(1.0.0),67,USA,TOT,M,2021-01-01,6428,AUD,3,,,6428000
ABS:MERCH_IMP(1.0.0),67,USA,TOT,M,2021-02-01,6326,AUD,3,,,6326000
ABS:MERCH_IMP(1.0.0),67,USA,TOT,M,2021-03-01,5559,AUD,3,,,5559000
ABS:MERCH_IMP(1.0.0),67,USA,TOT,M,2021-04-01,7184,AUD,3,,,7184000
ABS:MERCH_IMP(1.0.0),67,USA,TOT,M,2021-05-01,6723,AUD,3,,,6723000
ABS:MERCH_IMP(1.0.0),67,USA,TOT,M,2021-06-01,6510,AUD,3,,,6510000
ABS:MERCH_IMP(1.0.0),67,USA,TOT,M,2021-07-01,6273,AUD,3,,,6273000
ABS:MERCH_IMP(1.0.0),67,USA,TOT,M,2021-08-01,7030,AUD,3,,,7030000
ABS:MERCH_IMP(1.0.0),67,USA,TOT,M,2021-09-01,5163,AUD,3,,,5163000
ABS:MERCH_IMP(1.0.0),67,USA,TOT,M,2021-10-01,7933,AUD,3,,,7933000
ABS:MERCH_IMP(1.0.0),67,USA,TOT,M,2021-11-01,7385,AUD,3,,,7385000
ABS:MERCH_IMP(1.0.0),67,USA,TOT,M,2021-12-01,8968,AUD,3,,,8968000
ABS:MERCH_IMP(1.0.0),67,USA,TOT,M,2022-01-01,5100,AUD,3,,,5100000
ABS:MERCH_IMP(1.0.0),67,USA,TOT,M,2022-02-01,5709,AUD,3,,,5709000
ABS:MERCH_IMP(1.0.0),67,USA,TOT,M,2022-03-01,9790,AUD,3,,,9790000
ABS:MERCH_IMP(1.0.0),67,USA,TOT,M,2022-04-01,7234,AUD,3,,,7234000
ABS:MERCH_IMP(1.0.0),67,USA,TOT,M,2022-05-01,9560,AUD,3,,,9560000
ABS:MERCH_IMP(1.0.0),67,USA,TOT,M,2022-06-01,7289,AUD,3,,,7289000
ABS:MERCH_IMP(1.0.0),67,USA,TOT,M,2022-07-01,6791,AUD,3,,,6791000
ABS:MERCH_IMP(1.0.0),67,USA,TOT,M,2022-08-01,9841,AUD,3,,,9841000
ABS:MERCH_IMP(1.0.0),67,USA,TOT,M,2022-09-01,9864,AUD,3,,,9864000
ABS:MERCH_IMP(1.0.0),67,USA,TOT,M,2022-10-01,9124,AUD,3,,,9124000
ABS:MERCH_IMP(1.0.0),67,USA,TOT,M,2022-11-01,9161,AUD,3,,,9161000
ABS:MERCH_IMP(1.0.0),67,USA,TOT,M,2022-12-01,11167,AUD,3,,,11167000
ABS:MERCH_IMP(1.0.0),67,USA,TOT,M,2023-01-01,10176,AUD,3,,,10176000
ABS:MERCH_IMP(1.0.0),67,USA,TOT,M,2023-02-01,8037,AUD,3,,,8037000
ABS:MERCH_IMP(1.0.0),67,USA,TOT,M,2023-03-01,8849,AUD,3,,,8849000
ABS:MERCH_IMP(1.0.0),67,USA,TOT,M,2023-04-01,8855,AUD,3,,,8855000
ABS:MERCH_IMP(1.0.0),67,USA,TOT,M,2023-05-01,7905,AUD,3,,,7905000
ABS:MERCH_IMP(1.0.0),67,USA,TOT,M,2023-06-01,8773,AUD,3,,,8773000
ABS:MERCH_IMP(1.0.0),67,USA,TOT,M,2023-07-01,8032,AUD,3,,,8032000
ABS:MERCH_IMP(1.0.0),67,USA,TOT,M,2023-08-01,8334,AUD,3,,,8334000
ABS:MERCH_IMP(1.0.0),67,USA,TOT,M,2023-09-01,7391,AUD,3,,,7391000
ABS:MERCH_IMP(1.0.0),67,USA,TOT,M,2023-10-01,9148,AUD,3,,,9148000
ABS:MERCH_IMP(1.0.0),67,USA,TOT,M,2023-11-01,7616,AUD,3,,,7616000
ABS:MERCH_IMP(1.0.0),67,USA,TOT,M,2023-12-01,8220,AUD,3,,,8220000
ABS:MERCH_IMP(1.0.0),67,USA,TOT,M,2024-01-01,8637,AUD,3,,,8637000
ABS:MERCH_IMP(1.0.0),67,USA,TOT,M,2024-02-01,9291,AUD,3,,,9291000
ABS:MERCH_IMP(1.0.0),67,USA,TOT,M,2024-03-01,8960,AUD,3,,,8960000
ABS:MERCH_IMP(1.0.0),67,USA,TOT,M,2024-04-01,7909,AUD,3,,,7909000
ABS:MERCH_IMP(1.0.0),67,USA,TOT,M,2024-05-01,12118,AUD,3,,,12118000
ABS:MERCH_IMP(1.0.0),67,USA,TOT,M,2024-06-01,10203,AUD,3,,,10203000
ABS:MERCH_IMP(1.0.0),67,USA,TOT,M,2024-07-01,9383,AUD,3,,,9383000
ABS:MERCH_IMP(1.0.0),67,USA,TOT,M,2024-08-01,7870,AUD,3,,,7870000
ABS:MERCH_IMP(1.0.0),67,USA,TOT,M,2024-09-01,8285,AUD,3,,,8285000
ABS:MERCH_IMP(1.0.0),67,USA,TOT,M,2024-10-01,11196,AUD,3,,,11196000
ABS:MERCH_IMP(1.0.0),67,USA,TOT,M,2024-11-01,9193,AUD,3,,,9193000
ABS:MERCH_IMP(1.0.0),67,USA,TOT,M,2024-12-01,10970,AUD,3,,,10970000
ABS:MERCH_IMP(1.0.0),67,USA,TOT,M,2025-01-01,12396,AUD,3,,,12396000
ABS:MERCH_IMP(1.0.0),67,USA,TOT,M,2025-02-01,11841,AUD,3,,,11841000
ABS:MERCH_IMP(1.0.0),67,USA,TOT,M,2025-03-01,11693,AUD,3,,,11693000
ABS:MERCH_IMP(1.0.0),67,USA,TOT,M,2025-04-01,9304,AUD,3,,,9304000
ABS:MERCH_IMP(1.0.0),67,USA,TOT,M,2025-05-01,14813,AUD,3,,,14813000
ABS:MERCH_IMP(1.0.0),67,USA,TOT,M,2025-06-01,10068,AUD,3,,,10068000
ABS:MERCH_IMP(1.0.0),67,USA,TOT,M,2025-07-01,16821,AUD,3,,,16821000
ABS:MERCH_IMP(1.0.0),67,USA,TOT,M,2025-08-01,7602,AUD,3,,,7602000
ABS:MERCH_IMP(1.0.0),67,USA,TOT,M,2025-09-01,10052,AUD,3,,,10052000
ABS:MERCH_IMP(1.0.0),67,USA,TOT,M,2025-10-01,8541,AUD,3,,,8541000
ABS:MERCH_IMP(1.0.0),67,USA,TOT,M,2025-11-01,9518,AUD,3,,,9518000
ABS:MERCH_IMP(1.0.0),67,USA,TOT,M,2025-12-01,11263,AUD,3,,,11263000
ABS:MERCH_IMP(1.0.0),67,USA,TOT,M,2026-01-01,7997,AUD,3,,,7997000
ABS:MERCH_IMP(1.0.0),67,USA,TOT,M,2026-02-01,7713,AUD,3,,,7713000
ABS:MERCH_IMP(1.0.0),67,USA,TOT,M,2026-03-01,7365,AUD,3,,,7365000
ABS:MERCH_IMP(1.0.0),67,USA,TOT,M,2026-04-01,9429,AUD,3,,,9429000
ABS:MERCH_IMP(1.0.0),67,USA,TOT,M,2026-05-01,8025,AUD,3,,,8025000
ABS:MERCH_IMP(1.0.0),67,USA,TOT,M,2026-06-01,8003,AUD,3,,,8003000
ABS:MERCH_IMP(1.0.0),67,USA,TOT,M,2026-07-01,8304,AUD,3,,,8304000
ABS:MERCH_IMP(1.0.0),67,BADE,TOT,M,2017-04-01,4,AUD,3,,,4000
ABS:MERCH_IMP(1.0.0),67,BADE,TOT,M,2018-07-01,2,AUD,3,,,2000
ABS:MERCH_IMP(1.0.0),67,VIET,TOT,M,2015-01-01,1042,AUD,3,,,1042000
ABS:MERCH_IMP(1.0.0),67,VIET,TOT,M,2015-02-01,1116,AUD,3,,,1116000
ABS:MERCH_IMP(1.0.0),67,VIET,TOT,M,2015-03-01,1179,AUD,3,,,1179000
ABS:MERCH_IMP(1.0.0),67,VIET,TOT,M,2015-04-01,1274,AUD,3,,,1274000
ABS:MERCH_IMP(1.0.0),67,VIET,TOT,M,2015-05-01,840,AUD,3,,,840000
ABS:MERCH_IMP(1.0.0),67,VIET,TOT,M,2015-06-01,2049,AUD,3,,,2049000
ABS:MERCH_IMP(1.0.0),67,VIET,TOT,M,2015-07-01,2503,AUD,3,,,2503000
ABS:MERCH_IMP(1.0.0),67,VIET,TOT,M,2015-08-01,2908,AUD,3,,,2908000
ABS:MERCH_IMP(1.0.0),67,VIET,TOT,M,2015-09-01,1942,AUD,3,,,1942000
ABS:MERCH_IMP(1.0.0),67,VIET,TOT,M,2015-10-01,10449,AUD,3,,,10449000
ABS:MERCH_IMP(1.0.0),67,VIET,TOT,M,2015-11-01,1793,AUD,3,,,1793000
ABS:MERCH_IMP(1.0.0),67,VIET,TOT,M,2015-12-01,792,AUD,3,,,792000
ABS:MERCH_IMP(1.0.0),67,VIET,TOT,M,2016-01-01,1726,AUD,3,,,1726000
ABS:MERCH_IMP(1.0.0),67,VIET,TOT,M,2016-02-01,3677,AUD,3,,,3677000
ABS:MERCH_IMP(1.0.0),67,VIET,TOT,M,2016-03-01,1312,AUD,3,,,1312000
ABS:MERCH_IMP(1.0.0),67,VIET,TOT,M,2016-04-01,1605,AUD,3,,,1605000
ABS:MERCH_IMP(1.0.0),67,VIET,TOT,M,2016-05-01,754,AUD,3,,,754000
ABS:MERCH_IMP(1.0.0),67,VIET,TOT,M,2016-06-01,2187,AUD,3,,,2187000
ABS:MERCH_IMP(1.0.0),67,VIET,TOT,M,2016-07-01,1877,AUD,3,,,1877000
ABS:MERCH_IMP(1.0.0),67,VIET,TOT,M,2016-08-01,2927,AUD,3,,,2927000
ABS:MERCH_IMP(1.0.0),67,VIET,TOT,M,2016-09-01,2983,AUD,3,,,2983000
ABS:MERCH_IMP(1.0.0),67,VIET,TOT,M,2016-10-01,3677,AUD,3,,,3677000
ABS:MERCH_IMP(1.0.0),67,VIET,TOT,M,2016-11-01,3483,AUD,3,,,3483000
ABS:MERCH_IMP(1.0.0),67,VIET,TOT,M,2016-12-01,4227,AUD,3,,,4227000
ABS:MERCH_IMP(1.0.0),67,VIET,TOT,M,2017-01-01,6242,AUD,3,,,6242000
ABS:MERCH_IMP(1.0.0),67,VIET,TOT,M,2017-02-01,4034,AUD,3,,,4034000
ABS:MERCH_IMP(1.0.0),67,VIET,TOT,M,2017-03-01,1768,AUD,3,,,1768000
ABS:MERCH_IMP(1.0.0),67,VIET,TOT,M,2017-04-01,1734,AUD,3,,,1734000
ABS:MERCH_IMP(1.0.0),67,VIET,TOT,M,2017-05-01,1648,AUD,3,,,1648000
ABS:MERCH_IMP(1.0.0),67,VIET,TOT,M,2017-06-01,3318,AUD,3,,,3318000
ABS:MERCH_IMP(1.0.0),67,VIET,TOT,M,2017-07-01,2865,AUD,3,,,2865000
ABS:MERCH_IMP(1.0.0),67,VIET,TOT,M,2017-08-01,3098,AUD,3,,,3098000
ABS:MERCH_IMP(1.0.0),67,VIET,TOT,M,2017-09-01,1935,AUD,3,,,1935000
ABS:MERCH_IMP(1.0.0),67,VIET,TOT,M,2017-10-01,1612,AUD,3,,,1612000
ABS:MERCH_IMP(1.0.0),67,VIET,TOT,M,2017-11-01,1816,AUD,3,,,1816000
ABS:MERCH_IMP(1.0.0),67,VIET,TOT,M,2017-12-01,1338,AUD,3,,,1338000
ABS:MERCH_IMP(1.0.0),67,VIET,TOT,M,2018-01-01,2012,AUD,3,,,2012000
ABS:MERCH_IMP(1.0.0),67,VIET,TOT,M,2018-02-01,2516,AUD,3,,,2516000
ABS:MERCH_IMP(1.0.0),67,VIET,TOT,M,2018-03-01,1586,AUD,3,,,1586000
ABS:MERCH_IMP(1.0.0),67,VIET,TOT,M,2018-04-01,2134,AUD,3,,,2134000
ABS:MERCH_IMP(1.0.0),67,VIET,TOT,M,2018-05-01,2715,AUD,3,,,2715000
ABS:MERCH_IMP(1.0.0),67,VIET,TOT,M,2018-06-01,4853,AUD,3,,,4853000
ABS:MERCH_IMP(1.0.0),67,VIET,TOT,M,2018-07-01,4475,AUD,3,,,4475000
ABS:MERCH_IMP(1.0.0),67,VIET,TOT,M,2018-08-01,2264,AUD,3,,,2264000
ABS:MERCH_IMP(1.0.0),67,VIET,TOT,M,2018-09-01,1596,AUD,3,,,1596000
ABS:MERCH_IMP(1.0.0),67,VIET,TOT,M,2018-10-01,1861,AUD,3,,,1861000
ABS:MERCH_IMP(1.0.0),67,VIET,TOT,M,2018-11-01,2588,AUD,3,,,2588000
ABS:MERCH_IMP(1.0.0),67,VIET,TOT,M,2018-12-01,1691,AUD,3,,,1691000
ABS:MERCH_IMP(1.0.0),67,VIET,TOT,M,2019-01-01,1747,AUD,3,,,1747000
ABS:MERCH_IMP(1.0.0),67,VIET,TOT,M,2019-02-01,1606,AUD,3,,,1606000
ABS:MERCH_IMP(1.0.0),67,VIET,TOT,M,2019-03-01,1586,AUD,3,,,1586000
ABS:MERCH_IMP(1.0.0),67,VIET,TOT,M,2019-04-01,1582,AUD,3,,,1582000
ABS:MERCH_IMP(1.0.0),67,VIET,TOT,M,2019-05-01,2481,AUD,3,,,2481000
ABS:MERCH_IMP(1.0.0),67,VIET,TOT,M,2019-06-01,1149,AUD,3,,,1149000
ABS:MERCH_IMP(1.0.0),67,VIET,TOT,M,2019-07-01,2321,AUD,3,,,2321000
ABS:MERCH_IMP(1.0.0),67,VIET,TOT,M,2019-08-01,1366,AUD,3,,,1366000
ABS:MERCH_IMP(1.0.0),67,VIET,TOT,M,2019-09-01,1333,AUD,3,,,1333000
ABS:MERCH_IMP(1.0.0),67,VIET,TOT,M,2019-10-01,2919,AUD,3,,,2919000
ABS:MERCH_IMP(1.0.0),67,VIET,TOT,M,2019-11-01,1511,AUD,3,,,1511000
ABS:MERCH_IMP(1.0.0),67,VIET,TOT,M,2019-12-01,2071,AUD,3,,,2071000
ABS:MERCH_IMP(1.0.0),67,VIET,TOT,M,2020-01-01,1758,AUD,3,,,1758000
ABS:MERCH_IMP(1.0.0),67,VIET,TOT,M,2020-02-01,2067,AUD,3,,,2067000
ABS:MERCH_IMP(1.0.0),67,VIET,TOT,M,2020-03-01,1176,AUD,3,,,1176000
ABS:MERCH_IMP(1.0.0),67,VIET,TOT,M,2020-04-01,2670,AUD,3,,,2670000
ABS:MERCH_IMP(1.0.0),67,VIET,TOT,M,2020-05-01,2061,AUD,3,,,2061000
ABS:MERCH_IMP(1.0.0),67,VIET,TOT,M,2020-06-01,1746,AUD,3,,,1746000
ABS:MERCH_IMP(1.0.0),67,VIET,TOT,M,2020-07-01,2243,AUD,3,,,2243000
ABS:MERCH_IMP(1.0.0),67,VIET,TOT,M,2020-08-01,2718,AUD,3,,,2718000
ABS:MERCH_IMP(1.0.0),67,VIET,TOT,M,2020-09-01,2140,AUD,3,,,2140000
ABS:MERCH_IMP(1.0.0),67,VIET,TOT,M,2020-10-01,1985,AUD,3,,,1985000
ABS:MERCH_IMP(1.0.0),67,VIET,TOT,M,2020-11-01,3391,AUD,3,,,3391000
ABS:MERCH_IMP(1.0.0),67,VIET,TOT,M,2020-12-01,2289,AUD,3,,,2289000
ABS:MERCH_IMP(1.0.0),67,VIET,TOT,M,2021-01-01,2257,AUD,3,,,2257000
ABS:MERCH_IMP(1.0.0),67,VIET,TOT,M,2021-02-01,1311,AUD,3,,,1311000
ABS:MERCH_IMP(1.0.0),67,VIET,TOT,M,2021-03-01,2886,AUD,3,,,2886000
ABS:MERCH_IMP(1.0.0),67,VIET,TOT,M,2021-04-01,1210,AUD,3,,,1210000
ABS:MERCH_IMP(1.0.0),67,VIET,TOT,M,2021-05-01,1831,AUD,3,,,1831000
ABS:MERCH_IMP(1.0.0),67,VIET,TOT,M,2021-06-01,3437,AUD,3,,,3437000
ABS:MERCH_IMP(1.0.0),67,VIET,TOT,M,2021-07-01,2426,AUD,3,,,2426000
ABS:MERCH_IMP(1.0.0),67,VIET,TOT,M,2021-08-01,6668,AUD,3,,,6668000
ABS:MERCH_IMP(1.0.0),67,VIET,TOT,M,2021-09-01,1265,AUD,3,,,1265000
ABS:MERCH_IMP(1.0.0),67,VIET,TOT,M,2021-10-01,2468,AUD,3,,,2468000
ABS:MERCH_IMP(1.0.0),67,VIET,TOT,M,2021-11-01,13162,AUD,3,,,13162000
ABS:MERCH_IMP(1.0.0),67,VIET,TOT,M,2021-12-01,7812,AUD,3,,,7812000
ABS:MERCH_IMP(1.0.0),67,VIET,TOT,M,2022-01-01,5877,AUD,3,,,5877000
ABS:MERCH_IMP(1.0.0),67,VIET,TOT,M,2022-02-01,12489,AUD,3,,,12489000
ABS:MERCH_IMP(1.0.0),67,VIET,TOT,M,2022-03-01,9668,AUD,3,,,9668000
ABS:MERCH_IMP(1.0.0),67,VIET,TOT,M,2022-04-01,18774,AUD,3,,,18774000
ABS:MERCH_IMP(1.0.0),67,VIET,TOT,M,2022-05-01,7791,AUD,3,,,7791000
ABS:MERCH_IMP(1.0.0),67,VIET,TOT,M,2022-06-01,5849,AUD,3,,,5849000
ABS:MERCH_IMP(1.0.0),67,VIET,TOT,M,2022-07-01,14837,AUD,3,,,14837000
ABS:MERCH_IMP(1.0.0),67,VIET,TOT,M,2022-08-01,9468,AUD,3,,,9468000
ABS:MERCH_IMP(1.0.0),67,VIET,TOT,M,2022-09-01,11133,AUD,3,,,11133000
ABS:MERCH_IMP(1.0.0),67,VIET,TOT,M,2022-10-01,14372,AUD,3,,,14372000
ABS:MERCH_IMP(1.0.0),67,VIET,TOT,M,2022-11-01,13932,AUD,3,,,13932000
ABS:MERCH_IMP(1.0.0),67,VIET,TOT,M,2022-12-01,6161,AUD,3,,,6161000
ABS:MERCH_IMP(1.0.0),67,VIET,TOT,M,2023-01-01,7655,AUD,3,,,7655000
ABS:MERCH_IMP(1.0.0),67,VIET,TOT,M,2023-02-01,4744,AUD,3,,,4744000
ABS:MERCH_IMP(1.0.0),67,VIET,TOT,M,2023-03-01,5902,AUD,3,,,5902000
ABS:MERCH_IMP(1.0.0),67,VIET,TOT,M,2023-04-01,2275,AUD,3,,,2275000
ABS:MERCH_IMP(1.0.0),67,VIET,TOT,M,2023-05-01,10862,AUD,3,,,10862000
ABS:MERCH_IMP(1.0.0),67,VIET,TOT,M,2023-06-01,7359,AUD,3,,,7359000
ABS:MERCH_IMP(1.0.0),67,VIET,TOT,M,2023-07-01,16800,AUD,3,,,16800000
ABS:MERCH_IMP(1.0.0),67,VIET,TOT,M,2023-08-01,11663,AUD,3,,,11663000
ABS:MERCH_IMP(1.0.0),67,VIET,TOT,M,2023-09-01,15327,AUD,3,,,15327000
ABS:MERCH_IMP(1.0.0),67,VIET,TOT,M,2023-10-01,12832,AUD,3,,,12832000
ABS:MERCH_IMP(1.0.0),67,VIET,TOT,M,2023-11-01,13726,AUD,3,,,13726000
ABS:MERCH_IMP(1.0.0),67,VIET,TOT,M,2023-12-01,6270,AUD,3,,,6270000
ABS:MERCH_IMP(1.0.0),67,VIET,TOT,M,2024-01-01,10438,AUD,3,,,10438000
ABS:MERCH_IMP(1.0.0),67,VIET,TOT,M,2024-02-01,8331,AUD,3,,,8331000
ABS:MERCH_IMP(1.0.0),67,VIET,TOT,M,2024-03-01,13422,AUD,3,,,13422000
ABS:MERCH_IMP(1.0.0),67,VIET,TOT,M,2024-04-01,11188,AUD,3,,,11188000
ABS:MERCH_IMP(1.0.0),67,VIET,TOT,M,2024-05-01,14031,AUD,3,,,14031000
ABS:MERCH_IMP(1.0.0),67,VIET,TOT,M,2024-06-01,9496,AUD,3,,,9496000
ABS:MERCH_IMP(1.0.0),67,VIET,TOT,M,2024-07-01,18343,AUD,3,,,18343000
ABS:MERCH_IMP(1.0.0),67,VIET,TOT,M,2024-08-01,21247,AUD,3,,,21247000
ABS:MERCH_IMP(1.0.0),67,VIET,TOT,M,2024-09-01,8058,AUD,3,,,8058000
ABS:MERCH_IMP(1.0.0),67,VIET,TOT,M,2024-10-01,13537,AUD,3,,,13537000
ABS:MERCH_IMP(1.0.0),67,VIET,TOT,M,2024-11-01,13177,AUD,3,,,13177000
ABS:MERCH_IMP(1.0.0),67,VIET,TOT,M,2024-12-01,7681,AUD,3,,,7681000
ABS:MERCH_IMP(1.0.0),67,VIET,TOT,M,2025-01-01,11008,AUD,3,,,11008000
ABS:MERCH_IMP(1.0.0),67,VIET,TOT,M,2025-02-01,17424,AUD,3,,,17424000
ABS:MERCH_IMP(1.0.0),67,VIET,TOT,M,2025-03-01,22815,AUD,3,,,22815000
ABS:MERCH_IMP(1.0.0),67,VIET,TOT,M,2025-04-01,25170,AUD,3,,,25170000
ABS:MERCH_IMP(1.0.0),67,VIET,TOT,M,2025-05-01,7000,AUD,3,,,7000000
ABS:MERCH_IMP(1.0.0),67,VIET,TOT,M,2025-06-01,18909,AUD,3,,,18909000
ABS:MERCH_IMP(1.0.0),67,VIET,TOT,M,2025-07-01,17257,AUD,3,,,17257000
ABS:MERCH_IMP(1.0.0),67,VIET,TOT,M,2025-08-01,17615,AUD,3,,,17615000
ABS:MERCH_IMP(1.0.0),67,VIET,TOT,M,2025-09-01,23368,AUD,3,,,23368000
ABS:MERCH_IMP(1.0.0),67,VIET,TOT,M,2025-10-01,17566,AUD,3,,,17566000
ABS:MERCH_IMP(1.0.0),67,VIET,TOT,M,2025-11-01,27848,AUD,3,,,27848000
ABS:MERCH_IMP(1.0.0),67,VIET,TOT,M,2025-12-01,13115,AUD,3,,,13115000
ABS:MERCH_IMP(1.0.0),67,VIET,TOT,M,2026-01-01,18328,AUD,3,,,18328000
ABS:MERCH_IMP(1.0.0),67,VIET,TOT,M,2026-02-01,16895,AUD,3,,,16895000
ABS:MERCH_IMP(1.0.0),67,VIET,TOT,M,2026-03-01,11061,AUD,3,,,11061000
ABS:MERCH_IMP(1.0.0),67,VIET,TOT,M,2026-04-01,18468,AUD,3,,,18468000
ABS:MERCH_IMP(1.0.0),67,VIET,TOT,M,2026-05-01,4690,AUD,3,,,4690000
ABS:MERCH_IMP(1.0.0),67,VIET,TOT,M,2026-06-01,9294,AUD,3,,,9294000
ABS:MERCH_IMP(1.0.0),67,VIET,TOT,M,2026-07-01,25153,AUD,3,,,25153000
ABS:MERCH_IMP(1.0.0),67,LEBA,TOT,M,2017-04-01,22,AUD,3,,,22000
ABS:MERCH_IMP(1.0.0),67,LEBA,TOT,M,2017-06-01,26,AUD,3,,,26000
ABS:MERCH_IMP(1.0.0),67,LEBA,TOT,M,2017-08-01,45,AUD,3,,,45000
ABS:MERCH_IMP(1.0.0),67,LEBA,TOT,M,2019-01-01,1,AUD,3,,,1000
ABS:MERCH_IMP(1.0.0),67,LEBA,TOT,M,2020-10-01,1,AUD,3,,,1000
ABS:MERCH_IMP(1.0.0),67,LEBA,TOT,M,2020-12-01,4,AUD,3,,,4000
ABS:MERCH_IMP(1.0.0),67,LEBA,TOT,M,2022-08-01,30,AUD,3,,,30000
ABS:MERCH_IMP(1.0.0),67,LEBA,TOT,M,2025-06-01,2,AUD,3,,,2000
ABS:MERCH_IMP(1.0.0),67,MARS,TOT,M,2015-04-01,49,AUD,3,,,49000
ABS:MERCH_IMP(1.0.0),67,MARS,TOT,M,2015-05-01,49,AUD,3,,,49000
ABS:MERCH_IMP(1.0.0),67,MEXI,TOT,M,2015-01-01,67,AUD,3,,,67000
ABS:MERCH_IMP(1.0.0),67,MEXI,TOT,M,2015-02-01,139,AUD,3,,,139000
ABS:MERCH_IMP(1.0.0),67,MEXI,TOT,M,2015-03-01,207,AUD,3,,,207000
ABS:MERCH_IMP(1.0.0),67,MEXI,TOT,M,2015-04-01,72,AUD,3,,,72000
ABS:MERCH_IMP(1.0.0),67,MEXI,TOT,M,2015-05-01,115,AUD,3,,,115000
ABS:MERCH_IMP(1.0.0),67,MEXI,TOT,M,2015-06-01,70,AUD,3,,,70000
ABS:MERCH_IMP(1.0.0),67,MEXI,TOT,M,2015-07-01,143,AUD,3,,,143000
ABS:MERCH_IMP(1.0.0),67,MEXI,TOT,M,2015-08-01,711,AUD,3,,,711000
ABS:MERCH_IMP(1.0.0),67,MEXI,TOT,M,2015-09-01,173,AUD,3,,,173000
ABS:MERCH_IMP(1.0.0),67,MEXI,TOT,M,2015-10-01,57,AUD,3,,,57000
ABS:MERCH_IMP(1.0.0),67,MEXI,TOT,M,2015-11-01,300,AUD,3,,,300000
ABS:MERCH_IMP(1.0.0),67,MEXI,TOT,M,2015-12-01,212,AUD,3,,,212000
ABS:MERCH_IMP(1.0.0),67,MEXI,TOT,M,2016-01-01,409,AUD,3,,,409000
ABS:MERCH_IMP(1.0.0),67,MEXI,TOT,M,2016-02-01,603,AUD,3,,,603000
ABS:MERCH_IMP(1.0.0),67,MEXI,TOT,M,2016-03-01,101,AUD,3,,,101000
ABS:MERCH_IMP(1.0.0),67,MEXI,TOT,M,2016-04-01,120,AUD,3,,,120000
ABS:MERCH_IMP(1.0.0),67,MEXI,TOT,M,2016-05-01,91,AUD,3,,,91000
ABS:MERCH_IMP(1.0.0),67,MEXI,TOT,M,2016-06-01,107,AUD,3,,,107000
ABS:MERCH_IMP(1.0.0),67,MEXI,TOT,M,2016-07-01,722,AUD,3,,,722000
ABS:MERCH_IMP(1.0.0),67,MEXI,TOT,M,2016-08-01,154,AUD,3,,,154000
ABS:MERCH_IMP(1.0.0),67,MEXI,TOT,M,2016-09-01,106,AUD,3,,,106000
ABS:MERCH_IMP(1.0.0),67,MEXI,TOT,M,2016-10-01,2382,AUD,3,,,2382000
ABS:MERCH_IMP(1.0.0),67,MEXI,TOT,M,2016-11-01,152,AUD,3,,,152000
ABS:MERCH_IMP(1.0.0),67,MEXI,TOT,M,2016-12-01,75,AUD,3,,,75000
ABS:MERCH_IMP(1.0.0),67,MEXI,TOT,M,2017-01-01,759,AUD,3,,,759000
ABS:MERCH_IMP(1.0.0),67,MEXI,TOT,M,2017-02-01,65,AUD,3,,,65000
ABS:MERCH_IMP(1.0.0),67,MEXI,TOT,M,2017-03-01,118,AUD,3,,,118000
ABS:MERCH_IMP(1.0.0),67,MEXI,TOT,M,2017-04-01,108,AUD,3,,,108000
ABS:MERCH_IMP(1.0.0),67,MEXI,TOT,M,2017-05-01,176,AUD,3,,,176000
ABS:MERCH_IMP(1.0.0),67,MEXI,TOT,M,2017-06-01,72,AUD,3,,,72000
ABS:MERCH_IMP(1.0.0),67,MEXI,TOT,M,2017-07-01,445,AUD,3,,,445000
ABS:MERCH_IMP(1.0.0),67,MEXI,TOT,M,2017-08-01,623,AUD,3,,,623000
ABS:MERCH_IMP(1.0.0),67,MEXI,TOT,M,2017-09-01,250,AUD,3,,,250000
ABS:MERCH_IMP(1.0.0),67,MEXI,TOT,M,2017-10-01,174,AUD,3,,,174000
ABS:MERCH_IMP(1.0.0),67,MEXI,TOT,M,2017-11-01,155,AUD,3,,,155000
ABS:MERCH_IMP(1.0.0),67,MEXI,TOT,M,2017-12-01,227,AUD,3,,,227000
ABS:MERCH_IMP(1.0.0),67,MEXI,TOT,M,2018-01-01,1140,AUD,3,,,1140000
ABS:MERCH_IMP(1.0.0),67,MEXI,TOT,M,2018-02-01,175,AUD,3,,,175000
ABS:MERCH_IMP(1.0.0),67,MEXI,TOT,M,2018-03-01,3542,AUD,3,,,3542000
ABS:MERCH_IMP(1.0.0),67,MEXI,TOT,M,2018-04-01,653,AUD,3,,,653000
ABS:MERCH_IMP(1.0.0),67,MEXI,TOT,M,2018-05-01,77,AUD,3,,,77000
ABS:MERCH_IMP(1.0.0),67,MEXI,TOT,M,2018-06-01,2144,AUD,3,,,2144000
ABS:MERCH_IMP(1.0.0),67,MEXI,TOT,M,2018-07-01,109,AUD,3,,,109000
ABS:MERCH_IMP(1.0.0),67,MEXI,TOT,M,2018-08-01,77,AUD,3,,,77000
ABS:MERCH_IMP(1.0.0),67,MEXI,TOT,M,2018-09-01,81,AUD,3,,,81000
ABS:MERCH_IMP(1.0.0),67,MEXI,TOT,M,2018-10-01,101,AUD,3,,,101000
ABS:MERCH_IMP(1.0.0),67,MEXI,TOT,M,2018-11-01,144,AUD,3,,,144000
ABS:MERCH_IMP(1.0.0),67,MEXI,TOT,M,2018-12-01,324,AUD,3,,,324000
ABS:MERCH_IMP(1.0.0),67,MEXI,TOT,M,2019-01-01,8105,AUD,3,,,8105000
ABS:MERCH_IMP(1.0.0),67,MEXI,TOT,M,2019-02-01,91,AUD,3,,,91000
ABS:MERCH_IMP(1.0.0),67,MEXI,TOT,M,2019-03-01,149,AUD,3,,,149000
ABS:MERCH_IMP(1.0.0),67,MEXI,TOT,M,2019-04-01,146,AUD,3,,,146000
ABS:MERCH_IMP(1.0.0),67,MEXI,TOT,M,2019-05-01,8225,AUD,3,,,8225000
ABS:MERCH_IMP(1.0.0),67,MEXI,TOT,M,2019-06-01,420,AUD,3,,,420000
ABS:MERCH_IMP(1.0.0),67,MEXI,TOT,M,2019-07-01,132,AUD,3,,,132000
ABS:MERCH_IMP(1.0.0),67,MEXI,TOT,M,2019-08-01,170,AUD,3,,,170000
ABS:MERCH_IMP(1.0.0),67,MEXI,TOT,M,2019-09-01,149,AUD,3,,,149000
ABS:MERCH_IMP(1.0.0),67,MEXI,TOT,M,2019-10-01,441,AUD,3,,,441000
ABS:MERCH_IMP(1.0.0),67,MEXI,TOT,M,2019-11-01,412,AUD,3,,,412000
ABS:MERCH_IMP(1.0.0),67,MEXI,TOT,M,2019-12-01,1203,AUD,3,,,1203000
ABS:MERCH_IMP(1.0.0),67,MEXI,TOT,M,2020-01-01,1863,AUD,3,,,1863000
ABS:MERCH_IMP(1.0.0),67,MEXI,TOT,M,2020-02-01,8045,AUD,3,,,8045000
ABS:MERCH_IMP(1.0.0),67,MEXI,TOT,M,2020-03-01,752,AUD,3,,,752000
ABS:MERCH_IMP(1.0.0),67,MEXI,TOT,M,2020-04-01,1685,AUD,3,,,1685000
ABS:MERCH_IMP(1.0.0),67,MEXI,TOT,M,2020-05-01,109,AUD,3,,,109000
ABS:MERCH_IMP(1.0.0),67,MEXI,TOT,M,2020-06-01,275,AUD,3,,,275000
ABS:MERCH_IMP(1.0.0),67,MEXI,TOT,M,2020-07-01,1168,AUD,3,,,1168000
ABS:MERCH_IMP(1.0.0),67,MEXI,TOT,M,2020-08-01,10801,AUD,3,,,10801000
ABS:MERCH_IMP(1.0.0),67,MEXI,TOT,M,2020-09-01,314,AUD,3,,,314000
ABS:MERCH_IMP(1.0.0),67,MEXI,TOT,M,2020-10-01,71,AUD,3,,,71000
ABS:MERCH_IMP(1.0.0),67,MEXI,TOT,M,2020-11-01,320,AUD,3,,,320000
ABS:MERCH_IMP(1.0.0),67,MEXI,TOT,M,2020-12-01,96,AUD,3,,,96000
ABS:MERCH_IMP(1.0.0),67,MEXI,TOT,M,2021-01-01,86,AUD,3,,,86000
ABS:MERCH_IMP(1.0.0),67,MEXI,TOT,M,2021-02-01,1244,AUD,3,,,1244000
ABS:MERCH_IMP(1.0.0),67,MEXI,TOT,M,2021-03-01,391,AUD,3,,,391000
ABS:MERCH_IMP(1.0.0),67,MEXI,TOT,M,2021-04-01,2069,AUD,3,,,2069000
ABS:MERCH_IMP(1.0.0),67,MEXI,TOT,M,2021-05-01,202,AUD,3,,,202000
ABS:MERCH_IMP(1.0.0),67,MEXI,TOT,M,2021-06-01,268,AUD,3,,,268000
ABS:MERCH_IMP(1.0.0),67,MEXI,TOT,M,2021-07-01,158,AUD,3,,,158000
ABS:MERCH_IMP(1.0.0),67,MEXI,TOT,M,2021-08-01,114,AUD,3,,,114000
ABS:MERCH_IMP(1.0.0),67,MEXI,TOT,M,2021-09-01,232,AUD,3,,,232000
ABS:MERCH_IMP(1.0.0),67,MEXI,TOT,M,2021-10-01,132,AUD,3,,,132000
ABS:MERCH_IMP(1.0.0),67,MEXI,TOT,M,2021-11-01,1966,AUD,3,,,1966000
ABS:MERCH_IMP(1.0.0),67,MEXI,TOT,M,2021-12-01,1253,AUD,3,,,1253000
ABS:MERCH_IMP(1.0.0),67,MEXI,TOT,M,2022-01-01,581,AUD,3,,,581000
ABS:MERCH_IMP(1.0.0),67,MEXI,TOT,M,2022-02-01,59,AUD,3,,,59000
ABS:MERCH_IMP(1.0.0),67,MEXI,TOT,M,2022-03-01,12466,AUD,3,,,12466000
ABS:MERCH_IMP(1.0.0),67,MEXI,TOT,M,2022-04-01,619,AUD,3,,,619000
ABS:MERCH_IMP(1.0.0),67,MEXI,TOT,M,2022-05-01,250,AUD,3,,,250000
ABS:MERCH_IMP(1.0.0),67,MEXI,TOT,M,2022-06-01,222,AUD,3,,,222000
ABS:MERCH_IMP(1.0.0),67,MEXI,TOT,M,2022-07-01,1189,AUD,3,,,1189000
ABS:MERCH_IMP(1.0.0),67,MEXI,TOT,M,2022-08-01,2808,AUD,3,,,2808000
ABS:MERCH_IMP(1.0.0),67,MEXI,TOT,M,2022-09-01,457,AUD,3,,,457000
ABS:MERCH_IMP(1.0.0),67,MEXI,TOT,M,2022-10-01,691,AUD,3,,,691000
ABS:MERCH_IMP(1.0.0),67,MEXI,TOT,M,2022-11-01,1313,AUD,3,,,1313000
ABS:MERCH_IMP(1.0.0),67,MEXI,TOT,M,2022-12-01,318,AUD,3,,,318000
ABS:MERCH_IMP(1.0.0),67,MEXI,TOT,M,2023-01-01,520,AUD,3,,,520000
ABS:MERCH_IMP(1.0.0),67,MEXI,TOT,M,2023-02-01,3426,AUD,3,,,3426000
ABS:MERCH_IMP(1.0.0),67,MEXI,TOT,M,2023-03-01,146,AUD,3,,,146000
ABS:MERCH_IMP(1.0.0),67,MEXI,TOT,M,2023-04-01,84,AUD,3,,,84000
ABS:MERCH_IMP(1.0.0),67,MEXI,TOT,M,2023-05-01,1544,AUD,3,,,1544000
ABS:MERCH_IMP(1.0.0),67,MEXI,TOT,M,2023-06-01,7437,AUD,3,,,7437000
ABS:MERCH_IMP(1.0.0),67,MEXI,TOT,M,2023-07-01,384,AUD,3,,,384000
ABS:MERCH_IMP(1.0.0),67,MEXI,TOT,M,2023-08-01,1626,AUD,3,,,1626000
ABS:MERCH_IMP(1.0.0),67,MEXI,TOT,M,2023-09-01,997,AUD,3,,,997000
ABS:MERCH_IMP(1.0.0),67,MEXI,TOT,M,2023-10-01,342,AUD,3,,,342000
ABS:MERCH_IMP(1.0.0),67,MEXI,TOT,M,2023-11-01,678,AUD,3,,,678000
ABS:MERCH_IMP(1.0.0),67,MEXI,TOT,M,2023-12-01,252,AUD,3,,,252000
ABS:MERCH_IMP(1.0.0),67,MEXI,TOT,M,2024-01-01,498,AUD,3,,,498000
ABS:MERCH_IMP(1.0.0),67,MEXI,TOT,M,2024-02-01,173,AUD,3,,,173000
ABS:MERCH_IMP(1.0.0),67,MEXI,TOT,M,2024-03-01,240,AUD,3,,,240000
ABS:MERCH_IMP(1.0.0),67,MEXI,TOT,M,2024-04-01,2783,AUD,3,,,2783000
ABS:MERCH_IMP(1.0.0),67,MEXI,TOT,M,2024-05-01,2882,AUD,3,,,2882000
ABS:MERCH_IMP(1.0.0),67,MEXI,TOT,M,2024-06-01,6485,AUD,3,,,6485000
ABS:MERCH_IMP(1.0.0),67,MEXI,TOT,M,2024-07-01,116,AUD,3,,,116000
ABS:MERCH_IMP(1.0.0),67,MEXI,TOT,M,2024-08-01,910,AUD,3,,,910000
ABS:MERCH_IMP(1.0.0),67,MEXI,TOT,M,2024-09-01,1227,AUD,3,,,1227000
ABS:MERCH_IMP(1.0.0),67,MEXI,TOT,M,2024-10-01,570,AUD,3,,,570000
ABS:MERCH_IMP(1.0.0),67,MEXI,TOT,M,2024-11-01,1211,AUD,3,,,1211000
ABS:MERCH_IMP(1.0.0),67,MEXI,TOT,M,2024-12-01,383,AUD,3,,,383000
ABS:MERCH_IMP(1.0.0),67,MEXI,TOT,M,2025-01-01,265,AUD,3,,,265000
ABS:MERCH_IMP(1.0.0),67,MEXI,TOT,M,2025-02-01,264,AUD,3,,,264000
ABS:MERCH_IMP(1.0.0),67,MEXI,TOT,M,2025-03-01,232,AUD,3,,,232000
ABS:MERCH_IMP(1.0.0),67,MEXI,TOT,M,2025-04-01,1761,AUD,3,,,1761000
ABS:MERCH_IMP(1.0.0),67,MEXI,TOT,M,2025-05-01,1377,AUD,3,,,1377000
ABS:MERCH_IMP(1.0.0),67,MEXI,TOT,M,2025-06-01,5744,AUD,3,,,5744000
ABS:MERCH_IMP(1.0.0),67,MEXI,TOT,M,2025-07-01,3453,AUD,3,,,3453000
ABS:MERCH_IMP(1.0.0),67,MEXI,TOT,M,2025-08-01,3164,AUD,3,,,3164000
ABS:MERCH_IMP(1.0.0),67,MEXI,TOT,M,2025-09-01,761,AUD,3,,,761000
ABS:MERCH_IMP(1.0.0),67,MEXI,TOT,M,2025-10-01,627,AUD,3,,,627000
ABS:MERCH_IMP(1.0.0),67,MEXI,TOT,M,2025-11-01,133,AUD,3,,,133000
ABS:MERCH_IMP(1.0.0),67,MEXI,TOT,M,2025-12-01,173,AUD,3,,,173000
ABS:MERCH_IMP(1.0.0),67,MEXI,TOT,M,2026-01-01,130,AUD,3,,,130000
ABS:MERCH_IMP(1.0.0),67,MEXI,TOT,M,2026-02-01,1714,AUD,3,,,1714000
ABS:MERCH_IMP(1.0.0),67,MEXI,TOT,M,2026-03-01,1583,AUD,3,,,1583000
ABS:MERCH_IMP(1.0.0),67,MEXI,TOT,M,2026-04-01,4118,AUD,3,,,4118000
ABS:MERCH_IMP(1.0.0),67,MEXI,TOT,M,2026-05-01,1784,AUD,3,,,1784000
ABS:MERCH_IMP(1.0.0),67,MEXI,TOT,M,2026-06-01,460,AUD,3,,,460000
ABS:MERCH_IMP(1.0.0),67,MEXI,TOT,M,2026-07-01,7885,AUD,3,,,7885000
ABS:MERCH_IMP(1.0.0),67,UGAN,TOT,M,2026-04-01,1,AUD,3,,,1000
ABS:MERCH_IMP(1.0.0),67,CZEH,TOT,M,2015-01-01,311,AUD,3,,,311000
ABS:MERCH_IMP(1.0.0),67,CZEH,TOT,M,2015-02-01,2185,AUD,3,,,2185000
ABS:MERCH_IMP(1.0.0),67,CZEH,TOT,M,2015-03-01,1003,AUD,3,,,1003000
ABS:MERCH_IMP(1.0.0),67,CZEH,TOT,M,2015-04-01,722,AUD,3,,,722000
ABS:MERCH_IMP(1.0.0),67,CZEH,TOT,M,2015-05-01,415,AUD,3,,,415000
ABS:MERCH_IMP(1.0.0),67,CZEH,TOT,M,2015-06-01,330,AUD,3,,,330000
ABS:MERCH_IMP(1.0.0),67,CZEH,TOT,M,2015-07-01,745,AUD,3,,,745000
ABS:MERCH_IMP(1.0.0),67,CZEH,TOT,M,2015-08-01,62,AUD,3,,,62000
ABS:MERCH_IMP(1.0.0),67,CZEH,TOT,M,2015-09-01,217,AUD,3,,,217000
ABS:MERCH_IMP(1.0.0),67,CZEH,TOT,M,2015-10-01,223,AUD,3,,,223000
ABS:MERCH_IMP(1.0.0),67,CZEH,TOT,M,2015-11-01,112,AUD,3,,,112000
ABS:MERCH_IMP(1.0.0),67,CZEH,TOT,M,2015-12-01,482,AUD,3,,,482000
ABS:MERCH_IMP(1.0.0),67,CZEH,TOT,M,2016-01-01,348,AUD,3,,,348000
ABS:MERCH_IMP(1.0.0),67,CZEH,TOT,M,2016-02-01,440,AUD,3,,,440000
ABS:MERCH_IMP(1.0.0),67,CZEH,TOT,M,2016-03-01,923,AUD,3,,,923000
ABS:MERCH_IMP(1.0.0),67,CZEH,TOT,M,2016-04-01,229,AUD,3,,,229000
ABS:MERCH_IMP(1.0.0),67,CZEH,TOT,M,2016-05-01,164,AUD,3,,,164000
ABS:MERCH_IMP(1.0.0),67,CZEH,TOT,M,2016-06-01,64,AUD,3,,,64000
ABS:MERCH_IMP(1.0.0),67,CZEH,TOT,M,2016-07-01,596,AUD,3,,,596000
ABS:MERCH_IMP(1.0.0),67,CZEH,TOT,M,2016-08-01,413,AUD,3,,,413000
ABS:MERCH_IMP(1.0.0),67,CZEH,TOT,M,2016-09-01,217,AUD,3,,,217000
ABS:MERCH_IMP(1.0.0),67,CZEH,TOT,M,2016-10-01,61,AUD,3,,,61000
ABS:MERCH_IMP(1.0.0),67,CZEH,TOT,M,2016-11-01,147,AUD,3,,,147000
ABS:MERCH_IMP(1.0.0),67,CZEH,TOT,M,2016-12-01,233,AUD,3,,,233000
ABS:MERCH_IMP(1.0.0),67,CZEH,TOT,M,2017-01-01,299,AUD,3,,,299000
ABS:MERCH_IMP(1.0.0),67,CZEH,TOT,M,2017-02-01,796,AUD,3,,,796000
ABS:MERCH_IMP(1.0.0),67,CZEH,TOT,M,2017-03-01,849,AUD,3,,,849000
ABS:MERCH_IMP(1.0.0),67,CZEH,TOT,M,2017-04-01,129,AUD,3,,,129000
ABS:MERCH_IMP(1.0.0),67,CZEH,TOT,M,2017-05-01,491,AUD,3,,,491000
ABS:MERCH_IMP(1.0.0),67,CZEH,TOT,M,2017-06-01,66,AUD,3,,,66000
ABS:MERCH_IMP(1.0.0),67,CZEH,TOT,M,2017-07-01,548,AUD,3,,,548000
ABS:MERCH_IMP(1.0.0),67,CZEH,TOT,M,2017-08-01,177,AUD,3,,,177000
ABS:MERCH_IMP(1.0.0),67,CZEH,TOT,M,2017-09-01,393,AUD,3,,,393000
ABS:MERCH_IMP(1.0.0),67,CZEH,TOT,M,2017-10-01,355,AUD,3,,,355000
ABS:MERCH_IMP(1.0.0),67,CZEH,TOT,M,2017-11-01,166,AUD,3,,,166000
ABS:MERCH_IMP(1.0.0),67,CZEH,TOT,M,2017-12-01,593,AUD,3,,,593000
ABS:MERCH_IMP(1.0.0),67,CZEH,TOT,M,2018-01-01,356,AUD,3,,,356000
ABS:MERCH_IMP(1.0.0),67,CZEH,TOT,M,2018-02-01,122,AUD,3,,,122000
ABS:MERCH_IMP(1.0.0),67,CZEH,TOT,M,2018-03-01,1007,AUD,3,,,1007000
ABS:MERCH_IMP(1.0.0),67,CZEH,TOT,M,2018-04-01,392,AUD,3,,,392000
ABS:MERCH_IMP(1.0.0),67,CZEH,TOT,M,2018-05-01,215,AUD,3,,,215000
ABS:MERCH_IMP(1.0.0),67,CZEH,TOT,M,2018-06-01,945,AUD,3,,,945000
ABS:MERCH_IMP(1.0.0),67,CZEH,TOT,M,2018-07-01,137,AUD,3,,,137000
ABS:MERCH_IMP(1.0.0),67,CZEH,TOT,M,2018-08-01,449,AUD,3,,,449000
ABS:MERCH_IMP(1.0.0),67,CZEH,TOT,M,2018-09-01,102,AUD,3,,,102000
ABS:MERCH_IMP(1.0.0),67,CZEH,TOT,M,2018-10-01,335,AUD,3,,,335000
ABS:MERCH_IMP(1.0.0),67,CZEH,TOT,M,2018-11-01,343,AUD,3,,,343000
ABS:MERCH_IMP(1.0.0),67,CZEH,TOT,M,2018-12-01,246,AUD,3,,,246000
ABS:MERCH_IMP(1.0.0),67,CZEH,TOT,M,2019-01-01,351,AUD,3,,,351000
ABS:MERCH_IMP(1.0.0),67,CZEH,TOT,M,2019-02-01,425,AUD,3,,,425000
ABS:MERCH_IMP(1.0.0),67,CZEH,TOT,M,2019-03-01,340,AUD,3,,,340000
ABS:MERCH_IMP(1.0.0),67,CZEH,TOT,M,2019-04-01,65,AUD,3,,,65000
ABS:MERCH_IMP(1.0.0),67,CZEH,TOT,M,2019-05-01,424,AUD,3,,,424000
ABS:MERCH_IMP(1.0.0),67,CZEH,TOT,M,2019-06-01,357,AUD,3,,,357000
ABS:MERCH_IMP(1.0.0),67,CZEH,TOT,M,2019-07-01,196,AUD,3,,,196000
ABS:MERCH_IMP(1.0.0),67,CZEH,TOT,M,2019-08-01,409,AUD,3,,,409000
ABS:MERCH_IMP(1.0.0),67,CZEH,TOT,M,2019-09-01,327,AUD,3,,,327000
ABS:MERCH_IMP(1.0.0),67,CZEH,TOT,M,2019-10-01,538,AUD,3,,,538000
ABS:MERCH_IMP(1.0.0),67,CZEH,TOT,M,2019-11-01,837,AUD,3,,,837000
ABS:MERCH_IMP(1.0.0),67,CZEH,TOT,M,2019-12-01,611,AUD,3,,,611000
ABS:MERCH_IMP(1.0.0),67,CZEH,TOT,M,2020-01-01,138,AUD,3,,,138000
ABS:MERCH_IMP(1.0.0),67,CZEH,TOT,M,2020-02-01,128,AUD,3,,,128000
ABS:MERCH_IMP(1.0.0),67,CZEH,TOT,M,2020-03-01,273,AUD,3,,,273000
ABS:MERCH_IMP(1.0.0),67,CZEH,TOT,M,2020-04-01,509,AUD,3,,,509000
ABS:MERCH_IMP(1.0.0),67,CZEH,TOT,M,2020-05-01,332,AUD,3,,,332000
ABS:MERCH_IMP(1.0.0),67,CZEH,TOT,M,2020-06-01,407,AUD,3,,,407000
ABS:MERCH_IMP(1.0.0),67,CZEH,TOT,M,2020-07-01,327,AUD,3,,,327000
ABS:MERCH_IMP(1.0.0),67,CZEH,TOT,M,2020-08-01,147,AUD,3,,,147000
ABS:MERCH_IMP(1.0.0),67,CZEH,TOT,M,2020-09-01,527,AUD,3,,,527000
ABS:MERCH_IMP(1.0.0),67,CZEH,TOT,M,2020-10-01,90,AUD,3,,,90000
ABS:MERCH_IMP(1.0.0),67,CZEH,TOT,M,2020-11-01,267,AUD,3,,,267000
ABS:MERCH_IMP(1.0.0),67,CZEH,TOT,M,2020-12-01,287,AUD,3,,,287000
ABS:MERCH_IMP(1.0.0),67,CZEH,TOT,M,2021-01-01,347,AUD,3,,,347000
ABS:MERCH_IMP(1.0.0),67,CZEH,TOT,M,2021-02-01,982,AUD,3,,,982000
ABS:MERCH_IMP(1.0.0),67,CZEH,TOT,M,2021-03-01,368,AUD,3,,,368000
ABS:MERCH_IMP(1.0.0),67,CZEH,TOT,M,2021-04-01,65,AUD,3,,,65000
ABS:MERCH_IMP(1.0.0),67,CZEH,TOT,M,2021-05-01,23180,AUD,3,,,23180000
ABS:MERCH_IMP(1.0.0),67,CZEH,TOT,M,2021-06-01,485,AUD,3,,,485000
ABS:MERCH_IMP(1.0.0),67,CZEH,TOT,M,2021-07-01,147,AUD,3,,,147000
ABS:MERCH_IMP(1.0.0),67,CZEH,TOT,M,2021-08-01,374,AUD,3,,,374000
ABS:MERCH_IMP(1.0.0),67,CZEH,TOT,M,2021-09-01,250,AUD,3,,,250000
ABS:MERCH_IMP(1.0.0),67,CZEH,TOT,M,2021-10-01,453,AUD,3,,,453000
ABS:MERCH_IMP(1.0.0),67,CZEH,TOT,M,2021-11-01,535,AUD,3,,,535000
ABS:MERCH_IMP(1.0.0),67,CZEH,TOT,M,2021-12-01,269,AUD,3,,,269000
ABS:MERCH_IMP(1.0.0),67,CZEH,TOT,M,2022-01-01,745,AUD,3,,,745000
ABS:MERCH_IMP(1.0.0),67,CZEH,TOT,M,2022-02-01,358,AUD,3,,,358000
ABS:MERCH_IMP(1.0.0),67,CZEH,TOT,M,2022-03-01,684,AUD,3,,,684000
ABS:MERCH_IMP(1.0.0),67,CZEH,TOT,M,2022-04-01,287,AUD,3,,,287000
ABS:MERCH_IMP(1.0.0),67,CZEH,TOT,M,2022-05-01,736,AUD,3,,,736000
ABS:MERCH_IMP(1.0.0),67,CZEH,TOT,M,2022-06-01,343,AUD,3,,,343000
ABS:MERCH_IMP(1.0.0),67,CZEH,TOT,M,2022-07-01,277,AUD,3,,,277000
ABS:MERCH_IMP(1.0.0),67,CZEH,TOT,M,2022-08-01,255,AUD,3,,,255000
ABS:MERCH_IMP(1.0.0),67,CZEH,TOT,M,2022-09-01,706,AUD,3,,,706000
ABS:MERCH_IMP(1.0.0),67,CZEH,TOT,M,2022-10-01,654,AUD,3,,,654000
ABS:MERCH_IMP(1.0.0),67,CZEH,TOT,M,2022-11-01,751,AUD,3,,,751000
ABS:MERCH_IMP(1.0.0),67,CZEH,TOT,M,2022-12-01,300,AUD,3,,,300000
ABS:MERCH_IMP(1.0.0),67,CZEH,TOT,M,2023-01-01,1546,AUD,3,,,1546000
ABS:MERCH_IMP(1.0.0),67,CZEH,TOT,M,2023-02-01,225,AUD,3,,,225000
ABS:MERCH_IMP(1.0.0),67,CZEH,TOT,M,2023-03-01,762,AUD,3,,,762000
ABS:MERCH_IMP(1.0.0),67,CZEH,TOT,M,2023-04-01,1106,AUD,3,,,1106000
ABS:MERCH_IMP(1.0.0),67,CZEH,TOT,M,2023-05-01,909,AUD,3,,,909000
ABS:MERCH_IMP(1.0.0),67,CZEH,TOT,M,2023-06-01,1367,AUD,3,,,1367000
ABS:MERCH_IMP(1.0.0),67,CZEH,TOT,M,2023-07-01,487,AUD,3,,,487000
ABS:MERCH_IMP(1.0.0),67,CZEH,TOT,M,2023-08-01,1299,AUD,3,,,1299000
ABS:MERCH_IMP(1.0.0),67,CZEH,TOT,M,2023-09-01,997,AUD,3,,,997000
ABS:MERCH_IMP(1.0.0),67,CZEH,TOT,M,2023-10-01,952,AUD,3,,,952000
ABS:MERCH_IMP(1.0.0),67,CZEH,TOT,M,2023-11-01,578,AUD,3,,,578000
ABS:MERCH_IMP(1.0.0),67,CZEH,TOT,M,2023-12-01,405,AUD,3,,,405000
ABS:MERCH_IMP(1.0.0),67,CZEH,TOT,M,2024-01-01,911,AUD,3,,,911000
ABS:MERCH_IMP(1.0.0),67,CZEH,TOT,M,2024-02-01,946,AUD,3,,,946000
ABS:MERCH_IMP(1.0.0),67,CZEH,TOT,M,2024-03-01,677,AUD,3,,,677000
ABS:MERCH_IMP(1.0.0),67,CZEH,TOT,M,2024-04-01,1109,AUD,3,,,1109000
ABS:MERCH_IMP(1.0.0),67,CZEH,TOT,M,2024-05-01,1090,AUD,3,,,1090000
ABS:MERCH_IMP(1.0.0),67,CZEH,TOT,M,2024-06-01,989,AUD,3,,,989000
ABS:MERCH_IMP(1.0.0),67,CZEH,TOT,M,2024-07-01,814,AUD,3,,,814000
ABS:MERCH_IMP(1.0.0),67,CZEH,TOT,M,2024-08-01,1278,AUD,3,,,1278000
ABS:MERCH_IMP(1.0.0),67,CZEH,TOT,M,2024-09-01,1009,AUD,3,,,1009000
ABS:MERCH_IMP(1.0.0),67,CZEH,TOT,M,2024-10-01,524,AUD,3,,,524000
ABS:MERCH_IMP(1.0.0),67,CZEH,TOT,M,2024-11-01,374,AUD,3,,,374000
ABS:MERCH_IMP(1.0.0),67,CZEH,TOT,M,2024-12-01,1312,AUD,3,,,1312000
ABS:MERCH_IMP(1.0.0),67,CZEH,TOT,M,2025-01-01,1111,AUD,3,,,1111000
ABS:MERCH_IMP(1.0.0),67,CZEH,TOT,M,2025-02-01,840,AUD,3,,,840000
ABS:MERCH_IMP(1.0.0),67,CZEH,TOT,M,2025-03-01,721,AUD,3,,,721000
ABS:MERCH_IMP(1.0.0),67,CZEH,TOT,M,2025-04-01,1072,AUD,3,,,1072000
ABS:MERCH_IMP(1.0.0),67,CZEH,TOT,M,2025-05-01,1973,AUD,3,,,1973000
ABS:MERCH_IMP(1.0.0),67,CZEH,TOT,M,2025-06-01,927,AUD,3,,,927000
ABS:MERCH_IMP(1.0.0),67,CZEH,TOT,M,2025-07-01,1203,AUD,3,,,1203000
ABS:MERCH_IMP(1.0.0),67,CZEH,TOT,M,2025-08-01,859,AUD,3,,,859000
ABS:MERCH_IMP(1.0.0),67,CZEH,TOT,M,2025-09-01,397,AUD,3,,,397000
ABS:MERCH_IMP(1.0.0),67,CZEH,TOT,M,2025-10-01,929,AUD,3,,,929000
ABS:MERCH_IMP(1.0.0),67,CZEH,TOT,M,2025-11-01,796,AUD,3,,,796000
ABS:MERCH_IMP(1.0.0),67,CZEH,TOT,M,2025-12-01,925,AUD,3,,,925000
ABS:MERCH_IMP(1.0.0),67,CZEH,TOT,M,2026-01-01,515,AUD,3,,,515000
ABS:MERCH_IMP(1.0.0),67,CZEH,TOT,M,2026-02-01,793,AUD,3,,,793000
ABS:MERCH_IMP(1.0.0),67,CZEH,TOT,M,2026-03-01,914,AUD,3,,,914000
ABS:MERCH_IMP(1.0.0),67,CZEH,TOT,M,2026-04-01,291,AUD,3,,,291000
ABS:MERCH_IMP(1.0.0),67,CZEH,TOT,M,2026-05-01,845,AUD,3,,,845000
ABS:MERCH_IMP(1.0.0),67,CZEH,TOT,M,2026-06-01,639,AUD,3,,,639000
ABS:MERCH_IMP(1.0.0),67,CZEH,TOT,M,2026-07-01,577,AUD,3,,,577000
ABS:MERCH_IMP(1.0.0),67,VIRG,TOT,M,2015-07-01,28,AUD,3,,,28000
ABS:MERCH_IMP(1.0.0),67,MAUS,TOT,M,2023-04-01,60,AUD,3,,,60000
ABS:MERCH_IMP(1.0.0),67,MAUS,TOT,M,2024-07-01,121,AUD,3,,,121000
ABS:MERCH_IMP(1.0.0),67,SUDN,TOT,M,2016-10-01,1,AUD,3,,,1000
ABS:MERCH_IMP(1.0.0),67,DMCA,TOT,M,2015-07-01,21,AUD,3,,,21000
ABS:MERCH_IMP(1.0.0),67,DMCA,TOT,M,2015-08-01,12,AUD,3,,,12000
ABS:MERCH_IMP(1.0.0),67,DMCA,TOT,M,2016-06-01,16,AUD,3,,,16000
ABS:MERCH_IMP(1.0.0),67,DMCA,TOT,M,2016-07-01,34,AUD,3,,,34000
ABS:MERCH_IMP(1.0.0),67,QATA,TOT,M,2018-08-01,5,AUD,3,,,5000
ABS:MERCH_IMP(1.0.0),67,QATA,TOT,M,2019-02-01,1,AUD,3,,,1000
ABS:MERCH_IMP(1.0.0),67,QATA,TOT,M,2021-08-01,38,AUD,3,,,38000
ABS:MERCH_IMP(1.0.0),67,QATA,TOT,M,2021-09-01,239,AUD,3,,,239000
ABS:MERCH_IMP(1.0.0),67,QATA,TOT,M,2021-10-01,231,AUD,3,,,231000
ABS:MERCH_IMP(1.0.0),67,QATA,TOT,M,2021-11-01,222,AUD,3,,,222000
ABS:MERCH_IMP(1.0.0),67,QATA,TOT,M,2021-12-01,191,AUD,3,,,191000
ABS:MERCH_IMP(1.0.0),67,QATA,TOT,M,2022-03-01,20,AUD,3,,,20000
ABS:MERCH_IMP(1.0.0),67,QATA,TOT,M,2022-04-01,421,AUD,3,,,421000
ABS:MERCH_IMP(1.0.0),67,QATA,TOT,M,2022-08-01,20,AUD,3,,,20000
ABS:MERCH_IMP(1.0.0),67,QATA,TOT,M,2024-04-01,36,AUD,3,,,36000
ABS:MERCH_IMP(1.0.0),67,QATA,TOT,M,2024-09-01,74,AUD,3,,,74000
ABS:MERCH_IMP(1.0.0),67,QATA,TOT,M,2024-12-01,23,AUD,3,,,23000
ABS:MERCH_IMP(1.0.0),67,QATA,TOT,M,2025-01-01,75,AUD,3,,,75000
ABS:MERCH_IMP(1.0.0),67,QATA,TOT,M,2025-02-01,150,AUD,3,,,150000
ABS:MERCH_IMP(1.0.0),67,QATA,TOT,M,2025-04-01,106,AUD,3,,,106000
ABS:MERCH_IMP(1.0.0),67,QATA,TOT,M,2025-10-01,253,AUD,3,,,253000
ABS:MERCH_IMP(1.0.0),67,QATA,TOT,M,2025-11-01,107,AUD,3,,,107000
ABS:MERCH_IMP(1.0.0),67,QATA,TOT,M,2026-01-01,144,AUD,3,,,144000
ABS:MERCH_IMP(1.0.0),67,QATA,TOT,M,2026-02-01,334,AUD,3,,,334000
ABS:MERCH_IMP(1.0.0),67,SVAK,TOT,M,2015-01-01,50,AUD,3,,,50000
ABS:MERCH_IMP(1.0.0),67,SVAK,TOT,M,2015-03-01,80,AUD,3,,,80000
ABS:MERCH_IMP(1.0.0),67,SVAK,TOT,M,2015-04-01,101,AUD,3,,,101000
ABS:MERCH_IMP(1.0.0),67,SVAK,TOT,M,2015-05-01,41,AUD,3,,,41000
ABS:MERCH_IMP(1.0.0),67,SVAK,TOT,M,2015-06-01,40,AUD,3,,,40000
ABS:MERCH_IMP(1.0.0),67,SVAK,TOT,M,2015-07-01,87,AUD,3,,,87000
ABS:MERCH_IMP(1.0.0),67,SVAK,TOT,M,2015-09-01,123,AUD,3,,,123000
ABS:MERCH_IMP(1.0.0),67,SVAK,TOT,M,2015-10-01,43,AUD,3,,,43000
ABS:MERCH_IMP(1.0.0),67,SVAK,TOT,M,2015-11-01,50,AUD,3,,,50000
ABS:MERCH_IMP(1.0.0),67,SVAK,TOT,M,2015-12-01,87,AUD,3,,,87000
ABS:MERCH_IMP(1.0.0),67,SVAK,TOT,M,2016-02-01,54,AUD,3,,,54000
ABS:MERCH_IMP(1.0.0),67,SVAK,TOT,M,2016-03-01,46,AUD,3,,,46000
ABS:MERCH_IMP(1.0.0),67,SVAK,TOT,M,2016-04-01,42,AUD,3,,,42000
ABS:MERCH_IMP(1.0.0),67,SVAK,TOT,M,2016-05-01,40,AUD,3,,,40000
ABS:MERCH_IMP(1.0.0),67,SVAK,TOT,M,2016-06-01,81,AUD,3,,,81000
ABS:MERCH_IMP(1.0.0),67,SVAK,TOT,M,2016-07-01,47,AUD,3,,,47000
ABS:MERCH_IMP(1.0.0),67,SVAK,TOT,M,2016-08-01,77,AUD,3,,,77000
ABS:MERCH_IMP(1.0.0),67,SVAK,TOT,M,2016-10-01,63,AUD,3,,,63000
ABS:MERCH_IMP(1.0.0),67,SVAK,TOT,M,2016-11-01,43,AUD,3,,,43000
ABS:MERCH_IMP(1.0.0),67,SVAK,TOT,M,2017-01-01,3,AUD,3,,,3000
ABS:MERCH_IMP(1.0.0),67,SVAK,TOT,M,2017-02-01,1,AUD,3,,,1000
ABS:MERCH_IMP(1.0.0),67,SVAK,TOT,M,2017-03-01,49,AUD,3,,,49000
ABS:MERCH_IMP(1.0.0),67,SVAK,TOT,M,2017-04-01,4,AUD,3,,,4000
ABS:MERCH_IMP(1.0.0),67,SVAK,TOT,M,2017-05-01,80,AUD,3,,,80000
ABS:MERCH_IMP(1.0.0),67,SVAK,TOT,M,2017-06-01,83,AUD,3,,,83000
ABS:MERCH_IMP(1.0.0),67,SVAK,TOT,M,2017-07-01,36,AUD,3,,,36000
ABS:MERCH_IMP(1.0.0),67,SVAK,TOT,M,2017-08-01,1,AUD,3,,,1000
ABS:MERCH_IMP(1.0.0),67,SVAK,TOT,M,2017-09-01,12,AUD,3,,,12000
ABS:MERCH_IMP(1.0.0),67,SVAK,TOT,M,2017-11-01,4,AUD,3,,,4000
ABS:MERCH_IMP(1.0.0),67,SVAK,TOT,M,2018-02-01,46,AUD,3,,,46000
ABS:MERCH_IMP(1.0.0),67,SVAK,TOT,M,2018-04-01,134,AUD,3,,,134000
ABS:MERCH_IMP(1.0.0),67,SVAK,TOT,M,2018-05-01,1,AUD,3,,,1000
ABS:MERCH_IMP(1.0.0),67,SVAK,TOT,M,2018-06-01,1,AUD,3,,,1000
ABS:MERCH_IMP(1.0.0),67,SVAK,TOT,M,2018-07-01,1,AUD,3,,,1000
ABS:MERCH_IMP(1.0.0),67,SVAK,TOT,M,2018-08-01,1,AUD,3,,,1000
ABS:MERCH_IMP(1.0.0),67,SVAK,TOT,M,2018-09-01,2,AUD,3,,,2000
ABS:MERCH_IMP(1.0.0),67,SVAK,TOT,M,2018-11-01,23,AUD,3,,,23000
ABS:MERCH_IMP(1.0.0),67,SVAK,TOT,M,2018-12-01,1,AUD,3,,,1000
ABS:MERCH_IMP(1.0.0),67,SVAK,TOT,M,2019-01-01,18,AUD,3,,,18000
ABS:MERCH_IMP(1.0.0),67,SVAK,TOT,M,2019-02-01,2,AUD,3,,,2000
ABS:MERCH_IMP(1.0.0),67,SVAK,TOT,M,2019-03-01,3,AUD,3,,,3000
ABS:MERCH_IMP(1.0.0),67,SVAK,TOT,M,2019-05-01,2,AUD,3,,,2000
ABS:MERCH_IMP(1.0.0),67,SVAK,TOT,M,2019-06-01,3,AUD,3,,,3000
ABS:MERCH_IMP(1.0.0),67,SVAK,TOT,M,2019-07-01,6,AUD,3,,,6000
ABS:MERCH_IMP(1.0.0),67,SVAK,TOT,M,2019-08-01,4,AUD,3,,,4000
ABS:MERCH_IMP(1.0.0),67,SVAK,TOT,M,2019-09-01,6,AUD,3,,,6000
ABS:MERCH_IMP(1.0.0),67,SVAK,TOT,M,2019-10-01,3,AUD,3,,,3000
ABS:MERCH_IMP(1.0.0),67,SVAK,TOT,M,2019-11-01,8,AUD,3,,,8000
ABS:MERCH_IMP(1.0.0),67,SVAK,TOT,M,2019-12-01,1,AUD,3,,,1000
ABS:MERCH_IMP(1.0.0),67,SVAK,TOT,M,2020-01-01,10,AUD,3,,,10000
ABS:MERCH_IMP(1.0.0),67,SVAK,TOT,M,2020-02-01,1,AUD,3,,,1000
ABS:MERCH_IMP(1.0.0),67,SVAK,TOT,M,2020-04-01,6,AUD,3,,,6000
ABS:MERCH_IMP(1.0.0),67,SVAK,TOT,M,2020-05-01,14,AUD,3,,,14000
ABS:MERCH_IMP(1.0.0),67,SVAK,TOT,M,2020-06-01,10,AUD,3,,,10000
ABS:MERCH_IMP(1.0.0),67,SVAK,TOT,M,2020-07-01,9,AUD,3,,,9000
ABS:MERCH_IMP(1.0.0),67,SVAK,TOT,M,2020-08-01,20,AUD,3,,,20000
ABS:MERCH_IMP(1.0.0),67,SVAK,TOT,M,2020-09-01,6,AUD,3,,,6000
ABS:MERCH_IMP(1.0.0),67,SVAK,TOT,M,2020-10-01,11,AUD,3,,,11000
ABS:MERCH_IMP(1.0.0),67,SVAK,TOT,M,2020-11-01,15,AUD,3,,,15000
ABS:MERCH_IMP(1.0.0),67,SVAK,TOT,M,2020-12-01,1,AUD,3,,,1000
ABS:MERCH_IMP(1.0.0),67,SVAK,TOT,M,2021-01-01,26,AUD,3,,,26000
ABS:MERCH_IMP(1.0.0),67,SVAK,TOT,M,2021-02-01,23,AUD,3,,,23000
ABS:MERCH_IMP(1.0.0),67,SVAK,TOT,M,2021-05-01,4,AUD,3,,,4000
ABS:MERCH_IMP(1.0.0),67,SVAK,TOT,M,2021-07-01,4,AUD,3,,,4000
ABS:MERCH_IMP(1.0.0),67,SVAK,TOT,M,2021-08-01,1,AUD,3,,,1000
ABS:MERCH_IMP(1.0.0),67,SVAK,TOT,M,2021-09-01,24,AUD,3,,,24000
ABS:MERCH_IMP(1.0.0),67,SVAK,TOT,M,2021-10-01,2,AUD,3,,,2000
ABS:MERCH_IMP(1.0.0),67,SVAK,TOT,M,2021-11-01,2,AUD,3,,,2000
ABS:MERCH_IMP(1.0.0),67,SVAK,TOT,M,2021-12-01,10,AUD,3,,,10000
ABS:MERCH_IMP(1.0.0),67,SVAK,TOT,M,2022-01-01,4,AUD,3,,,4000
ABS:MERCH_IMP(1.0.0),67,SVAK,TOT,M,2022-02-01,5,AUD,3,,,5000
ABS:MERCH_IMP(1.0.0),67,SVAK,TOT,M,2022-04-01,3,AUD,3,,,3000
ABS:MERCH_IMP(1.0.0),67,SVAK,TOT,M,2022-05-01,42,AUD,3,,,42000
ABS:MERCH_IMP(1.0.0),67,SVAK,TOT,M,2022-06-01,12,AUD,3,,,12000
ABS:MERCH_IMP(1.0.0),67,SVAK,TOT,M,2022-07-01,3,AUD,3,,,3000
ABS:MERCH_IMP(1.0.0),67,SVAK,TOT,M,2022-08-01,4,AUD,3,,,4000
ABS:MERCH_IMP(1.0.0),67,SVAK,TOT,M,2022-09-01,1,AUD,3,,,1000
ABS:MERCH_IMP(1.0.0),67,SVAK,TOT,M,2022-10-01,13,AUD,3,,,13000
ABS:MERCH_IMP(1.0.0),67,SVAK,TOT,M,2022-11-01,12,AUD,3,,,12000
ABS:MERCH_IMP(1.0.0),67,SVAK,TOT,M,2023-01-01,3,AUD,3,,,3000
ABS:MERCH_IMP(1.0.0),67,SVAK,TOT,M,2023-02-01,4,AUD,3,,,4000
ABS:MERCH_IMP(1.0.0),67,SVAK,TOT,M,2023-03-01,1,AUD,3,,,1000
ABS:MERCH_IMP(1.0.0),67,SVAK,TOT,M,2023-04-01,9,AUD,3,,,9000
ABS:MERCH_IMP(1.0.0),67,SVAK,TOT,M,2023-05-01,3,AUD,3,,,3000
ABS:MERCH_IMP(1.0.0),67,SVAK,TOT,M,2023-06-01,4,AUD,3,,,4000
ABS:MERCH_IMP(1.0.0),67,SVAK,TOT,M,2023-07-01,76,AUD,3,,,76000
ABS:MERCH_IMP(1.0.0),67,SVAK,TOT,M,2023-08-01,15,AUD,3,,,15000
ABS:MERCH_IMP(1.0.0),67,SVAK,TOT,M,2023-09-01,24,AUD,3,,,24000
ABS:MERCH_IMP(1.0.0),67,SVAK,TOT,M,2023-11-01,2,AUD,3,,,2000
ABS:MERCH_IMP(1.0.0),67,SVAK,TOT,M,2023-12-01,4,AUD,3,,,4000
ABS:MERCH_IMP(1.0.0),67,SVAK,TOT,M,2024-01-01,4,AUD,3,,,4000
ABS:MERCH_IMP(1.0.0),67,SVAK,TOT,M,2024-02-01,6,AUD,3,,,6000
ABS:MERCH_IMP(1.0.0),67,SVAK,TOT,M,2024-03-01,9,AUD,3,,,9000
ABS:MERCH_IMP(1.0.0),67,SVAK,TOT,M,2024-05-01,2,AUD,3,,,2000
ABS:MERCH_IMP(1.0.0),67,SVAK,TOT,M,2024-06-01,11,AUD,3,,,11000
ABS:MERCH_IMP(1.0.0),67,SVAK,TOT,M,2024-07-01,1,AUD,3,,,1000
ABS:MERCH_IMP(1.0.0),67,SVAK,TOT,M,2024-08-01,18,AUD,3,,,18000
ABS:MERCH_IMP(1.0.0),67,SVAK,TOT,M,2024-09-01,25,AUD,3,,,25000
ABS:MERCH_IMP(1.0.0),67,SVAK,TOT,M,2024-10-01,16,AUD,3,,,16000
ABS:MERCH_IMP(1.0.0),67,SVAK,TOT,M,2024-11-01,38,AUD,3,,,38000
ABS:MERCH_IMP(1.0.0),67,SVAK,TOT,M,2024-12-01,12,AUD,3,,,12000
ABS:MERCH_IMP(1.0.0),67,SVAK,TOT,M,2025-01-01,4,AUD,3,,,4000
ABS:MERCH_IMP(1.0.0),67,SVAK,TOT,M,2025-02-01,1,AUD,3,,,1000
ABS:MERCH_IMP(1.0.0),67,SVAK,TOT,M,2025-03-01,14,AUD,3,,,14000
ABS:MERCH_IMP(1.0.0),67,SVAK,TOT,M,2025-04-01,4,AUD,3,,,4000
ABS:MERCH_IMP(1.0.0),67,SVAK,TOT,M,2025-05-01,36,AUD,3,,,36000
ABS:MERCH_IMP(1.0.0),67,SVAK,TOT,M,2025-06-01,3,AUD,3,,,3000
ABS:MERCH_IMP(1.0.0),67,SVAK,TOT,M,2025-07-01,210,AUD,3,,,210000
ABS:MERCH_IMP(1.0.0),67,SVAK,TOT,M,2025-09-01,5,AUD,3,,,5000
ABS:MERCH_IMP(1.0.0),67,SVAK,TOT,M,2025-10-01,36,AUD,3,,,36000
ABS:MERCH_IMP(1.0.0),67,SVAK,TOT,M,2025-11-01,23,AUD,3,,,23000
ABS:MERCH_IMP(1.0.0),67,SVAK,TOT,M,2025-12-01,2,AUD,3,,,2000
ABS:MERCH_IMP(1.0.0),67,SVAK,TOT,M,2026-01-01,5,AUD,3,,,5000
ABS:MERCH_IMP(1.0.0),67,SVAK,TOT,M,2026-02-01,7,AUD,3,,,7000
ABS:MERCH_IMP(1.0.0),67,SVAK,TOT,M,2026-03-01,70,AUD,3,,,70000
ABS:MERCH_IMP(1.0.0),67,SVAK,TOT,M,2026-04-01,6,AUD,3,,,6000
ABS:MERCH_IMP(1.0.0),67,SVAK,TOT,M,2026-06-01,2,AUD,3,,,2000
ABS:MERCH_IMP(1.0.0),67,SVAK,TOT,M,2026-07-01,10,AUD,3,,,10000
ABS:MERCH_IMP(1.0.0),67,EGYP,TOT,M,2017-04-01,1,AUD,3,,,1000
ABS:MERCH_IMP(1.0.0),67,EGYP,TOT,M,2018-06-01,971,AUD,3,,,971000
ABS:MERCH_IMP(1.0.0),67,EGYP,TOT,M,2022-02-01,73,AUD,3,,,73000
ABS:MERCH_IMP(1.0.0),67,EGYP,TOT,M,2023-03-01,1,AUD,3,,,1000
ABS:MERCH_IMP(1.0.0),67,EGYP,TOT,M,2024-04-01,1,AUD,3,,,1000
ABS:MERCH_IMP(1.0.0),67,EGYP,TOT,M,2024-10-01,117,AUD,3,,,117000
ABS:MERCH_IMP(1.0.0),67,KUWA,TOT,M,2019-02-01,8,AUD,3,,,8000
ABS:MERCH_IMP(1.0.0),67,KUWA,TOT,M,2024-02-01,6,AUD,3,,,6000
ABS:MERCH_IMP(1.0.0),67,KUWA,TOT,M,2025-03-01,8,AUD,3,,,8000
ABS:MERCH_IMP(1.0.0),67,KUWA,TOT,M,2025-04-01,6,AUD,3,,,6000
ABS:MERCH_IMP(1.0.0),67,KUWA,TOT,M,2025-07-01,5,AUD,3,,,5000
ABS:MERCH_IMP(1.0.0),67,KUWA,TOT,M,2025-10-01,7,AUD,3,,,7000
ABS:MERCH_IMP(1.0.0),67,KUWA,TOT,M,2025-11-01,3,AUD,3,,,3000
ABS:MERCH_IMP(1.0.0),67,KUWA,TOT,M,2026-02-01,10,AUD,3,,,10000
ABS:MERCH_IMP(1.0.0),67,KUWA,TOT,M,2026-04-01,5,AUD,3,,,5000
ABS:MERCH_IMP(1.0.0),67,SRIL,TOT,M,2015-02-01,3,AUD,3,,,3000
ABS:MERCH_IMP(1.0.0),67,SRIL,TOT,M,2015-03-01,15,AUD,3,,,15000
ABS:MERCH_IMP(1.0.0),67,SRIL,TOT,M,2015-04-01,16,AUD,3,,,16000
ABS:MERCH_IMP(1.0.0),67,SRIL,TOT,M,2015-06-01,15,AUD,3,,,15000
ABS:MERCH_IMP(1.0.0),67,SRIL,TOT,M,2015-07-01,6,AUD,3,,,6000
ABS:MERCH_IMP(1.0.0),67,SRIL,TOT,M,2015-09-01,60,AUD,3,,,60000
ABS:MERCH_IMP(1.0.0),67,SRIL,TOT,M,2015-10-01,13,AUD,3,,,13000
ABS:MERCH_IMP(1.0.0),67,SRIL,TOT,M,2015-11-01,15,AUD,3,,,15000
ABS:MERCH_IMP(1.0.0),67,SRIL,TOT,M,2015-12-01,19,AUD,3,,,19000
ABS:MERCH_IMP(1.0.0),67,SRIL,TOT,M,2016-01-01,12,AUD,3,,,12000
ABS:MERCH_IMP(1.0.0),67,SRIL,TOT,M,2016-03-01,22,AUD,3,,,22000
ABS:MERCH_IMP(1.0.0),67,SRIL,TOT,M,2016-05-01,17,AUD,3,,,17000
ABS:MERCH_IMP(1.0.0),67,SRIL,TOT,M,2016-06-01,16,AUD,3,,,16000
ABS:MERCH_IMP(1.0.0),67,SRIL,TOT,M,2016-07-01,27,AUD,3,,,27000
ABS:MERCH_IMP(1.0.0),67,SRIL,TOT,M,2016-08-01,40,AUD,3,,,40000
ABS:MERCH_IMP(1.0.0),67,SRIL,TOT,M,2016-09-01,20,AUD,3,,,20000
ABS:MERCH_IMP(1.0.0),67,SRIL,TOT,M,2016-10-01,27,AUD,3,,,27000
ABS:MERCH_IMP(1.0.0),67,SRIL,TOT,M,2016-11-01,20,AUD,3,,,20000
ABS:MERCH_IMP(1.0.0),67,SRIL,TOT,M,2016-12-01,53,AUD,3,,,53000
ABS:MERCH_IMP(1.0.0),67,SRIL,TOT,M,2017-01-01,6,AUD,3,,,6000
ABS:MERCH_IMP(1.0.0),67,SRIL,TOT,M,2017-02-01,1,AUD,3,,,1000
ABS:MERCH_IMP(1.0.0),67,SRIL,TOT,M,2017-03-01,30,AUD,3,,,30000
ABS:MERCH_IMP(1.0.0),67,SRIL,TOT,M,2017-05-01,10,AUD,3,,,10000
ABS:MERCH_IMP(1.0.0),67,SRIL,TOT,M,2017-06-01,28,AUD,3,,,28000
ABS:MERCH_IMP(1.0.0),67,SRIL,TOT,M,2017-07-01,31,AUD,3,,,31000
ABS:MERCH_IMP(1.0.0),67,SRIL,TOT,M,2017-09-01,37,AUD,3,,,37000
ABS:MERCH_IMP(1.0.0),67,SRIL,TOT,M,2017-10-01,37,AUD,3,,,37000
ABS:MERCH_IMP(1.0.0),67,SRIL,TOT,M,2017-12-01,24,AUD,3,,,24000
ABS:MERCH_IMP(1.0.0),67,SRIL,TOT,M,2018-01-01,18,AUD,3,,,18000
ABS:MERCH_IMP(1.0.0),67,SRIL,TOT,M,2018-02-01,16,AUD,3,,,16000
ABS:MERCH_IMP(1.0.0),67,SRIL,TOT,M,2018-03-01,12,AUD,3,,,12000
ABS:MERCH_IMP(1.0.0),67,SRIL,TOT,M,2018-05-01,34,AUD,3,,,34000
ABS:MERCH_IMP(1.0.0),67,SRIL,TOT,M,2018-07-01,10,AUD,3,,,10000
ABS:MERCH_IMP(1.0.0),67,SRIL,TOT,M,2018-08-01,32,AUD,3,,,32000
ABS:MERCH_IMP(1.0.0),67,SRIL,TOT,M,2018-10-01,24,AUD,3,,,24000
ABS:MERCH_IMP(1.0.0),67,SRIL,TOT,M,2019-01-01,2,AUD,3,,,2000
ABS:MERCH_IMP(1.0.0),67,SRIL,TOT,M,2019-02-01,5,AUD,3,,,5000
ABS:MERCH_IMP(1.0.0),67,SRIL,TOT,M,2019-03-01,4,AUD,3,,,4000
ABS:MERCH_IMP(1.0.0),67,SRIL,TOT,M,2019-04-01,24,AUD,3,,,24000
ABS:MERCH_IMP(1.0.0),67,SRIL,TOT,M,2019-05-01,42,AUD,3,,,42000
ABS:MERCH_IMP(1.0.0),67,SRIL,TOT,M,2019-06-01,48,AUD,3,,,48000
ABS:MERCH_IMP(1.0.0),67,SRIL,TOT,M,2022-12-01,2,AUD,3,,,2000
ABS:MERCH_IMP(1.0.0),67,SRIL,TOT,M,2023-07-01,16,AUD,3,,,16000
ABS:MERCH_IMP(1.0.0),67,SRIL,TOT,M,2025-06-01,3,AUD,3,,,3000
ABS:MERCH_IMP(1.0.0),67,SRIL,TOT,M,2025-08-01,12,AUD,3,,,12000
ABS:MERCH_IMP(1.0.0),67,SRIL,TOT,M,2025-12-01,7,AUD,3,,,7000
ABS:MERCH_IMP(1.0.0),67,SRIL,TOT,M,2026-02-01,2,AUD,3,,,2000
ABS:MERCH_IMP(1.0.0),67,ISRA,TOT,M,2015-01-01,1,AUD,3,,,1000
ABS:MERCH_IMP(1.0.0),67,ISRA,TOT,M,2015-02-01,6,AUD,3,,,6000
ABS:MERCH_IMP(1.0.0),67,ISRA,TOT,M,2015-03-01,31,AUD,3,,,31000
ABS:MERCH_IMP(1.0.0),67,ISRA,TOT,M,2015-04-01,28,AUD,3,,,28000
ABS:MERCH_IMP(1.0.0),67,ISRA,TOT,M,2015-05-01,1,AUD,3,,,1000
ABS:MERCH_IMP(1.0.0),67,ISRA,TOT,M,2015-06-01,58,AUD,3,,,58000
ABS:MERCH_IMP(1.0.0),67,ISRA,TOT,M,2015-07-01,5,AUD,3,,,5000
ABS:MERCH_IMP(1.0.0),67,ISRA,TOT,M,2015-08-01,5,AUD,3,,,5000
ABS:MERCH_IMP(1.0.0),67,ISRA,TOT,M,2015-09-01,10,AUD,3,,,10000
ABS:MERCH_IMP(1.0.0),67,ISRA,TOT,M,2015-10-01,3,AUD,3,,,3000
ABS:MERCH_IMP(1.0.0),67,ISRA,TOT,M,2015-11-01,8,AUD,3,,,8000
ABS:MERCH_IMP(1.0.0),67,ISRA,TOT,M,2015-12-01,49,AUD,3,,,49000
ABS:MERCH_IMP(1.0.0),67,ISRA,TOT,M,2016-01-01,39,AUD,3,,,39000
ABS:MERCH_IMP(1.0.0),67,ISRA,TOT,M,2016-08-01,14,AUD,3,,,14000
ABS:MERCH_IMP(1.0.0),67,ISRA,TOT,M,2016-10-01,2,AUD,3,,,2000
ABS:MERCH_IMP(1.0.0),67,ISRA,TOT,M,2016-11-01,7,AUD,3,,,7000
ABS:MERCH_IMP(1.0.0),67,ISRA,TOT,M,2016-12-01,5,AUD,3,,,5000
ABS:MERCH_IMP(1.0.0),67,ISRA,TOT,M,2017-01-01,42,AUD,3,,,42000
ABS:MERCH_IMP(1.0.0),67,ISRA,TOT,M,2017-02-01,30,AUD,3,,,30000
ABS:MERCH_IMP(1.0.0),67,ISRA,TOT,M,2017-03-01,2,AUD,3,,,2000
ABS:MERCH_IMP(1.0.0),67,ISRA,TOT,M,2017-04-01,32,AUD,3,,,32000
ABS:MERCH_IMP(1.0.0),67,ISRA,TOT,M,2017-05-01,32,AUD,3,,,32000
ABS:MERCH_IMP(1.0.0),67,ISRA,TOT,M,2017-06-01,7,AUD,3,,,7000
ABS:MERCH_IMP(1.0.0),67,ISRA,TOT,M,2017-07-01,6,AUD,3,,,6000
ABS:MERCH_IMP(1.0.0),67,ISRA,TOT,M,2017-08-01,35,AUD,3,,,35000
ABS:MERCH_IMP(1.0.0),67,ISRA,TOT,M,2017-09-01,20,AUD,3,,,20000
ABS:MERCH_IMP(1.0.0),67,ISRA,TOT,M,2017-10-01,70,AUD,3,,,70000
ABS:MERCH_IMP(1.0.0),67,ISRA,TOT,M,2017-11-01,2,AUD,3,,,2000
ABS:MERCH_IMP(1.0.0),67,ISRA,TOT,M,2017-12-01,2,AUD,3,,,2000
ABS:MERCH_IMP(1.0.0),67,ISRA,TOT,M,2018-03-01,4,AUD,3,,,4000
ABS:MERCH_IMP(1.0.0),67,ISRA,TOT,M,2018-04-01,3,AUD,3,,,3000
ABS:MERCH_IMP(1.0.0),67,ISRA,TOT,M,2018-08-01,3,AUD,3,,,3000
ABS:MERCH_IMP(1.0.0),67,ISRA,TOT,M,2018-10-01,4,AUD,3,,,4000
ABS:MERCH_IMP(1.0.0),67,ISRA,TOT,M,2018-11-01,3,AUD,3,,,3000
ABS:MERCH_IMP(1.0.0),67,ISRA,TOT,M,2018-12-01,4,AUD,3,,,4000
ABS:MERCH_IMP(1.0.0),67,ISRA,TOT,M,2019-01-01,10,AUD,3,,,10000
ABS:MERCH_IMP(1.0.0),67,ISRA,TOT,M,2019-02-01,27,AUD,3,,,27000
ABS:MERCH_IMP(1.0.0),67,ISRA,TOT,M,2019-04-01,2,AUD,3,,,2000
ABS:MERCH_IMP(1.0.0),67,ISRA,TOT,M,2019-05-01,1,AUD,3,,,1000
ABS:MERCH_IMP(1.0.0),67,ISRA,TOT,M,2019-06-01,2,AUD,3,,,2000
ABS:MERCH_IMP(1.0.0),67,ISRA,TOT,M,2019-07-01,17,AUD,3,,,17000
ABS:MERCH_IMP(1.0.0),67,ISRA,TOT,M,2019-08-01,10,AUD,3,,,10000
ABS:MERCH_IMP(1.0.0),67,ISRA,TOT,M,2019-09-01,83,AUD,3,,,83000
ABS:MERCH_IMP(1.0.0),67,ISRA,TOT,M,2019-10-01,32,AUD,3,,,32000
ABS:MERCH_IMP(1.0.0),67,ISRA,TOT,M,2019-11-01,5,AUD,3,,,5000
ABS:MERCH_IMP(1.0.0),67,ISRA,TOT,M,2019-12-01,4,AUD,3,,,4000
ABS:MERCH_IMP(1.0.0),67,ISRA,TOT,M,2020-01-01,15,AUD,3,,,15000
ABS:MERCH_IMP(1.0.0),67,ISRA,TOT,M,2020-03-01,26,AUD,3,,,26000
ABS:MERCH_IMP(1.0.0),67,ISRA,TOT,M,2020-04-01,2,AUD,3,,,2000
ABS:MERCH_IMP(1.0.0),67,ISRA,TOT,M,2020-05-01,2,AUD,3,,,2000
ABS:MERCH_IMP(1.0.0),67,ISRA,TOT,M,2020-06-01,18,AUD,3,,,18000
ABS:MERCH_IMP(1.0.0),67,ISRA,TOT,M,2020-07-01,47,AUD,3,,,47000
ABS:MERCH_IMP(1.0.0),67,ISRA,TOT,M,2020-08-01,19,AUD,3,,,19000
ABS:MERCH_IMP(1.0.0),67,ISRA,TOT,M,2020-09-01,5,AUD,3,,,5000
ABS:MERCH_IMP(1.0.0),67,ISRA,TOT,M,2020-10-01,13,AUD,3,,,13000
ABS:MERCH_IMP(1.0.0),67,ISRA,TOT,M,2021-01-01,33,AUD,3,,,33000
ABS:MERCH_IMP(1.0.0),67,ISRA,TOT,M,2021-02-01,1,AUD,3,,,1000
ABS:MERCH_IMP(1.0.0),67,ISRA,TOT,M,2021-04-01,1,AUD,3,,,1000
ABS:MERCH_IMP(1.0.0),67,ISRA,TOT,M,2021-07-01,12,AUD,3,,,12000
ABS:MERCH_IMP(1.0.0),67,ISRA,TOT,M,2021-08-01,27,AUD,3,,,27000
ABS:MERCH_IMP(1.0.0),67,ISRA,TOT,M,2021-10-01,2,AUD,3,,,2000
ABS:MERCH_IMP(1.0.0),67,ISRA,TOT,M,2021-11-01,24,AUD,3,,,24000
ABS:MERCH_IMP(1.0.0),67,ISRA,TOT,M,2021-12-01,29,AUD,3,,,29000
ABS:MERCH_IMP(1.0.0),67,ISRA,TOT,M,2022-01-01,12,AUD,3,,,12000
ABS:MERCH_IMP(1.0.0),67,ISRA,TOT,M,2022-02-01,4,AUD,3,,,4000
ABS:MERCH_IMP(1.0.0),67,ISRA,TOT,M,2022-03-01,42,AUD,3,,,42000
ABS:MERCH_IMP(1.0.0),67,ISRA,TOT,M,2022-04-01,10,AUD,3,,,10000
ABS:MERCH_IMP(1.0.0),67,ISRA,TOT,M,2022-05-01,6,AUD,3,,,6000
ABS:MERCH_IMP(1.0.0),67,ISRA,TOT,M,2022-06-01,2,AUD,3,,,2000
ABS:MERCH_IMP(1.0.0),67,ISRA,TOT,M,2022-07-01,30,AUD,3,,,30000
ABS:MERCH_IMP(1.0.0),67,ISRA,TOT,M,2022-08-01,3,AUD,3,,,3000
ABS:MERCH_IMP(1.0.0),67,ISRA,TOT,M,2022-09-01,29,AUD,3,,,29000
ABS:MERCH_IMP(1.0.0),67,ISRA,TOT,M,2022-10-01,4,AUD,3,,,4000
ABS:MERCH_IMP(1.0.0),67,ISRA,TOT,M,2022-11-01,9,AUD,3,,,9000
ABS:MERCH_IMP(1.0.0),67,ISRA,TOT,M,2022-12-01,18,AUD,3,,,18000
ABS:MERCH_IMP(1.0.0),67,ISRA,TOT,M,2023-01-01,54,AUD,3,,,54000
ABS:MERCH_IMP(1.0.0),67,ISRA,TOT,M,2023-02-01,12,AUD,3,,,12000
ABS:MERCH_IMP(1.0.0),67,ISRA,TOT,M,2023-03-01,6,AUD,3,,,6000
ABS:MERCH_IMP(1.0.0),67,ISRA,TOT,M,2023-05-01,5,AUD,3,,,5000
ABS:MERCH_IMP(1.0.0),67,ISRA,TOT,M,2023-06-01,10,AUD,3,,,10000
ABS:MERCH_IMP(1.0.0),67,ISRA,TOT,M,2023-07-01,29,AUD,3,,,29000
ABS:MERCH_IMP(1.0.0),67,ISRA,TOT,M,2023-08-01,4,AUD,3,,,4000
ABS:MERCH_IMP(1.0.0),67,ISRA,TOT,M,2023-09-01,3,AUD,3,,,3000
ABS:MERCH_IMP(1.0.0),67,ISRA,TOT,M,2023-10-01,16,AUD,3,,,16000
ABS:MERCH_IMP(1.0.0),67,ISRA,TOT,M,2023-11-01,28,AUD,3,,,28000
ABS:MERCH_IMP(1.0.0),67,ISRA,TOT,M,2023-12-01,4,AUD,3,,,4000
ABS:MERCH_IMP(1.0.0),67,ISRA,TOT,M,2024-01-01,6,AUD,3,,,6000
ABS:MERCH_IMP(1.0.0),67,ISRA,TOT,M,2024-02-01,4,AUD,3,,,4000
ABS:MERCH_IMP(1.0.0),67,ISRA,TOT,M,2024-03-01,10,AUD,3,,,10000
ABS:MERCH_IMP(1.0.0),67,ISRA,TOT,M,2024-04-01,2,AUD,3,,,2000
ABS:MERCH_IMP(1.0.0),67,ISRA,TOT,M,2024-05-01,13,AUD,3,,,13000
ABS:MERCH_IMP(1.0.0),67,ISRA,TOT,M,2024-06-01,2,AUD,3,,,2000
ABS:MERCH_IMP(1.0.0),67,ISRA,TOT,M,2024-07-01,17,AUD,3,,,17000
ABS:MERCH_IMP(1.0.0),67,ISRA,TOT,M,2024-08-01,2,AUD,3,,,2000
ABS:MERCH_IMP(1.0.0),67,ISRA,TOT,M,2024-10-01,15,AUD,3,,,15000
ABS:MERCH_IMP(1.0.0),67,ISRA,TOT,M,2024-11-01,2,AUD,3,,,2000
ABS:MERCH_IMP(1.0.0),67,ISRA,TOT,M,2024-12-01,6,AUD,3,,,6000
ABS:MERCH_IMP(1.0.0),67,ISRA,TOT,M,2025-01-01,25,AUD,3,,,25000
ABS:MERCH_IMP(1.0.0),67,ISRA,TOT,M,2025-03-01,2,AUD,3,,,2000
ABS:MERCH_IMP(1.0.0),67,ISRA,TOT,M,2025-04-01,7,AUD,3,,,7000
ABS:MERCH_IMP(1.0.0),67,ISRA,TOT,M,2025-05-01,15,AUD,3,,,15000
ABS:MERCH_IMP(1.0.0),67,ISRA,TOT,M,2025-06-01,12,AUD,3,,,12000
ABS:MERCH_IMP(1.0.0),67,ISRA,TOT,M,2025-07-01,163,AUD,3,,,163000
ABS:MERCH_IMP(1.0.0),67,ISRA,TOT,M,2025-08-01,8,AUD,3,,,8000
ABS:MERCH_IMP(1.0.0),67,ISRA,TOT,M,2025-09-01,13,AUD,3,,,13000
ABS:MERCH_IMP(1.0.0),67,ISRA,TOT,M,2025-11-01,6,AUD,3,,,6000
ABS:MERCH_IMP(1.0.0),67,ISRA,TOT,M,2025-12-01,9,AUD,3,,,9000
ABS:MERCH_IMP(1.0.0),67,ISRA,TOT,M,2026-01-01,13,AUD,3,,,13000
ABS:MERCH_IMP(1.0.0),67,ISRA,TOT,M,2026-02-01,7,AUD,3,,,7000
ABS:MERCH_IMP(1.0.0),67,ISRA,TOT,M,2026-03-01,4,AUD,3,,,4000
ABS:MERCH_IMP(1.0.0),67,ISRA,TOT,M,2026-04-01,28,AUD,3,,,28000
ABS:MERCH_IMP(1.0.0),67,ISRA,TOT,M,2026-05-01,289,AUD,3,,,289000
ABS:MERCH_IMP(1.0.0),67,ISRA,TOT,M,2026-06-01,30,AUD,3,,,30000
ABS:MERCH_IMP(1.0.0),67,ISRA,TOT,M,2026-07-01,394,AUD,3,,,394000
ABS:MERCH_IMP(1.0.0),67,ANGO,TOT,M,2018-05-01,12,AUD,3,,,12000
ABS:MERCH_IMP(1.0.0),67,ANGO,TOT,M,2018-06-01,14,AUD,3,,,14000
ABS:MERCH_IMP(1.0.0),67,ANGO,TOT,M,2023-09-01,3,AUD,3,,,3000
ABS:MERCH_IMP(1.0.0),67,BELE,TOT,M,2015-10-01,2,AUD,3,,,2000
ABS:MERCH_IMP(1.0.0),67,BELE,TOT,M,2018-10-01,2,AUD,3,,,2000
ABS:MERCH_IMP(1.0.0),67,BELE,TOT,M,2022-02-01,148,AUD,3,,,148000
ABS:MERCH_IMP(1.0.0),67,BELE,TOT,M,2022-03-01,132,AUD,3,,,132000
ABS:MERCH_IMP(1.0.0),67,BELE,TOT,M,2022-04-01,9,AUD,3,,,9000
ABS:MERCH_IMP(1.0.0),67,BELE,TOT,M,2022-12-01,15,AUD,3,,,15000
ABS:MERCH_IMP(1.0.0),67,BOHR,TOT,M,2020-04-01,2,AUD,3,,,2000
ABS:MERCH_IMP(1.0.0),67,BOHR,TOT,M,2020-09-01,1,AUD,3,,,1000
ABS:MERCH_IMP(1.0.0),67,BOHR,TOT,M,2025-12-01,12,AUD,3,,,12000
ABS:MERCH_IMP(1.0.0),67,BOHR,TOT,M,2026-06-01,9,AUD,3,,,9000
ABS:MERCH_IMP(1.0.0),67,INIA,TOT,M,2015-01-01,7260,AUD,3,,,7260000
ABS:MERCH_IMP(1.0.0),67,INIA,TOT,M,2015-02-01,5853,AUD,3,,,5853000
ABS:MERCH_IMP(1.0.0),67,INIA,TOT,M,2015-03-01,5744,AUD,3,,,5744000
ABS:MERCH_IMP(1.0.0),67,INIA,TOT,M,2015-04-01,4311,AUD,3,,,4311000
ABS:MERCH_IMP(1.0.0),67,INIA,TOT,M,2015-05-01,5575,AUD,3,,,5575000
ABS:MERCH_IMP(1.0.0),67,INIA,TOT,M,2015-06-01,3629,AUD,3,,,3629000
ABS:MERCH_IMP(1.0.0),67,INIA,TOT,M,2015-07-01,4938,AUD,3,,,4938000
ABS:MERCH_IMP(1.0.0),67,INIA,TOT,M,2015-08-01,3331,AUD,3,,,3331000
ABS:MERCH_IMP(1.0.0),67,INIA,TOT,M,2015-09-01,5174,AUD,3,,,5174000
ABS:MERCH_IMP(1.0.0),67,INIA,TOT,M,2015-10-01,6725,AUD,3,,,6725000
ABS:MERCH_IMP(1.0.0),67,INIA,TOT,M,2015-11-01,6414,AUD,3,,,6414000
ABS:MERCH_IMP(1.0.0),67,INIA,TOT,M,2015-12-01,3609,AUD,3,,,3609000
ABS:MERCH_IMP(1.0.0),67,INIA,TOT,M,2016-01-01,4053,AUD,3,,,4053000
ABS:MERCH_IMP(1.0.0),67,INIA,TOT,M,2016-02-01,4501,AUD,3,,,4501000
ABS:MERCH_IMP(1.0.0),67,INIA,TOT,M,2016-03-01,3184,AUD,3,,,3184000
ABS:MERCH_IMP(1.0.0),67,INIA,TOT,M,2016-04-01,3076,AUD,3,,,3076000
ABS:MERCH_IMP(1.0.0),67,INIA,TOT,M,2016-05-01,3066,AUD,3,,,3066000
ABS:MERCH_IMP(1.0.0),67,INIA,TOT,M,2016-06-01,2350,AUD,3,,,2350000
ABS:MERCH_IMP(1.0.0),67,INIA,TOT,M,2016-07-01,2860,AUD,3,,,2860000
ABS:MERCH_IMP(1.0.0),67,INIA,TOT,M,2016-08-01,3836,AUD,3,,,3836000
ABS:MERCH_IMP(1.0.0),67,INIA,TOT,M,2016-09-01,4861,AUD,3,,,4861000
ABS:MERCH_IMP(1.0.0),67,INIA,TOT,M,2016-10-01,3540,AUD,3,,,3540000
ABS:MERCH_IMP(1.0.0),67,INIA,TOT,M,2016-11-01,3695,AUD,3,,,3695000
ABS:MERCH_IMP(1.0.0),67,INIA,TOT,M,2016-12-01,2920,AUD,3,,,2920000
ABS:MERCH_IMP(1.0.0),67,INIA,TOT,M,2017-01-01,3723,AUD,3,,,3723000
ABS:MERCH_IMP(1.0.0),67,INIA,TOT,M,2017-02-01,3569,AUD,3,,,3569000
ABS:MERCH_IMP(1.0.0),67,INIA,TOT,M,2017-03-01,3384,AUD,3,,,3384000
ABS:MERCH_IMP(1.0.0),67,INIA,TOT,M,2017-04-01,4297,AUD,3,,,4297000
ABS:MERCH_IMP(1.0.0),67,INIA,TOT,M,2017-05-01,4825,AUD,3,,,4825000
ABS:MERCH_IMP(1.0.0),67,INIA,TOT,M,2017-06-01,4749,AUD,3,,,4749000
ABS:MERCH_IMP(1.0.0),67,INIA,TOT,M,2017-07-01,5987,AUD,3,,,5987000
ABS:MERCH_IMP(1.0.0),67,INIA,TOT,M,2017-08-01,5776,AUD,3,,,5776000
ABS:MERCH_IMP(1.0.0),67,INIA,TOT,M,2017-09-01,5361,AUD,3,,,5361000
ABS:MERCH_IMP(1.0.0),67,INIA,TOT,M,2017-10-01,6132,AUD,3,,,6132000
ABS:MERCH_IMP(1.0.0),67,INIA,TOT,M,2017-11-01,4282,AUD,3,,,4282000
ABS:MERCH_IMP(1.0.0),67,INIA,TOT,M,2017-12-01,4546,AUD,3,,,4546000
ABS:MERCH_IMP(1.0.0),67,INIA,TOT,M,2018-01-01,5439,AUD,3,,,5439000
ABS:MERCH_IMP(1.0.0),67,INIA,TOT,M,2018-02-01,4724,AUD,3,,,4724000
ABS:MERCH_IMP(1.0.0),67,INIA,TOT,M,2018-03-01,9909,AUD,3,,,9909000
ABS:MERCH_IMP(1.0.0),67,INIA,TOT,M,2018-04-01,6379,AUD,3,,,6379000
ABS:MERCH_IMP(1.0.0),67,INIA,TOT,M,2018-05-01,8015,AUD,3,,,8015000
ABS:MERCH_IMP(1.0.0),67,INIA,TOT,M,2018-06-01,6610,AUD,3,,,6610000
ABS:MERCH_IMP(1.0.0),67,INIA,TOT,M,2018-07-01,8224,AUD,3,,,8224000
ABS:MERCH_IMP(1.0.0),67,INIA,TOT,M,2018-08-01,7179,AUD,3,,,7179000
ABS:MERCH_IMP(1.0.0),67,INIA,TOT,M,2018-09-01,7793,AUD,3,,,7793000
ABS:MERCH_IMP(1.0.0),67,INIA,TOT,M,2018-10-01,9461,AUD,3,,,9461000
ABS:MERCH_IMP(1.0.0),67,INIA,TOT,M,2018-11-01,8068,AUD,3,,,8068000
ABS:MERCH_IMP(1.0.0),67,INIA,TOT,M,2018-12-01,7643,AUD,3,,,7643000
ABS:MERCH_IMP(1.0.0),67,INIA,TOT,M,2019-01-01,12183,AUD,3,,,12183000
ABS:MERCH_IMP(1.0.0),67,INIA,TOT,M,2019-02-01,10417,AUD,3,,,10417000
ABS:MERCH_IMP(1.0.0),67,INIA,TOT,M,2019-03-01,7202,AUD,3,,,7202000
ABS:MERCH_IMP(1.0.0),67,INIA,TOT,M,2019-04-01,6688,AUD,3,,,6688000
ABS:MERCH_IMP(1.0.0),67,INIA,TOT,M,2019-05-01,7813,AUD,3,,,7813000
ABS:MERCH_IMP(1.0.0),67,INIA,TOT,M,2019-06-01,5550,AUD,3,,,5550000
ABS:MERCH_IMP(1.0.0),67,INIA,TOT,M,2019-07-01,8615,AUD,3,,,8615000
ABS:MERCH_IMP(1.0.0),67,INIA,TOT,M,2019-08-01,7205,AUD,3,,,7205000
ABS:MERCH_IMP(1.0.0),67,INIA,TOT,M,2019-09-01,5764,AUD,3,,,5764000
ABS:MERCH_IMP(1.0.0),67,INIA,TOT,M,2019-10-01,8530,AUD,3,,,8530000
ABS:MERCH_IMP(1.0.0),67,INIA,TOT,M,2019-11-01,8761,AUD,3,,,8761000
ABS:MERCH_IMP(1.0.0),67,INIA,TOT,M,2019-12-01,7602,AUD,3,,,7602000
ABS:MERCH_IMP(1.0.0),67,INIA,TOT,M,2020-01-01,11603,AUD,3,,,11603000
ABS:MERCH_IMP(1.0.0),67,INIA,TOT,M,2020-02-01,8357,AUD,3,,,8357000
ABS:MERCH_IMP(1.0.0),67,INIA,TOT,M,2020-03-01,9885,AUD,3,,,9885000
ABS:MERCH_IMP(1.0.0),67,INIA,TOT,M,2020-04-01,9077,AUD,3,,,9077000
ABS:MERCH_IMP(1.0.0),67,INIA,TOT,M,2020-05-01,2990,AUD,3,,,2990000
ABS:MERCH_IMP(1.0.0),67,INIA,TOT,M,2020-06-01,7311,AUD,3,,,7311000
ABS:MERCH_IMP(1.0.0),67,INIA,TOT,M,2020-07-01,13178,AUD,3,,,13178000
ABS:MERCH_IMP(1.0.0),67,INIA,TOT,M,2020-08-01,17649,AUD,3,,,17649000
ABS:MERCH_IMP(1.0.0),67,INIA,TOT,M,2020-09-01,6593,AUD,3,,,6593000
ABS:MERCH_IMP(1.0.0),67,INIA,TOT,M,2020-10-01,6727,AUD,3,,,6727000
ABS:MERCH_IMP(1.0.0),67,INIA,TOT,M,2020-11-01,7800,AUD,3,,,7800000
ABS:MERCH_IMP(1.0.0),67,INIA,TOT,M,2020-12-01,5388,AUD,3,,,5388000
ABS:MERCH_IMP(1.0.0),67,INIA,TOT,M,2021-01-01,26312,AUD,3,,,26312000
ABS:MERCH_IMP(1.0.0),67,INIA,TOT,M,2021-02-01,18056,AUD,3,,,18056000
ABS:MERCH_IMP(1.0.0),67,INIA,TOT,M,2021-03-01,19217,AUD,3,,,19217000
ABS:MERCH_IMP(1.0.0),67,INIA,TOT,M,2021-04-01,22906,AUD,3,,,22906000
ABS:MERCH_IMP(1.0.0),67,INIA,TOT,M,2021-05-01,7746,AUD,3,,,7746000
ABS:MERCH_IMP(1.0.0),67,INIA,TOT,M,2021-06-01,7117,AUD,3,,,7117000
ABS:MERCH_IMP(1.0.0),67,INIA,TOT,M,2021-07-01,8919,AUD,3,,,8919000
ABS:MERCH_IMP(1.0.0),67,INIA,TOT,M,2021-08-01,8883,AUD,3,,,8883000
ABS:MERCH_IMP(1.0.0),67,INIA,TOT,M,2021-09-01,36859,AUD,3,,,36859000
ABS:MERCH_IMP(1.0.0),67,INIA,TOT,M,2021-10-01,8356,AUD,3,,,8356000
ABS:MERCH_IMP(1.0.0),67,INIA,TOT,M,2021-11-01,10318,AUD,3,,,10318000
ABS:MERCH_IMP(1.0.0),67,INIA,TOT,M,2021-12-01,8708,AUD,3,,,8708000
ABS:MERCH_IMP(1.0.0),67,INIA,TOT,M,2022-01-01,15044,AUD,3,,,15044000
ABS:MERCH_IMP(1.0.0),67,INIA,TOT,M,2022-02-01,16297,AUD,3,,,16297000
ABS:MERCH_IMP(1.0.0),67,INIA,TOT,M,2022-03-01,21097,AUD,3,,,21097000
ABS:MERCH_IMP(1.0.0),67,INIA,TOT,M,2022-04-01,11646,AUD,3,,,11646000
ABS:MERCH_IMP(1.0.0),67,INIA,TOT,M,2022-05-01,12371,AUD,3,,,12371000
ABS:MERCH_IMP(1.0.0),67,INIA,TOT,M,2022-06-01,11217,AUD,3,,,11217000
ABS:MERCH_IMP(1.0.0),67,INIA,TOT,M,2022-07-01,14735,AUD,3,,,14735000
ABS:MERCH_IMP(1.0.0),67,INIA,TOT,M,2022-08-01,19641,AUD,3,,,19641000
ABS:MERCH_IMP(1.0.0),67,INIA,TOT,M,2022-09-01,14677,AUD,3,,,14677000
ABS:MERCH_IMP(1.0.0),67,INIA,TOT,M,2022-10-01,11164,AUD,3,,,11164000
ABS:MERCH_IMP(1.0.0),67,INIA,TOT,M,2022-11-01,14428,AUD,3,,,14428000
ABS:MERCH_IMP(1.0.0),67,INIA,TOT,M,2022-12-01,6459,AUD,3,,,6459000
ABS:MERCH_IMP(1.0.0),67,INIA,TOT,M,2023-01-01,9999,AUD,3,,,9999000
ABS:MERCH_IMP(1.0.0),67,INIA,TOT,M,2023-02-01,8604,AUD,3,,,8604000
ABS:MERCH_IMP(1.0.0),67,INIA,TOT,M,2023-03-01,9551,AUD,3,,,9551000
ABS:MERCH_IMP(1.0.0),67,INIA,TOT,M,2023-04-01,58122,AUD,3,,,58122000
ABS:MERCH_IMP(1.0.0),67,INIA,TOT,M,2023-05-01,41441,AUD,3,,,41441000
ABS:MERCH_IMP(1.0.0),67,INIA,TOT,M,2023-06-01,8816,AUD,3,,,8816000
ABS:MERCH_IMP(1.0.0),67,INIA,TOT,M,2023-07-01,14057,AUD,3,,,14057000
ABS:MERCH_IMP(1.0.0),67,INIA,TOT,M,2023-08-01,10466,AUD,3,,,10466000
ABS:MERCH_IMP(1.0.0),67,INIA,TOT,M,2023-09-01,11583,AUD,3,,,11583000
ABS:MERCH_IMP(1.0.0),67,INIA,TOT,M,2023-10-01,13488,AUD,3,,,13488000
ABS:MERCH_IMP(1.0.0),67,INIA,TOT,M,2023-11-01,29799,AUD,3,,,29799000
ABS:MERCH_IMP(1.0.0),67,INIA,TOT,M,2023-12-01,7662,AUD,3,,,7662000
ABS:MERCH_IMP(1.0.0),67,INIA,TOT,M,2024-01-01,25727,AUD,3,,,25727000
ABS:MERCH_IMP(1.0.0),67,INIA,TOT,M,2024-02-01,29977,AUD,3,,,29977000
ABS:MERCH_IMP(1.0.0),67,INIA,TOT,M,2024-03-01,29730,AUD,3,,,29730000
ABS:MERCH_IMP(1.0.0),67,INIA,TOT,M,2024-04-01,24241,AUD,3,,,24241000
ABS:MERCH_IMP(1.0.0),67,INIA,TOT,M,2024-05-01,11711,AUD,3,,,11711000
ABS:MERCH_IMP(1.0.0),67,INIA,TOT,M,2024-06-01,10491,AUD,3,,,10491000
ABS:MERCH_IMP(1.0.0),67,INIA,TOT,M,2024-07-01,7647,AUD,3,,,7647000
ABS:MERCH_IMP(1.0.0),67,INIA,TOT,M,2024-08-01,9662,AUD,3,,,9662000
ABS:MERCH_IMP(1.0.0),67,INIA,TOT,M,2024-09-01,8461,AUD,3,,,8461000
ABS:MERCH_IMP(1.0.0),67,INIA,TOT,M,2024-10-01,12107,AUD,3,,,12107000
ABS:MERCH_IMP(1.0.0),67,INIA,TOT,M,2024-11-01,7828,AUD,3,,,7828000
ABS:MERCH_IMP(1.0.0),67,INIA,TOT,M,2024-12-01,6351,AUD,3,,,6351000
ABS:MERCH_IMP(1.0.0),67,INIA,TOT,M,2025-01-01,94821,AUD,3,,,94821000
ABS:MERCH_IMP(1.0.0),67,INIA,TOT,M,2025-02-01,13928,AUD,3,,,13928000
ABS:MERCH_IMP(1.0.0),67,INIA,TOT,M,2025-03-01,9707,AUD,3,,,9707000
ABS:MERCH_IMP(1.0.0),67,INIA,TOT,M,2025-04-01,36218,AUD,3,,,36218000
ABS:MERCH_IMP(1.0.0),67,INIA,TOT,M,2025-05-01,19981,AUD,3,,,19981000
ABS:MERCH_IMP(1.0.0),67,INIA,TOT,M,2025-06-01,30601,AUD,3,,,30601000
ABS:MERCH_IMP(1.0.0),67,INIA,TOT,M,2025-07-01,9404,AUD,3,,,9404000
ABS:MERCH_IMP(1.0.0),67,INIA,TOT,M,2025-08-01,24067,AUD,3,,,24067000
ABS:MERCH_IMP(1.0.0),67,INIA,TOT,M,2025-09-01,12624,AUD,3,,,12624000
ABS:MERCH_IMP(1.0.0),67,INIA,TOT,M,2025-10-01,40305,AUD,3,,,40305000
ABS:MERCH_IMP(1.0.0),67,INIA,TOT,M,2025-11-01,12357,AUD,3,,,12357000
ABS:MERCH_IMP(1.0.0),67,INIA,TOT,M,2025-12-01,45783,AUD,3,,,45783000
ABS:MERCH_IMP(1.0.0),67,INIA,TOT,M,2026-01-01,35533,AUD,3,,,35533000
ABS:MERCH_IMP(1.0.0),67,INIA,TOT,M,2026-02-01,45749,AUD,3,,,45749000
ABS:MERCH_IMP(1.0.0),67,INIA,TOT,M,2026-03-01,12116,AUD,3,,,12116000
ABS:MERCH_IMP(1.0.0),67,INIA,TOT,M,2026-04-01,24252,AUD,3,,,24252000
ABS:MERCH_IMP(1.0.0),67,INIA,TOT,M,2026-05-01,10464,AUD,3,,,10464000
ABS:MERCH_IMP(1.0.0),67,INIA,TOT,M,2026-06-01,10845,AUD,3,,,10845000
ABS:MERCH_IMP(1.0.0),67,INIA,TOT,M,2026-07-01,8059,AUD,3,,,8059000
ABS:MERCH_IMP(1.0.0),67,COST,TOT,M,2022-08-01,2,AUD,3,,,2000
ABS:MERCH_IMP(1.0.0),67,COST,TOT,M,2022-09-01,3,AUD,3,,,3000
ABS:MERCH_IMP(1.0.0),67,COST,TOT,M,2022-10-01,1,AUD,3,,,1000
ABS:MERCH_IMP(1.0.0),67,SENE,TOT,M,2025-02-01,46,AUD,3,,,46000
ABS:MERCH_IMP(1.0.0),67,IWAS,TOT,M,2016-01-01,3,AUD,3,,,3000
ABS:MERCH_IMP(1.0.0),67,IWAS,TOT,M,2019-05-01,2596,AUD,3,,,2596000
ABS:MERCH_IMP(1.0.0),67,MLTA,TOT,M,2016-11-01,86,AUD,3,,,86000
ABS:MERCH_IMP(1.0.0),67,MLTA,TOT,M,2017-01-01,54,AUD,3,,,54000
ABS:MERCH_IMP(1.0.0),67,MLTA,TOT,M,2017-04-01,95,AUD,3,,,95000
ABS:MERCH_IMP(1.0.0),67,MLTA,TOT,M,2017-06-01,218,AUD,3,,,218000
ABS:MERCH_IMP(1.0.0),67,MLTA,TOT,M,2017-07-01,90,AUD,3,,,90000
ABS:MERCH_IMP(1.0.0),67,MLTA,TOT,M,2017-09-01,84,AUD,3,,,84000
ABS:MERCH_IMP(1.0.0),67,MLTA,TOT,M,2017-10-01,84,AUD,3,,,84000
ABS:MERCH_IMP(1.0.0),67,MLTA,TOT,M,2019-03-01,120,AUD,3,,,120000
ABS:MERCH_IMP(1.0.0),67,MLTA,TOT,M,2019-09-01,113,AUD,3,,,113000
ABS:MERCH_IMP(1.0.0),67,MLTA,TOT,M,2022-05-01,99,AUD,3,,,99000
ABS:MERCH_IMP(1.0.0),67,MLTA,TOT,M,2022-08-01,2,AUD,3,,,2000
ABS:MERCH_IMP(1.0.0),67,MLTA,TOT,M,2022-10-01,3,AUD,3,,,3000
ABS:MERCH_IMP(1.0.0),67,MLTA,TOT,M,2023-06-01,1,AUD,3,,,1000
ABS:MERCH_IMP(1.0.0),67,CAN,TOT,M,2015-01-01,3212,AUD,3,,,3212000
ABS:MERCH_IMP(1.0.0),67,CAN,TOT,M,2015-02-01,4050,AUD,3,,,4050000
ABS:MERCH_IMP(1.0.0),67,CAN,TOT,M,2015-03-01,2511,AUD,3,,,2511000
ABS:MERCH_IMP(1.0.0),67,CAN,TOT,M,2015-04-01,2457,AUD,3,,,2457000
ABS:MERCH_IMP(1.0.0),67,CAN,TOT,M,2015-05-01,3150,AUD,3,,,3150000
ABS:MERCH_IMP(1.0.0),67,CAN,TOT,M,2015-06-01,3245,AUD,3,,,3245000
ABS:MERCH_IMP(1.0.0),67,CAN,TOT,M,2015-07-01,5283,AUD,3,,,5283000
ABS:MERCH_IMP(1.0.0),67,CAN,TOT,M,2015-08-01,3586,AUD,3,,,3586000
ABS:MERCH_IMP(1.0.0),67,CAN,TOT,M,2015-09-01,4462,AUD,3,,,4462000
ABS:MERCH_IMP(1.0.0),67,CAN,TOT,M,2015-10-01,3000,AUD,3,,,3000000
ABS:MERCH_IMP(1.0.0),67,CAN,TOT,M,2015-11-01,3023,AUD,3,,,3023000
ABS:MERCH_IMP(1.0.0),67,CAN,TOT,M,2015-12-01,2052,AUD,3,,,2052000
ABS:MERCH_IMP(1.0.0),67,CAN,TOT,M,2016-01-01,1850,AUD,3,,,1850000
ABS:MERCH_IMP(1.0.0),67,CAN,TOT,M,2016-02-01,3052,AUD,3,,,3052000
ABS:MERCH_IMP(1.0.0),67,CAN,TOT,M,2016-03-01,1465,AUD,3,,,1465000
ABS:MERCH_IMP(1.0.0),67,CAN,TOT,M,2016-04-01,2886,AUD,3,,,2886000
ABS:MERCH_IMP(1.0.0),67,CAN,TOT,M,2016-05-01,2871,AUD,3,,,2871000
ABS:MERCH_IMP(1.0.0),67,CAN,TOT,M,2016-06-01,3295,AUD,3,,,3295000
ABS:MERCH_IMP(1.0.0),67,CAN,TOT,M,2016-07-01,2447,AUD,3,,,2447000
ABS:MERCH_IMP(1.0.0),67,CAN,TOT,M,2016-08-01,2682,AUD,3,,,2682000
ABS:MERCH_IMP(1.0.0),67,CAN,TOT,M,2016-09-01,2966,AUD,3,,,2966000
ABS:MERCH_IMP(1.0.0),67,CAN,TOT,M,2016-10-01,1873,AUD,3,,,1873000
ABS:MERCH_IMP(1.0.0),67,CAN,TOT,M,2016-11-01,2663,AUD,3,,,2663000
ABS:MERCH_IMP(1.0.0),67,CAN,TOT,M,2016-12-01,4149,AUD,3,,,4149000
ABS:MERCH_IMP(1.0.0),67,CAN,TOT,M,2017-01-01,2550,AUD,3,,,2550000
ABS:MERCH_IMP(1.0.0),67,CAN,TOT,M,2017-02-01,2080,AUD,3,,,2080000
ABS:MERCH_IMP(1.0.0),67,CAN,TOT,M,2017-03-01,3656,AUD,3,,,3656000
ABS:MERCH_IMP(1.0.0),67,CAN,TOT,M,2017-04-01,1802,AUD,3,,,1802000
ABS:MERCH_IMP(1.0.0),67,CAN,TOT,M,2017-05-01,3966,AUD,3,,,3966000
ABS:MERCH_IMP(1.0.0),67,CAN,TOT,M,2017-06-01,3062,AUD,3,,,3062000
ABS:MERCH_IMP(1.0.0),67,CAN,TOT,M,2017-07-01,2568,AUD,3,,,2568000
ABS:MERCH_IMP(1.0.0),67,CAN,TOT,M,2017-08-01,2770,AUD,3,,,2770000
ABS:MERCH_IMP(1.0.0),67,CAN,TOT,M,2017-09-01,2065,AUD,3,,,2065000
ABS:MERCH_IMP(1.0.0),67,CAN,TOT,M,2017-10-01,1943,AUD,3,,,1943000
ABS:MERCH_IMP(1.0.0),67,CAN,TOT,M,2017-11-01,2032,AUD,3,,,2032000
ABS:MERCH_IMP(1.0.0),67,CAN,TOT,M,2017-12-01,1864,AUD,3,,,1864000
ABS:MERCH_IMP(1.0.0),67,CAN,TOT,M,2018-01-01,1164,AUD,3,,,1164000
ABS:MERCH_IMP(1.0.0),67,CAN,TOT,M,2018-02-01,944,AUD,3,,,944000
ABS:MERCH_IMP(1.0.0),67,CAN,TOT,M,2018-03-01,3205,AUD,3,,,3205000
ABS:MERCH_IMP(1.0.0),67,CAN,TOT,M,2018-04-01,1998,AUD,3,,,1998000
ABS:MERCH_IMP(1.0.0),67,CAN,TOT,M,2018-05-01,1412,AUD,3,,,1412000
ABS:MERCH_IMP(1.0.0),67,CAN,TOT,M,2018-06-01,2660,AUD,3,,,2660000
ABS:MERCH_IMP(1.0.0),67,CAN,TOT,M,2018-07-01,3496,AUD,3,,,3496000
ABS:MERCH_IMP(1.0.0),67,CAN,TOT,M,2018-08-01,3287,AUD,3,,,3287000
ABS:MERCH_IMP(1.0.0),67,CAN,TOT,M,2018-09-01,3128,AUD,3,,,3128000
ABS:MERCH_IMP(1.0.0),67,CAN,TOT,M,2018-10-01,2651,AUD,3,,,2651000
ABS:MERCH_IMP(1.0.0),67,CAN,TOT,M,2018-11-01,3706,AUD,3,,,3706000
ABS:MERCH_IMP(1.0.0),67,CAN,TOT,M,2018-12-01,1825,AUD,3,,,1825000
ABS:MERCH_IMP(1.0.0),67,CAN,TOT,M,2019-01-01,3072,AUD,3,,,3072000
ABS:MERCH_IMP(1.0.0),67,CAN,TOT,M,2019-02-01,1938,AUD,3,,,1938000
ABS:MERCH_IMP(1.0.0),67,CAN,TOT,M,2019-03-01,2862,AUD,3,,,2862000
ABS:MERCH_IMP(1.0.0),67,CAN,TOT,M,2019-04-01,2282,AUD,3,,,2282000
ABS:MERCH_IMP(1.0.0),67,CAN,TOT,M,2019-05-01,4148,AUD,3,,,4148000
ABS:MERCH_IMP(1.0.0),67,CAN,TOT,M,2019-06-01,3270,AUD,3,,,3270000
ABS:MERCH_IMP(1.0.0),67,CAN,TOT,M,2019-07-01,3723,AUD,3,,,3723000
ABS:MERCH_IMP(1.0.0),67,CAN,TOT,M,2019-08-01,2330,AUD,3,,,2330000
ABS:MERCH_IMP(1.0.0),67,CAN,TOT,M,2019-09-01,4241,AUD,3,,,4241000
ABS:MERCH_IMP(1.0.0),67,CAN,TOT,M,2019-10-01,3904,AUD,3,,,3904000
ABS:MERCH_IMP(1.0.0),67,CAN,TOT,M,2019-11-01,2601,AUD,3,,,2601000
ABS:MERCH_IMP(1.0.0),67,CAN,TOT,M,2019-12-01,3316,AUD,3,,,3316000
ABS:MERCH_IMP(1.0.0),67,CAN,TOT,M,2020-01-01,3166,AUD,3,,,3166000
ABS:MERCH_IMP(1.0.0),67,CAN,TOT,M,2020-02-01,3300,AUD,3,,,3300000
ABS:MERCH_IMP(1.0.0),67,CAN,TOT,M,2020-03-01,2137,AUD,3,,,2137000
ABS:MERCH_IMP(1.0.0),67,CAN,TOT,M,2020-04-01,4182,AUD,3,,,4182000
ABS:MERCH_IMP(1.0.0),67,CAN,TOT,M,2020-05-01,5424,AUD,3,,,5424000
ABS:MERCH_IMP(1.0.0),67,CAN,TOT,M,2020-06-01,9423,AUD,3,,,9423000
ABS:MERCH_IMP(1.0.0),67,CAN,TOT,M,2020-07-01,2649,AUD,3,,,2649000
ABS:MERCH_IMP(1.0.0),67,CAN,TOT,M,2020-08-01,2414,AUD,3,,,2414000
ABS:MERCH_IMP(1.0.0),67,CAN,TOT,M,2020-09-01,3752,AUD,3,,,3752000
ABS:MERCH_IMP(1.0.0),67,CAN,TOT,M,2020-10-01,1576,AUD,3,,,1576000
ABS:MERCH_IMP(1.0.0),67,CAN,TOT,M,2020-11-01,3086,AUD,3,,,3086000
ABS:MERCH_IMP(1.0.0),67,CAN,TOT,M,2020-12-01,4916,AUD,3,,,4916000
ABS:MERCH_IMP(1.0.0),67,CAN,TOT,M,2021-01-01,2993,AUD,3,,,2993000
ABS:MERCH_IMP(1.0.0),67,CAN,TOT,M,2021-02-01,907,AUD,3,,,907000
ABS:MERCH_IMP(1.0.0),67,CAN,TOT,M,2021-03-01,3525,AUD,3,,,3525000
ABS:MERCH_IMP(1.0.0),67,CAN,TOT,M,2021-04-01,5304,AUD,3,,,5304000
ABS:MERCH_IMP(1.0.0),67,CAN,TOT,M,2021-05-01,1943,AUD,3,,,1943000
ABS:MERCH_IMP(1.0.0),67,CAN,TOT,M,2021-06-01,1736,AUD,3,,,1736000
ABS:MERCH_IMP(1.0.0),67,CAN,TOT,M,2021-07-01,2522,AUD,3,,,2522000
ABS:MERCH_IMP(1.0.0),67,CAN,TOT,M,2021-08-01,3152,AUD,3,,,3152000
ABS:MERCH_IMP(1.0.0),67,CAN,TOT,M,2021-09-01,3119,AUD,3,,,3119000
ABS:MERCH_IMP(1.0.0),67,CAN,TOT,M,2021-10-01,5468,AUD,3,,,5468000
ABS:MERCH_IMP(1.0.0),67,CAN,TOT,M,2021-11-01,4195,AUD,3,,,4195000
ABS:MERCH_IMP(1.0.0),67,CAN,TOT,M,2021-12-01,5965,AUD,3,,,5965000
ABS:MERCH_IMP(1.0.0),67,CAN,TOT,M,2022-01-01,3245,AUD,3,,,3245000
ABS:MERCH_IMP(1.0.0),67,CAN,TOT,M,2022-02-01,3126,AUD,3,,,3126000
ABS:MERCH_IMP(1.0.0),67,CAN,TOT,M,2022-03-01,4203,AUD,3,,,4203000
ABS:MERCH_IMP(1.0.0),67,CAN,TOT,M,2022-04-01,3396,AUD,3,,,3396000
ABS:MERCH_IMP(1.0.0),67,CAN,TOT,M,2022-05-01,5383,AUD,3,,,5383000
ABS:MERCH_IMP(1.0.0),67,CAN,TOT,M,2022-06-01,3184,AUD,3,,,3184000
ABS:MERCH_IMP(1.0.0),67,CAN,TOT,M,2022-07-01,2481,AUD,3,,,2481000
ABS:MERCH_IMP(1.0.0),67,CAN,TOT,M,2022-08-01,2319,AUD,3,,,2319000
ABS:MERCH_IMP(1.0.0),67,CAN,TOT,M,2022-09-01,3366,AUD,3,,,3366000
ABS:MERCH_IMP(1.0.0),67,CAN,TOT,M,2022-10-01,3799,AUD,3,,,3799000
ABS:MERCH_IMP(1.0.0),67,CAN,TOT,M,2022-11-01,6541,AUD,3,,,6541000
ABS:MERCH_IMP(1.0.0),67,CAN,TOT,M,2022-12-01,3175,AUD,3,,,3175000
ABS:MERCH_IMP(1.0.0),67,CAN,TOT,M,2023-01-01,3433,AUD,3,,,3433000
ABS:MERCH_IMP(1.0.0),67,CAN,TOT,M,2023-02-01,3137,AUD,3,,,3137000
ABS:MERCH_IMP(1.0.0),67,CAN,TOT,M,2023-03-01,3655,AUD,3,,,3655000
ABS:MERCH_IMP(1.0.0),67,CAN,TOT,M,2023-04-01,1356,AUD,3,,,1356000
ABS:MERCH_IMP(1.0.0),67,CAN,TOT,M,2023-05-01,6189,AUD,3,,,6189000
ABS:MERCH_IMP(1.0.0),67,CAN,TOT,M,2023-06-01,3657,AUD,3,,,3657000
ABS:MERCH_IMP(1.0.0),67,CAN,TOT,M,2023-07-01,4308,AUD,3,,,4308000
ABS:MERCH_IMP(1.0.0),67,CAN,TOT,M,2023-08-01,4044,AUD,3,,,4044000
ABS:MERCH_IMP(1.0.0),67,CAN,TOT,M,2023-09-01,3143,AUD,3,,,3143000
ABS:MERCH_IMP(1.0.0),67,CAN,TOT,M,2023-10-01,3045,AUD,3,,,3045000
ABS:MERCH_IMP(1.0.0),67,CAN,TOT,M,2023-11-01,1961,AUD,3,,,1961000
ABS:MERCH_IMP(1.0.0),67,CAN,TOT,M,2023-12-01,4567,AUD,3,,,4567000
ABS:MERCH_IMP(1.0.0),67,CAN,TOT,M,2024-01-01,3221,AUD,3,,,3221000
ABS:MERCH_IMP(1.0.0),67,CAN,TOT,M,2024-02-01,1614,AUD,3,,,1614000
ABS:MERCH_IMP(1.0.0),67,CAN,TOT,M,2024-03-01,3090,AUD,3,,,3090000
ABS:MERCH_IMP(1.0.0),67,CAN,TOT,M,2024-04-01,3327,AUD,3,,,3327000
ABS:MERCH_IMP(1.0.0),67,CAN,TOT,M,2024-05-01,5749,AUD,3,,,5749000
ABS:MERCH_IMP(1.0.0),67,CAN,TOT,M,2024-06-01,4555,AUD,3,,,4555000
ABS:MERCH_IMP(1.0.0),67,CAN,TOT,M,2024-07-01,2650,AUD,3,,,2650000
ABS:MERCH_IMP(1.0.0),67,CAN,TOT,M,2024-08-01,2501,AUD,3,,,2501000
ABS:MERCH_IMP(1.0.0),67,CAN,TOT,M,2024-09-01,4358,AUD,3,,,4358000
ABS:MERCH_IMP(1.0.0),67,CAN,TOT,M,2024-10-01,3452,AUD,3,,,3452000
ABS:MERCH_IMP(1.0.0),67,CAN,TOT,M,2024-11-01,2293,AUD,3,,,2293000
ABS:MERCH_IMP(1.0.0),67,CAN,TOT,M,2024-12-01,3469,AUD,3,,,3469000
ABS:MERCH_IMP(1.0.0),67,CAN,TOT,M,2025-01-01,4643,AUD,3,,,4643000
ABS:MERCH_IMP(1.0.0),67,CAN,TOT,M,2025-02-01,2456,AUD,3,,,2456000
ABS:MERCH_IMP(1.0.0),67,CAN,TOT,M,2025-03-01,2685,AUD,3,,,2685000
ABS:MERCH_IMP(1.0.0),67,CAN,TOT,M,2025-04-01,2377,AUD,3,,,2377000
ABS:MERCH_IMP(1.0.0),67,CAN,TOT,M,2025-05-01,1810,AUD,3,,,1810000
ABS:MERCH_IMP(1.0.0),67,CAN,TOT,M,2025-06-01,3288,AUD,3,,,3288000
ABS:MERCH_IMP(1.0.0),67,CAN,TOT,M,2025-07-01,5135,AUD,3,,,5135000
ABS:MERCH_IMP(1.0.0),67,CAN,TOT,M,2025-08-01,2380,AUD,3,,,2380000
ABS:MERCH_IMP(1.0.0),67,CAN,TOT,M,2025-09-01,3355,AUD,3,,,3355000
ABS:MERCH_IMP(1.0.0),67,CAN,TOT,M,2025-10-01,1666,AUD,3,,,1666000
ABS:MERCH_IMP(1.0.0),67,CAN,TOT,M,2025-11-01,2626,AUD,3,,,2626000
ABS:MERCH_IMP(1.0.0),67,CAN,TOT,M,2025-12-01,2634,AUD,3,,,2634000
ABS:MERCH_IMP(1.0.0),67,CAN,TOT,M,2026-01-01,1799,AUD,3,,,1799000
ABS:MERCH_IMP(1.0.0),67,CAN,TOT,M,2026-02-01,1565,AUD,3,,,1565000
ABS:MERCH_IMP(1.0.0),67,CAN,TOT,M,2026-03-01,1300,AUD,3,,,1300000
ABS:MERCH_IMP(1.0.0),67,CAN,TOT,M,2026-04-01,2178,AUD,3,,,2178000
ABS:MERCH_IMP(1.0.0),67,CAN,TOT,M,2026-05-01,2346,AUD,3,,,2346000
ABS:MERCH_IMP(1.0.0),67,CAN,TOT,M,2026-06-01,2070,AUD,3,,,2070000
ABS:MERCH_IMP(1.0.0),67,CAN,TOT,M,2026-07-01,2727,AUD,3,,,2727000
ABS:MERCH_IMP(1.0.0),67,ROUM,TOT,M,2015-01-01,13,AUD,3,,,13000
ABS:MERCH_IMP(1.0.0),67,ROUM,TOT,M,2015-02-01,126,AUD,3,,,126000
ABS:MERCH_IMP(1.0.0),67,ROUM,TOT,M,2015-03-01,274,AUD,3,,,274000
ABS:MERCH_IMP(1.0.0),67,ROUM,TOT,M,2015-04-01,97,AUD,3,,,97000
ABS:MERCH_IMP(1.0.0),67,ROUM,TOT,M,2015-05-01,374,AUD,3,,,374000
ABS:MERCH_IMP(1.0.0),67,ROUM,TOT,M,2015-06-01,579,AUD,3,,,579000
ABS:MERCH_IMP(1.0.0),67,ROUM,TOT,M,2015-07-01,263,AUD,3,,,263000
ABS:MERCH_IMP(1.0.0),67,ROUM,TOT,M,2015-08-01,107,AUD,3,,,107000
ABS:MERCH_IMP(1.0.0),67,ROUM,TOT,M,2015-09-01,2170,AUD,3,,,2170000
ABS:MERCH_IMP(1.0.0),67,ROUM,TOT,M,2015-10-01,95,AUD,3,,,95000
ABS:MERCH_IMP(1.0.0),67,ROUM,TOT,M,2015-11-01,125,AUD,3,,,125000
ABS:MERCH_IMP(1.0.0),67,ROUM,TOT,M,2015-12-01,103,AUD,3,,,103000
ABS:MERCH_IMP(1.0.0),67,ROUM,TOT,M,2016-01-01,132,AUD,3,,,132000
ABS:MERCH_IMP(1.0.0),67,ROUM,TOT,M,2016-02-01,184,AUD,3,,,184000
ABS:MERCH_IMP(1.0.0),67,ROUM,TOT,M,2016-03-01,160,AUD,3,,,160000
ABS:MERCH_IMP(1.0.0),67,ROUM,TOT,M,2016-04-01,252,AUD,3,,,252000
ABS:MERCH_IMP(1.0.0),67,ROUM,TOT,M,2016-05-01,141,AUD,3,,,141000
ABS:MERCH_IMP(1.0.0),67,ROUM,TOT,M,2016-09-01,52,AUD,3,,,52000
ABS:MERCH_IMP(1.0.0),67,ROUM,TOT,M,2016-10-01,63,AUD,3,,,63000
ABS:MERCH_IMP(1.0.0),67,ROUM,TOT,M,2016-11-01,42,AUD,3,,,42000
ABS:MERCH_IMP(1.0.0),67,ROUM,TOT,M,2016-12-01,44,AUD,3,,,44000
ABS:MERCH_IMP(1.0.0),67,ROUM,TOT,M,2017-01-01,44,AUD,3,,,44000
ABS:MERCH_IMP(1.0.0),67,ROUM,TOT,M,2017-02-01,15,AUD,3,,,15000
ABS:MERCH_IMP(1.0.0),67,ROUM,TOT,M,2017-03-01,91,AUD,3,,,91000
ABS:MERCH_IMP(1.0.0),67,ROUM,TOT,M,2017-04-01,114,AUD,3,,,114000
ABS:MERCH_IMP(1.0.0),67,ROUM,TOT,M,2017-06-01,6,AUD,3,,,6000
ABS:MERCH_IMP(1.0.0),67,ROUM,TOT,M,2017-07-01,4,AUD,3,,,4000
ABS:MERCH_IMP(1.0.0),67,ROUM,TOT,M,2017-08-01,102,AUD,3,,,102000
ABS:MERCH_IMP(1.0.0),67,ROUM,TOT,M,2017-09-01,55,AUD,3,,,55000
ABS:MERCH_IMP(1.0.0),67,ROUM,TOT,M,2017-12-01,37,AUD,3,,,37000
ABS:MERCH_IMP(1.0.0),67,ROUM,TOT,M,2018-01-01,75,AUD,3,,,75000
ABS:MERCH_IMP(1.0.0),67,ROUM,TOT,M,2018-02-01,100,AUD,3,,,100000
ABS:MERCH_IMP(1.0.0),67,ROUM,TOT,M,2018-03-01,25,AUD,3,,,25000
ABS:MERCH_IMP(1.0.0),67,ROUM,TOT,M,2018-04-01,52,AUD,3,,,52000
ABS:MERCH_IMP(1.0.0),67,ROUM,TOT,M,2018-05-01,43,AUD,3,,,43000
ABS:MERCH_IMP(1.0.0),67,ROUM,TOT,M,2018-07-01,133,AUD,3,,,133000
ABS:MERCH_IMP(1.0.0),67,ROUM,TOT,M,2018-09-01,42,AUD,3,,,42000
ABS:MERCH_IMP(1.0.0),67,ROUM,TOT,M,2018-10-01,2,AUD,3,,,2000
ABS:MERCH_IMP(1.0.0),67,ROUM,TOT,M,2018-11-01,77,AUD,3,,,77000
ABS:MERCH_IMP(1.0.0),67,ROUM,TOT,M,2018-12-01,139,AUD,3,,,139000
ABS:MERCH_IMP(1.0.0),67,ROUM,TOT,M,2019-01-01,67,AUD,3,,,67000
ABS:MERCH_IMP(1.0.0),67,ROUM,TOT,M,2019-02-01,9,AUD,3,,,9000
ABS:MERCH_IMP(1.0.0),67,ROUM,TOT,M,2019-04-01,120,AUD,3,,,120000
ABS:MERCH_IMP(1.0.0),67,ROUM,TOT,M,2019-05-01,12,AUD,3,,,12000
ABS:MERCH_IMP(1.0.0),67,ROUM,TOT,M,2019-06-01,214,AUD,3,,,214000
ABS:MERCH_IMP(1.0.0),67,ROUM,TOT,M,2019-07-01,42,AUD,3,,,42000
ABS:MERCH_IMP(1.0.0),67,ROUM,TOT,M,2019-08-01,57,AUD,3,,,57000
ABS:MERCH_IMP(1.0.0),67,ROUM,TOT,M,2019-09-01,232,AUD,3,,,232000
ABS:MERCH_IMP(1.0.0),67,ROUM,TOT,M,2019-10-01,4,AUD,3,,,4000
ABS:MERCH_IMP(1.0.0),67,ROUM,TOT,M,2019-11-01,79,AUD,3,,,79000
ABS:MERCH_IMP(1.0.0),67,ROUM,TOT,M,2019-12-01,4,AUD,3,,,4000
ABS:MERCH_IMP(1.0.0),67,ROUM,TOT,M,2020-01-01,264,AUD,3,,,264000
ABS:MERCH_IMP(1.0.0),67,ROUM,TOT,M,2020-02-01,573,AUD,3,,,573000
ABS:MERCH_IMP(1.0.0),67,ROUM,TOT,M,2020-03-01,173,AUD,3,,,173000
ABS:MERCH_IMP(1.0.0),67,ROUM,TOT,M,2020-04-01,11,AUD,3,,,11000
ABS:MERCH_IMP(1.0.0),67,ROUM,TOT,M,2020-05-01,180,AUD,3,,,180000
ABS:MERCH_IMP(1.0.0),67,ROUM,TOT,M,2020-06-01,3,AUD,3,,,3000
ABS:MERCH_IMP(1.0.0),67,ROUM,TOT,M,2020-07-01,14,AUD,3,,,14000
ABS:MERCH_IMP(1.0.0),67,ROUM,TOT,M,2020-08-01,199,AUD,3,,,199000
ABS:MERCH_IMP(1.0.0),67,ROUM,TOT,M,2020-09-01,60,AUD,3,,,60000
ABS:MERCH_IMP(1.0.0),67,ROUM,TOT,M,2020-11-01,40,AUD,3,,,40000
ABS:MERCH_IMP(1.0.0),67,ROUM,TOT,M,2020-12-01,7,AUD,3,,,7000
ABS:MERCH_IMP(1.0.0),67,ROUM,TOT,M,2021-01-01,147,AUD,3,,,147000
ABS:MERCH_IMP(1.0.0),67,ROUM,TOT,M,2021-03-01,231,AUD,3,,,231000
ABS:MERCH_IMP(1.0.0),67,ROUM,TOT,M,2021-04-01,89,AUD,3,,,89000
ABS:MERCH_IMP(1.0.0),67,ROUM,TOT,M,2021-05-01,256,AUD,3,,,256000
ABS:MERCH_IMP(1.0.0),67,ROUM,TOT,M,2021-06-01,122,AUD,3,,,122000
ABS:MERCH_IMP(1.0.0),67,ROUM,TOT,M,2021-07-01,109,AUD,3,,,109000
ABS:MERCH_IMP(1.0.0),67,ROUM,TOT,M,2021-09-01,192,AUD,3,,,192000
ABS:MERCH_IMP(1.0.0),67,ROUM,TOT,M,2021-10-01,209,AUD,3,,,209000
ABS:MERCH_IMP(1.0.0),67,ROUM,TOT,M,2021-11-01,116,AUD,3,,,116000
ABS:MERCH_IMP(1.0.0),67,ROUM,TOT,M,2021-12-01,46,AUD,3,,,46000
ABS:MERCH_IMP(1.0.0),67,ROUM,TOT,M,2022-01-01,5,AUD,3,,,5000
ABS:MERCH_IMP(1.0.0),67,ROUM,TOT,M,2022-02-01,119,AUD,3,,,119000
ABS:MERCH_IMP(1.0.0),67,ROUM,TOT,M,2022-03-01,450,AUD,3,,,450000
ABS:MERCH_IMP(1.0.0),67,ROUM,TOT,M,2022-04-01,26,AUD,3,,,26000
ABS:MERCH_IMP(1.0.0),67,ROUM,TOT,M,2022-05-01,260,AUD,3,,,260000
ABS:MERCH_IMP(1.0.0),67,ROUM,TOT,M,2022-06-01,13,AUD,3,,,13000
ABS:MERCH_IMP(1.0.0),67,ROUM,TOT,M,2022-07-01,130,AUD,3,,,130000
ABS:MERCH_IMP(1.0.0),67,ROUM,TOT,M,2022-08-01,13,AUD,3,,,13000
ABS:MERCH_IMP(1.0.0),67,ROUM,TOT,M,2022-09-01,128,AUD,3,,,128000
ABS:MERCH_IMP(1.0.0),67,ROUM,TOT,M,2022-10-01,262,AUD,3,,,262000
ABS:MERCH_IMP(1.0.0),67,ROUM,TOT,M,2022-11-01,88,AUD,3,,,88000
ABS:MERCH_IMP(1.0.0),67,ROUM,TOT,M,2022-12-01,230,AUD,3,,,230000
ABS:MERCH_IMP(1.0.0),67,ROUM,TOT,M,2023-01-01,1,AUD,3,,,1000
ABS:MERCH_IMP(1.0.0),67,ROUM,TOT,M,2023-02-01,100,AUD,3,,,100000
ABS:MERCH_IMP(1.0.0),67,ROUM,TOT,M,2023-03-01,134,AUD,3,,,134000
ABS:MERCH_IMP(1.0.0),67,ROUM,TOT,M,2023-04-01,304,AUD,3,,,304000
ABS:MERCH_IMP(1.0.0),67,ROUM,TOT,M,2023-05-01,336,AUD,3,,,336000
ABS:MERCH_IMP(1.0.0),67,ROUM,TOT,M,2023-06-01,222,AUD,3,,,222000
ABS:MERCH_IMP(1.0.0),67,ROUM,TOT,M,2023-07-01,374,AUD,3,,,374000
ABS:MERCH_IMP(1.0.0),67,ROUM,TOT,M,2023-08-01,128,AUD,3,,,128000
ABS:MERCH_IMP(1.0.0),67,ROUM,TOT,M,2023-09-01,168,AUD,3,,,168000
ABS:MERCH_IMP(1.0.0),67,ROUM,TOT,M,2023-10-01,80,AUD,3,,,80000
ABS:MERCH_IMP(1.0.0),67,ROUM,TOT,M,2023-11-01,694,AUD,3,,,694000
ABS:MERCH_IMP(1.0.0),67,ROUM,TOT,M,2023-12-01,745,AUD,3,,,745000
ABS:MERCH_IMP(1.0.0),67,ROUM,TOT,M,2024-01-01,33,AUD,3,,,33000
ABS:MERCH_IMP(1.0.0),67,ROUM,TOT,M,2024-02-01,292,AUD,3,,,292000
ABS:MERCH_IMP(1.0.0),67,ROUM,TOT,M,2024-03-01,365,AUD,3,,,365000
ABS:MERCH_IMP(1.0.0),67,ROUM,TOT,M,2024-04-01,2131,AUD,3,,,2131000
ABS:MERCH_IMP(1.0.0),67,ROUM,TOT,M,2024-05-01,366,AUD,3,,,366000
ABS:MERCH_IMP(1.0.0),67,ROUM,TOT,M,2024-06-01,761,AUD,3,,,761000
ABS:MERCH_IMP(1.0.0),67,ROUM,TOT,M,2024-07-01,195,AUD,3,,,195000
ABS:MERCH_IMP(1.0.0),67,ROUM,TOT,M,2024-08-01,564,AUD,3,,,564000
ABS:MERCH_IMP(1.0.0),67,ROUM,TOT,M,2024-09-01,216,AUD,3,,,216000
ABS:MERCH_IMP(1.0.0),67,ROUM,TOT,M,2024-10-01,187,AUD,3,,,187000
ABS:MERCH_IMP(1.0.0),67,ROUM,TOT,M,2024-11-01,160,AUD,3,,,160000
ABS:MERCH_IMP(1.0.0),67,ROUM,TOT,M,2024-12-01,1259,AUD,3,,,1259000
ABS:MERCH_IMP(1.0.0),67,ROUM,TOT,M,2025-01-01,3200,AUD,3,,,3200000
ABS:MERCH_IMP(1.0.0),67,ROUM,TOT,M,2025-02-01,113,AUD,3,,,113000
ABS:MERCH_IMP(1.0.0),67,ROUM,TOT,M,2025-03-01,170,AUD,3,,,170000
ABS:MERCH_IMP(1.0.0),67,ROUM,TOT,M,2025-04-01,331,AUD,3,,,331000
ABS:MERCH_IMP(1.0.0),67,ROUM,TOT,M,2025-05-01,123,AUD,3,,,123000
ABS:MERCH_IMP(1.0.0),67,ROUM,TOT,M,2025-06-01,31,AUD,3,,,31000
ABS:MERCH_IMP(1.0.0),67,ROUM,TOT,M,2025-07-01,624,AUD,3,,,624000
ABS:MERCH_IMP(1.0.0),67,ROUM,TOT,M,2025-08-01,975,AUD,3,,,975000
ABS:MERCH_IMP(1.0.0),67,ROUM,TOT,M,2025-09-01,206,AUD,3,,,206000
ABS:MERCH_IMP(1.0.0),67,ROUM,TOT,M,2025-10-01,392,AUD,3,,,392000
ABS:MERCH_IMP(1.0.0),67,ROUM,TOT,M,2025-11-01,137,AUD,3,,,137000
ABS:MERCH_IMP(1.0.0),67,ROUM,TOT,M,2025-12-01,112,AUD,3,,,112000
ABS:MERCH_IMP(1.0.0),67,ROUM,TOT,M,2026-01-01,312,AUD,3,,,312000
ABS:MERCH_IMP(1.0.0),67,ROUM,TOT,M,2026-02-01,66,AUD,3,,,66000
ABS:MERCH_IMP(1.0.0),67,ROUM,TOT,M,2026-03-01,196,AUD,3,,,196000
ABS:MERCH_IMP(1.0.0),67,ROUM,TOT,M,2026-04-01,230,AUD,3,,,230000
ABS:MERCH_IMP(1.0.0),67,ROUM,TOT,M,2026-05-01,140,AUD,3,,,140000
ABS:MERCH_IMP(1.0.0),67,ROUM,TOT,M,2026-06-01,45,AUD,3,,,45000
ABS:MERCH_IMP(1.0.0),67,ROUM,TOT,M,2026-07-01,113,AUD,3,,,113000
ABS:MERCH_IMP(1.0.0),67,PSIA,TOT,M,2021-01-01,31,AUD,3,,,31000
ABS:MERCH_IMP(1.0.0),67,PSIA,TOT,M,2021-05-01,3,AUD,3,,,3000
ABS:MERCH_IMP(1.0.0),67,PSIA,TOT,M,2025-04-01,23,AUD,3,,,23000
ABS:MERCH_IMP(1.0.0),67,MALI,TOT,M,2018-10-01,3,AUD,3,,,3000
ABS:MERCH_IMP(1.0.0),67,MALI,TOT,M,2019-01-01,86,AUD,3,,,86000
ABS:MERCH_IMP(1.0.0),67,MALI,TOT,M,2020-01-01,214,AUD,3,,,214000
ABS:MERCH_IMP(1.0.0),67,MALI,TOT,M,2025-12-01,36,AUD,3,,,36000
ABS:MERCH_IMP(1.0.0),67,TURK,TOT,M,2015-01-01,1204,AUD,3,,,1204000
ABS:MERCH_IMP(1.0.0),67,TURK,TOT,M,2015-02-01,995,AUD,3,,,995000
ABS:MERCH_IMP(1.0.0),67,TURK,TOT,M,2015-03-01,112,AUD,3,,,112000
ABS:MERCH_IMP(1.0.0),67,TURK,TOT,M,2015-04-01,369,AUD,3,,,369000
ABS:MERCH_IMP(1.0.0),67,TURK,TOT,M,2015-05-01,549,AUD,3,,,549000
ABS:MERCH_IMP(1.0.0),67,TURK,TOT,M,2015-06-01,608,AUD,3,,,608000
ABS:MERCH_IMP(1.0.0),67,TURK,TOT,M,2015-07-01,796,AUD,3,,,796000
ABS:MERCH_IMP(1.0.0),67,TURK,TOT,M,2015-08-01,62,AUD,3,,,62000
ABS:MERCH_IMP(1.0.0),67,TURK,TOT,M,2015-09-01,184,AUD,3,,,184000
ABS:MERCH_IMP(1.0.0),67,TURK,TOT,M,2015-10-01,386,AUD,3,,,386000
ABS:MERCH_IMP(1.0.0),67,TURK,TOT,M,2015-11-01,707,AUD,3,,,707000
ABS:MERCH_IMP(1.0.0),67,TURK,TOT,M,2015-12-01,746,AUD,3,,,746000
ABS:MERCH_IMP(1.0.0),67,TURK,TOT,M,2016-01-01,145,AUD,3,,,145000
ABS:MERCH_IMP(1.0.0),67,TURK,TOT,M,2016-02-01,194,AUD,3,,,194000
ABS:MERCH_IMP(1.0.0),67,TURK,TOT,M,2016-03-01,439,AUD,3,,,439000
ABS:MERCH_IMP(1.0.0),67,TURK,TOT,M,2016-04-01,280,AUD,3,,,280000
ABS:MERCH_IMP(1.0.0),67,TURK,TOT,M,2016-05-01,201,AUD,3,,,201000
ABS:MERCH_IMP(1.0.0),67,TURK,TOT,M,2016-06-01,403,AUD,3,,,403000
ABS:MERCH_IMP(1.0.0),67,TURK,TOT,M,2016-07-01,280,AUD,3,,,280000
ABS:MERCH_IMP(1.0.0),67,TURK,TOT,M,2016-08-01,932,AUD,3,,,932000
ABS:MERCH_IMP(1.0.0),67,TURK,TOT,M,2016-09-01,243,AUD,3,,,243000
ABS:MERCH_IMP(1.0.0),67,TURK,TOT,M,2016-10-01,426,AUD,3,,,426000
ABS:MERCH_IMP(1.0.0),67,TURK,TOT,M,2016-11-01,899,AUD,3,,,899000
ABS:MERCH_IMP(1.0.0),67,TURK,TOT,M,2016-12-01,429,AUD,3,,,429000
ABS:MERCH_IMP(1.0.0),67,TURK,TOT,M,2017-01-01,523,AUD,3,,,523000
ABS:MERCH_IMP(1.0.0),67,TURK,TOT,M,2017-02-01,729,AUD,3,,,729000
ABS:MERCH_IMP(1.0.0),67,TURK,TOT,M,2017-03-01,336,AUD,3,,,336000
ABS:MERCH_IMP(1.0.0),67,TURK,TOT,M,2017-04-01,443,AUD,3,,,443000
ABS:MERCH_IMP(1.0.0),67,TURK,TOT,M,2017-05-01,537,AUD,3,,,537000
ABS:MERCH_IMP(1.0.0),67,TURK,TOT,M,2017-06-01,646,AUD,3,,,646000
ABS:MERCH_IMP(1.0.0),67,TURK,TOT,M,2017-07-01,796,AUD,3,,,796000
ABS:MERCH_IMP(1.0.0),67,TURK,TOT,M,2017-08-01,458,AUD,3,,,458000
ABS:MERCH_IMP(1.0.0),67,TURK,TOT,M,2017-09-01,562,AUD,3,,,562000
ABS:MERCH_IMP(1.0.0),67,TURK,TOT,M,2017-10-01,377,AUD,3,,,377000
ABS:MERCH_IMP(1.0.0),67,TURK,TOT,M,2017-11-01,367,AUD,3,,,367000
ABS:MERCH_IMP(1.0.0),67,TURK,TOT,M,2017-12-01,727,AUD,3,,,727000
ABS:MERCH_IMP(1.0.0),67,TURK,TOT,M,2018-01-01,1023,AUD,3,,,1023000
ABS:MERCH_IMP(1.0.0),67,TURK,TOT,M,2018-02-01,1033,AUD,3,,,1033000
ABS:MERCH_IMP(1.0.0),67,TURK,TOT,M,2018-03-01,2988,AUD,3,,,2988000
ABS:MERCH_IMP(1.0.0),67,TURK,TOT,M,2018-04-01,1934,AUD,3,,,1934000
ABS:MERCH_IMP(1.0.0),67,TURK,TOT,M,2018-05-01,1516,AUD,3,,,1516000
ABS:MERCH_IMP(1.0.0),67,TURK,TOT,M,2018-06-01,1486,AUD,3,,,1486000
ABS:MERCH_IMP(1.0.0),67,TURK,TOT,M,2018-07-01,1015,AUD,3,,,1015000
ABS:MERCH_IMP(1.0.0),67,TURK,TOT,M,2018-08-01,778,AUD,3,,,778000
ABS:MERCH_IMP(1.0.0),67,TURK,TOT,M,2018-09-01,433,AUD,3,,,433000
ABS:MERCH_IMP(1.0.0),67,TURK,TOT,M,2018-10-01,883,AUD,3,,,883000
ABS:MERCH_IMP(1.0.0),67,TURK,TOT,M,2018-11-01,451,AUD,3,,,451000
ABS:MERCH_IMP(1.0.0),67,TURK,TOT,M,2018-12-01,811,AUD,3,,,811000
ABS:MERCH_IMP(1.0.0),67,TURK,TOT,M,2019-01-01,420,AUD,3,,,420000
ABS:MERCH_IMP(1.0.0),67,TURK,TOT,M,2019-02-01,740,AUD,3,,,740000
ABS:MERCH_IMP(1.0.0),67,TURK,TOT,M,2019-03-01,762,AUD,3,,,762000
ABS:MERCH_IMP(1.0.0),67,TURK,TOT,M,2019-04-01,668,AUD,3,,,668000
ABS:MERCH_IMP(1.0.0),67,TURK,TOT,M,2019-05-01,640,AUD,3,,,640000
ABS:MERCH_IMP(1.0.0),67,TURK,TOT,M,2019-06-01,2451,AUD,3,,,2451000
ABS:MERCH_IMP(1.0.0),67,TURK,TOT,M,2019-07-01,376,AUD,3,,,376000
ABS:MERCH_IMP(1.0.0),67,TURK,TOT,M,2019-08-01,561,AUD,3,,,561000
ABS:MERCH_IMP(1.0.0),67,TURK,TOT,M,2019-09-01,744,AUD,3,,,744000
ABS:MERCH_IMP(1.0.0),67,TURK,TOT,M,2019-10-01,1338,AUD,3,,,1338000
ABS:MERCH_IMP(1.0.0),67,TURK,TOT,M,2019-11-01,716,AUD,3,,,716000
ABS:MERCH_IMP(1.0.0),67,TURK,TOT,M,2019-12-01,489,AUD,3,,,489000
ABS:MERCH_IMP(1.0.0),67,TURK,TOT,M,2020-01-01,5500,AUD,3,,,5500000
ABS:MERCH_IMP(1.0.0),67,TURK,TOT,M,2020-02-01,1652,AUD,3,,,1652000
ABS:MERCH_IMP(1.0.0),67,TURK,TOT,M,2020-03-01,1302,AUD,3,,,1302000
ABS:MERCH_IMP(1.0.0),67,TURK,TOT,M,2020-04-01,609,AUD,3,,,609000
ABS:MERCH_IMP(1.0.0),67,TURK,TOT,M,2020-05-01,775,AUD,3,,,775000
ABS:MERCH_IMP(1.0.0),67,TURK,TOT,M,2020-06-01,448,AUD,3,,,448000
ABS:MERCH_IMP(1.0.0),67,TURK,TOT,M,2020-07-01,1197,AUD,3,,,1197000
ABS:MERCH_IMP(1.0.0),67,TURK,TOT,M,2020-08-01,711,AUD,3,,,711000
ABS:MERCH_IMP(1.0.0),67,TURK,TOT,M,2020-09-01,516,AUD,3,,,516000
ABS:MERCH_IMP(1.0.0),67,TURK,TOT,M,2020-10-01,794,AUD,3,,,794000
ABS:MERCH_IMP(1.0.0),67,TURK,TOT,M,2020-11-01,608,AUD,3,,,608000
ABS:MERCH_IMP(1.0.0),67,TURK,TOT,M,2020-12-01,405,AUD,3,,,405000
ABS:MERCH_IMP(1.0.0),67,TURK,TOT,M,2021-01-01,81,AUD,3,,,81000
ABS:MERCH_IMP(1.0.0),67,TURK,TOT,M,2021-02-01,68,AUD,3,,,68000
ABS:MERCH_IMP(1.0.0),67,TURK,TOT,M,2021-03-01,301,AUD,3,,,301000
ABS:MERCH_IMP(1.0.0),67,TURK,TOT,M,2021-04-01,766,AUD,3,,,766000
ABS:MERCH_IMP(1.0.0),67,TURK,TOT,M,2021-05-01,838,AUD,3,,,838000
ABS:MERCH_IMP(1.0.0),67,TURK,TOT,M,2021-06-01,122,AUD,3,,,122000
ABS:MERCH_IMP(1.0.0),67,TURK,TOT,M,2021-07-01,487,AUD,3,,,487000
ABS:MERCH_IMP(1.0.0),67,TURK,TOT,M,2021-08-01,658,AUD,3,,,658000
ABS:MERCH_IMP(1.0.0),67,TURK,TOT,M,2021-09-01,506,AUD,3,,,506000
ABS:MERCH_IMP(1.0.0),67,TURK,TOT,M,2021-10-01,1077,AUD,3,,,1077000
ABS:MERCH_IMP(1.0.0),67,TURK,TOT,M,2021-11-01,452,AUD,3,,,452000
ABS:MERCH_IMP(1.0.0),67,TURK,TOT,M,2021-12-01,946,AUD,3,,,946000
ABS:MERCH_IMP(1.0.0),67,TURK,TOT,M,2022-01-01,541,AUD,3,,,541000
ABS:MERCH_IMP(1.0.0),67,TURK,TOT,M,2022-02-01,411,AUD,3,,,411000
ABS:MERCH_IMP(1.0.0),67,TURK,TOT,M,2022-03-01,796,AUD,3,,,796000
ABS:MERCH_IMP(1.0.0),67,TURK,TOT,M,2022-04-01,374,AUD,3,,,374000
ABS:MERCH_IMP(1.0.0),67,TURK,TOT,M,2022-05-01,680,AUD,3,,,680000
ABS:MERCH_IMP(1.0.0),67,TURK,TOT,M,2022-06-01,1368,AUD,3,,,1368000
ABS:MERCH_IMP(1.0.0),67,TURK,TOT,M,2022-07-01,1031,AUD,3,,,1031000
ABS:MERCH_IMP(1.0.0),67,TURK,TOT,M,2022-08-01,972,AUD,3,,,972000
ABS:MERCH_IMP(1.0.0),67,TURK,TOT,M,2022-09-01,709,AUD,3,,,709000
ABS:MERCH_IMP(1.0.0),67,TURK,TOT,M,2022-10-01,1723,AUD,3,,,1723000
ABS:MERCH_IMP(1.0.0),67,TURK,TOT,M,2022-11-01,775,AUD,3,,,775000
ABS:MERCH_IMP(1.0.0),67,TURK,TOT,M,2022-12-01,791,AUD,3,,,791000
ABS:MERCH_IMP(1.0.0),67,TURK,TOT,M,2023-01-01,1197,AUD,3,,,1197000
ABS:MERCH_IMP(1.0.0),67,TURK,TOT,M,2023-02-01,5379,AUD,3,,,5379000
ABS:MERCH_IMP(1.0.0),67,TURK,TOT,M,2023-03-01,967,AUD,3,,,967000
ABS:MERCH_IMP(1.0.0),67,TURK,TOT,M,2023-04-01,1115,AUD,3,,,1115000
ABS:MERCH_IMP(1.0.0),67,TURK,TOT,M,2023-05-01,2259,AUD,3,,,2259000
ABS:MERCH_IMP(1.0.0),67,TURK,TOT,M,2023-06-01,6839,AUD,3,,,6839000
ABS:MERCH_IMP(1.0.0),67,TURK,TOT,M,2023-07-01,6756,AUD,3,,,6756000
ABS:MERCH_IMP(1.0.0),67,TURK,TOT,M,2023-08-01,5563,AUD,3,,,5563000
ABS:MERCH_IMP(1.0.0),67,TURK,TOT,M,2023-09-01,5575,AUD,3,,,5575000
ABS:MERCH_IMP(1.0.0),67,TURK,TOT,M,2023-10-01,3215,AUD,3,,,3215000
ABS:MERCH_IMP(1.0.0),67,TURK,TOT,M,2023-11-01,5784,AUD,3,,,5784000
ABS:MERCH_IMP(1.0.0),67,TURK,TOT,M,2023-12-01,10692,AUD,3,,,10692000
ABS:MERCH_IMP(1.0.0),67,TURK,TOT,M,2024-01-01,717,AUD,3,,,717000
ABS:MERCH_IMP(1.0.0),67,TURK,TOT,M,2024-02-01,5944,AUD,3,,,5944000
ABS:MERCH_IMP(1.0.0),67,TURK,TOT,M,2024-03-01,13865,AUD,3,,,13865000
ABS:MERCH_IMP(1.0.0),67,TURK,TOT,M,2024-04-01,4827,AUD,3,,,4827000
ABS:MERCH_IMP(1.0.0),67,TURK,TOT,M,2024-05-01,3181,AUD,3,,,3181000
ABS:MERCH_IMP(1.0.0),67,TURK,TOT,M,2024-06-01,839,AUD,3,,,839000
ABS:MERCH_IMP(1.0.0),67,TURK,TOT,M,2024-07-01,1127,AUD,3,,,1127000
ABS:MERCH_IMP(1.0.0),67,TURK,TOT,M,2024-08-01,2151,AUD,3,,,2151000
ABS:MERCH_IMP(1.0.0),67,TURK,TOT,M,2024-09-01,2146,AUD,3,,,2146000
ABS:MERCH_IMP(1.0.0),67,TURK,TOT,M,2024-10-01,2916,AUD,3,,,2916000
ABS:MERCH_IMP(1.0.0),67,TURK,TOT,M,2024-11-01,1938,AUD,3,,,1938000
ABS:MERCH_IMP(1.0.0),67,TURK,TOT,M,2024-12-01,6043,AUD,3,,,6043000
ABS:MERCH_IMP(1.0.0),67,TURK,TOT,M,2025-01-01,1303,AUD,3,,,1303000
ABS:MERCH_IMP(1.0.0),67,TURK,TOT,M,2025-02-01,1302,AUD,3,,,1302000
ABS:MERCH_IMP(1.0.0),67,TURK,TOT,M,2025-03-01,691,AUD,3,,,691000
ABS:MERCH_IMP(1.0.0),67,TURK,TOT,M,2025-04-01,883,AUD,3,,,883000
ABS:MERCH_IMP(1.0.0),67,TURK,TOT,M,2025-05-01,1312,AUD,3,,,1312000
ABS:MERCH_IMP(1.0.0),67,TURK,TOT,M,2025-06-01,4717,AUD,3,,,4717000
ABS:MERCH_IMP(1.0.0),67,TURK,TOT,M,2025-07-01,7518,AUD,3,,,7518000
ABS:MERCH_IMP(1.0.0),67,TURK,TOT,M,2025-08-01,6822,AUD,3,,,6822000
ABS:MERCH_IMP(1.0.0),67,TURK,TOT,M,2025-09-01,8052,AUD,3,,,8052000
ABS:MERCH_IMP(1.0.0),67,TURK,TOT,M,2025-10-01,6723,AUD,3,,,6723000
ABS:MERCH_IMP(1.0.0),67,TURK,TOT,M,2025-11-01,2715,AUD,3,,,2715000
ABS:MERCH_IMP(1.0.0),67,TURK,TOT,M,2025-12-01,4616,AUD,3,,,4616000
ABS:MERCH_IMP(1.0.0),67,TURK,TOT,M,2026-01-01,15246,AUD,3,,,15246000
ABS:MERCH_IMP(1.0.0),67,TURK,TOT,M,2026-02-01,6230,AUD,3,,,6230000
ABS:MERCH_IMP(1.0.0),67,TURK,TOT,M,2026-03-01,331,AUD,3,,,331000
ABS:MERCH_IMP(1.0.0),67,TURK,TOT,M,2026-04-01,129,AUD,3,,,129000
ABS:MERCH_IMP(1.0.0),67,TURK,TOT,M,2026-05-01,387,AUD,3,,,387000
ABS:MERCH_IMP(1.0.0),67,TURK,TOT,M,2026-06-01,670,AUD,3,,,670000
ABS:MERCH_IMP(1.0.0),67,TURK,TOT,M,2026-07-01,393,AUD,3,,,393000
ABS:MERCH_IMP(1.0.0),67,ECUA,TOT,M,2017-12-01,1,AUD,3,,,1000
ABS:MERCH_IMP(1.0.0),67,ECUA,TOT,M,2018-07-01,2,AUD,3,,,2000
ABS:MERCH_IMP(1.0.0),67,KAZA,TOT,M,2015-01-01,87,AUD,3,,,87000
ABS:MERCH_IMP(1.0.0),67,KAZA,TOT,M,2015-03-01,232,AUD,3,,,232000
ABS:MERCH_IMP(1.0.0),67,KAZA,TOT,M,2015-05-01,121,AUD,3,,,121000
ABS:MERCH_IMP(1.0.0),67,KAZA,TOT,M,2015-06-01,279,AUD,3,,,279000
ABS:MERCH_IMP(1.0.0),67,KAZA,TOT,M,2015-07-01,256,AUD,3,,,256000
ABS:MERCH_IMP(1.0.0),67,KAZA,TOT,M,2015-08-01,13,AUD,3,,,13000
ABS:MERCH_IMP(1.0.0),67,KAZA,TOT,M,2015-09-01,540,AUD,3,,,540000
ABS:MERCH_IMP(1.0.0),67,KAZA,TOT,M,2015-10-01,54,AUD,3,,,54000
ABS:MERCH_IMP(1.0.0),67,KAZA,TOT,M,2015-11-01,248,AUD,3,,,248000
ABS:MERCH_IMP(1.0.0),67,KAZA,TOT,M,2015-12-01,99,AUD,3,,,99000
ABS:MERCH_IMP(1.0.0),67,KAZA,TOT,M,2016-01-01,100,AUD,3,,,100000
ABS:MERCH_IMP(1.0.0),67,KAZA,TOT,M,2016-02-01,168,AUD,3,,,168000
ABS:MERCH_IMP(1.0.0),67,KAZA,TOT,M,2016-04-01,82,AUD,3,,,82000
ABS:MERCH_IMP(1.0.0),67,KAZA,TOT,M,2016-05-01,83,AUD,3,,,83000
ABS:MERCH_IMP(1.0.0),67,KAZA,TOT,M,2016-06-01,282,AUD,3,,,282000
ABS:MERCH_IMP(1.0.0),67,KAZA,TOT,M,2016-07-01,85,AUD,3,,,85000
ABS:MERCH_IMP(1.0.0),67,KAZA,TOT,M,2016-08-01,43,AUD,3,,,43000
ABS:MERCH_IMP(1.0.0),67,KAZA,TOT,M,2016-09-01,43,AUD,3,,,43000
ABS:MERCH_IMP(1.0.0),67,KAZA,TOT,M,2016-10-01,125,AUD,3,,,125000
ABS:MERCH_IMP(1.0.0),67,KAZA,TOT,M,2016-11-01,133,AUD,3,,,133000
ABS:MERCH_IMP(1.0.0),67,KAZA,TOT,M,2016-12-01,48,AUD,3,,,48000
ABS:MERCH_IMP(1.0.0),67,KAZA,TOT,M,2017-01-01,129,AUD,3,,,129000
ABS:MERCH_IMP(1.0.0),67,KAZA,TOT,M,2017-02-01,139,AUD,3,,,139000
ABS:MERCH_IMP(1.0.0),67,KAZA,TOT,M,2017-05-01,139,AUD,3,,,139000
ABS:MERCH_IMP(1.0.0),67,KAZA,TOT,M,2017-07-01,118,AUD,3,,,118000
ABS:MERCH_IMP(1.0.0),67,KAZA,TOT,M,2017-08-01,55,AUD,3,,,55000
ABS:MERCH_IMP(1.0.0),67,KAZA,TOT,M,2017-09-01,204,AUD,3,,,204000
ABS:MERCH_IMP(1.0.0),67,KAZA,TOT,M,2017-10-01,58,AUD,3,,,58000
ABS:MERCH_IMP(1.0.0),67,KAZA,TOT,M,2017-11-01,55,AUD,3,,,55000
ABS:MERCH_IMP(1.0.0),67,KAZA,TOT,M,2017-12-01,139,AUD,3,,,139000
ABS:MERCH_IMP(1.0.0),67,KAZA,TOT,M,2018-01-01,133,AUD,3,,,133000
ABS:MERCH_IMP(1.0.0),67,KAZA,TOT,M,2018-02-01,343,AUD,3,,,343000
ABS:MERCH_IMP(1.0.0),67,KAZA,TOT,M,2018-03-01,49,AUD,3,,,49000
ABS:MERCH_IMP(1.0.0),67,KAZA,TOT,M,2018-04-01,189,AUD,3,,,189000
ABS:MERCH_IMP(1.0.0),67,KAZA,TOT,M,2018-05-01,310,AUD,3,,,310000
ABS:MERCH_IMP(1.0.0),67,KAZA,TOT,M,2018-06-01,68,AUD,3,,,68000
ABS:MERCH_IMP(1.0.0),67,KAZA,TOT,M,2018-07-01,311,AUD,3,,,311000
ABS:MERCH_IMP(1.0.0),67,KAZA,TOT,M,2018-08-01,335,AUD,3,,,335000
ABS:MERCH_IMP(1.0.0),67,KAZA,TOT,M,2018-09-01,326,AUD,3,,,326000
ABS:MERCH_IMP(1.0.0),67,KAZA,TOT,M,2018-10-01,333,AUD,3,,,333000
ABS:MERCH_IMP(1.0.0),67,KAZA,TOT,M,2018-11-01,272,AUD,3,,,272000
ABS:MERCH_IMP(1.0.0),67,KAZA,TOT,M,2018-12-01,60,AUD,3,,,60000
ABS:MERCH_IMP(1.0.0),67,KAZA,TOT,M,2019-01-01,230,AUD,3,,,230000
ABS:MERCH_IMP(1.0.0),67,KAZA,TOT,M,2019-02-01,271,AUD,3,,,271000
ABS:MERCH_IMP(1.0.0),67,KAZA,TOT,M,2019-03-01,156,AUD,3,,,156000
ABS:MERCH_IMP(1.0.0),67,KAZA,TOT,M,2019-04-01,54,AUD,3,,,54000
ABS:MERCH_IMP(1.0.0),67,KAZA,TOT,M,2019-05-01,326,AUD,3,,,326000
ABS:MERCH_IMP(1.0.0),67,KAZA,TOT,M,2019-08-01,77,AUD,3,,,77000
ABS:MERCH_IMP(1.0.0),67,KAZA,TOT,M,2019-11-01,50,AUD,3,,,50000
ABS:MERCH_IMP(1.0.0),67,KAZA,TOT,M,2019-12-01,54,AUD,3,,,54000
ABS:MERCH_IMP(1.0.0),67,KAZA,TOT,M,2020-01-01,145,AUD,3,,,145000
ABS:MERCH_IMP(1.0.0),67,KAZA,TOT,M,2020-04-01,49,AUD,3,,,49000
ABS:MERCH_IMP(1.0.0),67,KAZA,TOT,M,2020-05-01,22518,AUD,3,,,22518000
ABS:MERCH_IMP(1.0.0),67,KAZA,TOT,M,2020-06-01,58,AUD,3,,,58000
ABS:MERCH_IMP(1.0.0),67,KAZA,TOT,M,2020-07-01,212,AUD,3,,,212000
ABS:MERCH_IMP(1.0.0),67,KAZA,TOT,M,2020-08-01,79,AUD,3,,,79000
ABS:MERCH_IMP(1.0.0),67,KAZA,TOT,M,2020-10-01,157,AUD,3,,,157000
ABS:MERCH_IMP(1.0.0),67,KAZA,TOT,M,2020-11-01,213,AUD,3,,,213000
ABS:MERCH_IMP(1.0.0),67,KAZA,TOT,M,2020-12-01,122,AUD,3,,,122000
ABS:MERCH_IMP(1.0.0),67,KAZA,TOT,M,2021-01-01,85,AUD,3,,,85000
ABS:MERCH_IMP(1.0.0),67,KAZA,TOT,M,2021-03-01,121,AUD,3,,,121000
ABS:MERCH_IMP(1.0.0),67,KAZA,TOT,M,2021-04-01,49,AUD,3,,,49000
ABS:MERCH_IMP(1.0.0),67,KAZA,TOT,M,2021-05-01,214,AUD,3,,,214000
ABS:MERCH_IMP(1.0.0),67,KAZA,TOT,M,2021-06-01,583,AUD,3,,,583000
ABS:MERCH_IMP(1.0.0),67,KAZA,TOT,M,2021-07-01,244,AUD,3,,,244000
ABS:MERCH_IMP(1.0.0),67,KAZA,TOT,M,2021-08-01,239,AUD,3,,,239000
ABS:MERCH_IMP(1.0.0),67,KAZA,TOT,M,2021-09-01,20311,AUD,3,,,20311000
ABS:MERCH_IMP(1.0.0),67,KAZA,TOT,M,2021-10-01,130,AUD,3,,,130000
ABS:MERCH_IMP(1.0.0),67,KAZA,TOT,M,2021-11-01,2048,AUD,3,,,2048000
ABS:MERCH_IMP(1.0.0),67,KAZA,TOT,M,2021-12-01,1140,AUD,3,,,1140000
ABS:MERCH_IMP(1.0.0),67,KAZA,TOT,M,2022-01-01,416,AUD,3,,,416000
ABS:MERCH_IMP(1.0.0),67,KAZA,TOT,M,2022-02-01,1322,AUD,3,,,1322000
ABS:MERCH_IMP(1.0.0),67,KAZA,TOT,M,2022-03-01,610,AUD,3,,,610000
ABS:MERCH_IMP(1.0.0),67,KAZA,TOT,M,2022-05-01,1236,AUD,3,,,1236000
ABS:MERCH_IMP(1.0.0),67,KAZA,TOT,M,2022-07-01,88,AUD,3,,,88000
ABS:MERCH_IMP(1.0.0),67,KAZA,TOT,M,2022-09-01,3125,AUD,3,,,3125000
ABS:MERCH_IMP(1.0.0),67,KAZA,TOT,M,2022-10-01,833,AUD,3,,,833000
ABS:MERCH_IMP(1.0.0),67,KAZA,TOT,M,2022-11-01,3178,AUD,3,,,3178000
ABS:MERCH_IMP(1.0.0),67,KAZA,TOT,M,2022-12-01,367,AUD,3,,,367000
ABS:MERCH_IMP(1.0.0),67,KAZA,TOT,M,2023-01-01,579,AUD,3,,,579000
ABS:MERCH_IMP(1.0.0),67,KAZA,TOT,M,2023-02-01,1016,AUD,3,,,1016000
ABS:MERCH_IMP(1.0.0),67,KAZA,TOT,M,2023-03-01,1006,AUD,3,,,1006000
ABS:MERCH_IMP(1.0.0),67,KAZA,TOT,M,2023-04-01,299,AUD,3,,,299000
ABS:MERCH_IMP(1.0.0),67,KAZA,TOT,M,2023-05-01,1008,AUD,3,,,1008000
ABS:MERCH_IMP(1.0.0),67,KAZA,TOT,M,2023-06-01,222,AUD,3,,,222000
ABS:MERCH_IMP(1.0.0),67,KAZA,TOT,M,2023-07-01,1308,AUD,3,,,1308000
ABS:MERCH_IMP(1.0.0),67,KAZA,TOT,M,2023-09-01,518,AUD,3,,,518000
ABS:MERCH_IMP(1.0.0),67,KAZA,TOT,M,2023-10-01,1354,AUD,3,,,1354000
ABS:MERCH_IMP(1.0.0),67,KAZA,TOT,M,2023-11-01,239,AUD,3,,,239000
ABS:MERCH_IMP(1.0.0),67,KAZA,TOT,M,2024-01-01,105,AUD,3,,,105000
ABS:MERCH_IMP(1.0.0),67,KAZA,TOT,M,2024-03-01,695,AUD,3,,,695000
ABS:MERCH_IMP(1.0.0),67,KAZA,TOT,M,2024-04-01,224,AUD,3,,,224000
ABS:MERCH_IMP(1.0.0),67,KAZA,TOT,M,2024-05-01,499,AUD,3,,,499000
ABS:MERCH_IMP(1.0.0),67,KAZA,TOT,M,2024-06-01,410,AUD,3,,,410000
ABS:MERCH_IMP(1.0.0),67,KAZA,TOT,M,2024-07-01,35901,AUD,3,,,35901000
ABS:MERCH_IMP(1.0.0),67,KAZA,TOT,M,2024-08-01,2179,AUD,3,,,2179000
ABS:MERCH_IMP(1.0.0),67,KAZA,TOT,M,2024-09-01,1104,AUD,3,,,1104000
ABS:MERCH_IMP(1.0.0),67,KAZA,TOT,M,2024-10-01,483,AUD,3,,,483000
ABS:MERCH_IMP(1.0.0),67,KAZA,TOT,M,2024-11-01,724,AUD,3,,,724000
ABS:MERCH_IMP(1.0.0),67,KAZA,TOT,M,2024-12-01,308,AUD,3,,,308000
ABS:MERCH_IMP(1.0.0),67,KAZA,TOT,M,2025-01-01,854,AUD,3,,,854000
ABS:MERCH_IMP(1.0.0),67,KAZA,TOT,M,2025-02-01,114,AUD,3,,,114000
ABS:MERCH_IMP(1.0.0),67,KAZA,TOT,M,2025-03-01,757,AUD,3,,,757000
ABS:MERCH_IMP(1.0.0),67,KAZA,TOT,M,2025-05-01,82,AUD,3,,,82000
ABS:MERCH_IMP(1.0.0),67,KAZA,TOT,M,2025-06-01,425,AUD,3,,,425000
ABS:MERCH_IMP(1.0.0),67,KAZA,TOT,M,2025-07-01,108,AUD,3,,,108000
ABS:MERCH_IMP(1.0.0),67,KAZA,TOT,M,2025-08-01,425,AUD,3,,,425000
ABS:MERCH_IMP(1.0.0),67,KAZA,TOT,M,2025-09-01,421,AUD,3,,,421000
ABS:MERCH_IMP(1.0.0),67,KAZA,TOT,M,2025-10-01,169,AUD,3,,,169000
ABS:MERCH_IMP(1.0.0),67,KAZA,TOT,M,2025-11-01,208,AUD,3,,,208000
ABS:MERCH_IMP(1.0.0),67,KAZA,TOT,M,2025-12-01,739,AUD,3,,,739000
ABS:MERCH_IMP(1.0.0),67,KAZA,TOT,M,2026-01-01,355,AUD,3,,,355000
ABS:MERCH_IMP(1.0.0),67,KAZA,TOT,M,2026-02-01,232,AUD,3,,,232000
ABS:MERCH_IMP(1.0.0),67,KAZA,TOT,M,2026-03-01,676,AUD,3,,,676000
ABS:MERCH_IMP(1.0.0),67,KAZA,TOT,M,2026-04-01,775,AUD,3,,,775000
ABS:MERCH_IMP(1.0.0),67,KAZA,TOT,M,2026-05-01,627,AUD,3,,,627000
ABS:MERCH_IMP(1.0.0),67,KAZA,TOT,M,2026-06-01,261,AUD,3,,,261000
ABS:MERCH_IMP(1.0.0),67,KAZA,TOT,M,2026-07-01,449,AUD,3,,,449000
ABS:MERCH_IMP(1.0.0),67,BRAZ,TOT,M,2015-01-01,810,AUD,3,,,810000
ABS:MERCH_IMP(1.0.0),67,BRAZ,TOT,M,2015-02-01,129,AUD,3,,,129000
ABS:MERCH_IMP(1.0.0),67,BRAZ,TOT,M,2015-03-01,982,AUD,3,,,982000
ABS:MERCH_IMP(1.0.0),67,BRAZ,TOT,M,2015-04-01,1370,AUD,3,,,1370000
ABS:MERCH_IMP(1.0.0),67,BRAZ,TOT,M,2015-05-01,943,AUD,3,,,943000
ABS:MERCH_IMP(1.0.0),67,BRAZ,TOT,M,2015-06-01,255,AUD,3,,,255000
ABS:MERCH_IMP(1.0.0),67,BRAZ,TOT,M,2015-07-01,1925,AUD,3,,,1925000
ABS:MERCH_IMP(1.0.0),67,BRAZ,TOT,M,2015-08-01,914,AUD,3,,,914000
ABS:MERCH_IMP(1.0.0),67,BRAZ,TOT,M,2015-09-01,335,AUD,3,,,335000
ABS:MERCH_IMP(1.0.0),67,BRAZ,TOT,M,2015-10-01,536,AUD,3,,,536000
ABS:MERCH_IMP(1.0.0),67,BRAZ,TOT,M,2015-11-01,1586,AUD,3,,,1586000
ABS:MERCH_IMP(1.0.0),67,BRAZ,TOT,M,2015-12-01,87,AUD,3,,,87000
ABS:MERCH_IMP(1.0.0),67,BRAZ,TOT,M,2016-01-01,883,AUD,3,,,883000
ABS:MERCH_IMP(1.0.0),67,BRAZ,TOT,M,2016-02-01,1506,AUD,3,,,1506000
ABS:MERCH_IMP(1.0.0),67,BRAZ,TOT,M,2016-03-01,432,AUD,3,,,432000
ABS:MERCH_IMP(1.0.0),67,BRAZ,TOT,M,2016-04-01,940,AUD,3,,,940000
ABS:MERCH_IMP(1.0.0),67,BRAZ,TOT,M,2016-05-01,627,AUD,3,,,627000
ABS:MERCH_IMP(1.0.0),67,BRAZ,TOT,M,2016-06-01,495,AUD,3,,,495000
ABS:MERCH_IMP(1.0.0),67,BRAZ,TOT,M,2016-07-01,814,AUD,3,,,814000
ABS:MERCH_IMP(1.0.0),67,BRAZ,TOT,M,2016-08-01,336,AUD,3,,,336000
ABS:MERCH_IMP(1.0.0),67,BRAZ,TOT,M,2016-09-01,733,AUD,3,,,733000
ABS:MERCH_IMP(1.0.0),67,BRAZ,TOT,M,2016-10-01,822,AUD,3,,,822000
ABS:MERCH_IMP(1.0.0),67,BRAZ,TOT,M,2016-11-01,1050,AUD,3,,,1050000
ABS:MERCH_IMP(1.0.0),67,BRAZ,TOT,M,2016-12-01,390,AUD,3,,,390000
ABS:MERCH_IMP(1.0.0),67,BRAZ,TOT,M,2017-01-01,340,AUD,3,,,340000
ABS:MERCH_IMP(1.0.0),67,BRAZ,TOT,M,2017-02-01,1076,AUD,3,,,1076000
ABS:MERCH_IMP(1.0.0),67,BRAZ,TOT,M,2017-03-01,1098,AUD,3,,,1098000
ABS:MERCH_IMP(1.0.0),67,BRAZ,TOT,M,2017-04-01,8,AUD,3,,,8000
ABS:MERCH_IMP(1.0.0),67,BRAZ,TOT,M,2017-05-01,393,AUD,3,,,393000
ABS:MERCH_IMP(1.0.0),67,BRAZ,TOT,M,2017-06-01,100,AUD,3,,,100000
ABS:MERCH_IMP(1.0.0),67,BRAZ,TOT,M,2017-07-01,701,AUD,3,,,701000
ABS:MERCH_IMP(1.0.0),67,BRAZ,TOT,M,2017-08-01,643,AUD,3,,,643000
ABS:MERCH_IMP(1.0.0),67,BRAZ,TOT,M,2017-09-01,198,AUD,3,,,198000
ABS:MERCH_IMP(1.0.0),67,BRAZ,TOT,M,2017-10-01,723,AUD,3,,,723000
ABS:MERCH_IMP(1.0.0),67,BRAZ,TOT,M,2017-11-01,17016,AUD,3,,,17016000
ABS:MERCH_IMP(1.0.0),67,BRAZ,TOT,M,2017-12-01,1301,AUD,3,,,1301000
ABS:MERCH_IMP(1.0.0),67,BRAZ,TOT,M,2018-01-01,1164,AUD,3,,,1164000
ABS:MERCH_IMP(1.0.0),67,BRAZ,TOT,M,2018-02-01,439,AUD,3,,,439000
ABS:MERCH_IMP(1.0.0),67,BRAZ,TOT,M,2018-03-01,546,AUD,3,,,546000
ABS:MERCH_IMP(1.0.0),67,BRAZ,TOT,M,2018-04-01,212,AUD,3,,,212000
ABS:MERCH_IMP(1.0.0),67,BRAZ,TOT,M,2018-05-01,687,AUD,3,,,687000
ABS:MERCH_IMP(1.0.0),67,BRAZ,TOT,M,2018-06-01,127,AUD,3,,,127000
ABS:MERCH_IMP(1.0.0),67,BRAZ,TOT,M,2018-07-01,666,AUD,3,,,666000
ABS:MERCH_IMP(1.0.0),67,BRAZ,TOT,M,2018-08-01,449,AUD,3,,,449000
ABS:MERCH_IMP(1.0.0),67,BRAZ,TOT,M,2018-09-01,572,AUD,3,,,572000
ABS:MERCH_IMP(1.0.0),67,BRAZ,TOT,M,2018-10-01,308,AUD,3,,,308000
ABS:MERCH_IMP(1.0.0),67,BRAZ,TOT,M,2018-11-01,376,AUD,3,,,376000
ABS:MERCH_IMP(1.0.0),67,BRAZ,TOT,M,2018-12-01,454,AUD,3,,,454000
ABS:MERCH_IMP(1.0.0),67,BRAZ,TOT,M,2019-01-01,926,AUD,3,,,926000
ABS:MERCH_IMP(1.0.0),67,BRAZ,TOT,M,2019-02-01,614,AUD,3,,,614000
ABS:MERCH_IMP(1.0.0),67,BRAZ,TOT,M,2019-03-01,745,AUD,3,,,745000
ABS:MERCH_IMP(1.0.0),67,BRAZ,TOT,M,2019-04-01,413,AUD,3,,,413000
ABS:MERCH_IMP(1.0.0),67,BRAZ,TOT,M,2019-05-01,75,AUD,3,,,75000
ABS:MERCH_IMP(1.0.0),67,BRAZ,TOT,M,2019-06-01,54,AUD,3,,,54000
ABS:MERCH_IMP(1.0.0),67,BRAZ,TOT,M,2019-07-01,505,AUD,3,,,505000
ABS:MERCH_IMP(1.0.0),67,BRAZ,TOT,M,2019-08-01,572,AUD,3,,,572000
ABS:MERCH_IMP(1.0.0),67,BRAZ,TOT,M,2019-09-01,818,AUD,3,,,818000
ABS:MERCH_IMP(1.0.0),67,BRAZ,TOT,M,2019-10-01,337,AUD,3,,,337000
ABS:MERCH_IMP(1.0.0),67,BRAZ,TOT,M,2019-11-01,757,AUD,3,,,757000
ABS:MERCH_IMP(1.0.0),67,BRAZ,TOT,M,2019-12-01,585,AUD,3,,,585000
ABS:MERCH_IMP(1.0.0),67,BRAZ,TOT,M,2020-01-01,503,AUD,3,,,503000
ABS:MERCH_IMP(1.0.0),67,BRAZ,TOT,M,2020-02-01,1725,AUD,3,,,1725000
ABS:MERCH_IMP(1.0.0),67,BRAZ,TOT,M,2020-03-01,1758,AUD,3,,,1758000
ABS:MERCH_IMP(1.0.0),67,BRAZ,TOT,M,2020-04-01,1198,AUD,3,,,1198000
ABS:MERCH_IMP(1.0.0),67,BRAZ,TOT,M,2020-05-01,247,AUD,3,,,247000
ABS:MERCH_IMP(1.0.0),67,BRAZ,TOT,M,2020-06-01,804,AUD,3,,,804000
ABS:MERCH_IMP(1.0.0),67,BRAZ,TOT,M,2020-07-01,401,AUD,3,,,401000
ABS:MERCH_IMP(1.0.0),67,BRAZ,TOT,M,2020-08-01,5128,AUD,3,,,5128000
ABS:MERCH_IMP(1.0.0),67,BRAZ,TOT,M,2020-09-01,1746,AUD,3,,,1746000
ABS:MERCH_IMP(1.0.0),67,BRAZ,TOT,M,2020-10-01,416,AUD,3,,,416000
ABS:MERCH_IMP(1.0.0),67,BRAZ,TOT,M,2020-11-01,1139,AUD,3,,,1139000
ABS:MERCH_IMP(1.0.0),67,BRAZ,TOT,M,2020-12-01,688,AUD,3,,,688000
ABS:MERCH_IMP(1.0.0),67,BRAZ,TOT,M,2021-01-01,143,AUD,3,,,143000
ABS:MERCH_IMP(1.0.0),67,BRAZ,TOT,M,2021-02-01,1841,AUD,3,,,1841000
ABS:MERCH_IMP(1.0.0),67,BRAZ,TOT,M,2021-03-01,433,AUD,3,,,433000
ABS:MERCH_IMP(1.0.0),67,BRAZ,TOT,M,2021-04-01,852,AUD,3,,,852000
ABS:MERCH_IMP(1.0.0),67,BRAZ,TOT,M,2021-05-01,1225,AUD,3,,,1225000
ABS:MERCH_IMP(1.0.0),67,BRAZ,TOT,M,2021-06-01,554,AUD,3,,,554000
ABS:MERCH_IMP(1.0.0),67,BRAZ,TOT,M,2021-07-01,1007,AUD,3,,,1007000
ABS:MERCH_IMP(1.0.0),67,BRAZ,TOT,M,2021-08-01,83,AUD,3,,,83000
ABS:MERCH_IMP(1.0.0),67,BRAZ,TOT,M,2021-09-01,812,AUD,3,,,812000
ABS:MERCH_IMP(1.0.0),67,BRAZ,TOT,M,2021-10-01,1244,AUD,3,,,1244000
ABS:MERCH_IMP(1.0.0),67,BRAZ,TOT,M,2021-11-01,1172,AUD,3,,,1172000
ABS:MERCH_IMP(1.0.0),67,BRAZ,TOT,M,2021-12-01,3887,AUD,3,,,3887000
ABS:MERCH_IMP(1.0.0),67,BRAZ,TOT,M,2022-01-01,984,AUD,3,,,984000
ABS:MERCH_IMP(1.0.0),67,BRAZ,TOT,M,2022-02-01,255,AUD,3,,,255000
ABS:MERCH_IMP(1.0.0),67,BRAZ,TOT,M,2022-03-01,549,AUD,3,,,549000
ABS:MERCH_IMP(1.0.0),67,BRAZ,TOT,M,2022-04-01,45,AUD,3,,,45000
ABS:MERCH_IMP(1.0.0),67,BRAZ,TOT,M,2022-05-01,1505,AUD,3,,,1505000
ABS:MERCH_IMP(1.0.0),67,BRAZ,TOT,M,2022-06-01,173,AUD,3,,,173000
ABS:MERCH_IMP(1.0.0),67,BRAZ,TOT,M,2022-07-01,340,AUD,3,,,340000
ABS:MERCH_IMP(1.0.0),67,BRAZ,TOT,M,2022-08-01,1032,AUD,3,,,1032000
ABS:MERCH_IMP(1.0.0),67,BRAZ,TOT,M,2022-09-01,245,AUD,3,,,245000
ABS:MERCH_IMP(1.0.0),67,BRAZ,TOT,M,2022-10-01,286,AUD,3,,,286000
ABS:MERCH_IMP(1.0.0),67,BRAZ,TOT,M,2022-11-01,189,AUD,3,,,189000
ABS:MERCH_IMP(1.0.0),67,BRAZ,TOT,M,2022-12-01,1121,AUD,3,,,1121000
ABS:MERCH_IMP(1.0.0),67,BRAZ,TOT,M,2023-01-01,260,AUD,3,,,260000
ABS:MERCH_IMP(1.0.0),67,BRAZ,TOT,M,2023-02-01,308,AUD,3,,,308000
ABS:MERCH_IMP(1.0.0),67,BRAZ,TOT,M,2023-03-01,123,AUD,3,,,123000
ABS:MERCH_IMP(1.0.0),67,BRAZ,TOT,M,2023-04-01,221,AUD,3,,,221000
ABS:MERCH_IMP(1.0.0),67,BRAZ,TOT,M,2023-05-01,3550,AUD,3,,,3550000
ABS:MERCH_IMP(1.0.0),67,BRAZ,TOT,M,2023-06-01,2880,AUD,3,,,2880000
ABS:MERCH_IMP(1.0.0),67,BRAZ,TOT,M,2023-07-01,1639,AUD,3,,,1639000
ABS:MERCH_IMP(1.0.0),67,BRAZ,TOT,M,2023-08-01,439,AUD,3,,,439000
ABS:MERCH_IMP(1.0.0),67,BRAZ,TOT,M,2023-09-01,361,AUD,3,,,361000
ABS:MERCH_IMP(1.0.0),67,BRAZ,TOT,M,2023-10-01,501,AUD,3,,,501000
ABS:MERCH_IMP(1.0.0),67,BRAZ,TOT,M,2023-11-01,509,AUD,3,,,509000
ABS:MERCH_IMP(1.0.0),67,BRAZ,TOT,M,2023-12-01,21804,AUD,3,,,21804000
ABS:MERCH_IMP(1.0.0),67,BRAZ,TOT,M,2024-01-01,196,AUD,3,,,196000
ABS:MERCH_IMP(1.0.0),67,BRAZ,TOT,M,2024-02-01,20792,AUD,3,,,20792000
ABS:MERCH_IMP(1.0.0),67,BRAZ,TOT,M,2024-03-01,29281,AUD,3,,,29281000
ABS:MERCH_IMP(1.0.0),67,BRAZ,TOT,M,2024-04-01,194,AUD,3,,,194000
ABS:MERCH_IMP(1.0.0),67,BRAZ,TOT,M,2024-05-01,315,AUD,3,,,315000
ABS:MERCH_IMP(1.0.0),67,BRAZ,TOT,M,2024-06-01,292,AUD,3,,,292000
ABS:MERCH_IMP(1.0.0),67,BRAZ,TOT,M,2024-07-01,167,AUD,3,,,167000
ABS:MERCH_IMP(1.0.0),67,BRAZ,TOT,M,2024-08-01,186,AUD,3,,,186000
ABS:MERCH_IMP(1.0.0),67,BRAZ,TOT,M,2024-09-01,47,AUD,3,,,47000
ABS:MERCH_IMP(1.0.0),67,BRAZ,TOT,M,2024-10-01,238,AUD,3,,,238000
ABS:MERCH_IMP(1.0.0),67,BRAZ,TOT,M,2024-11-01,97,AUD,3,,,97000
ABS:MERCH_IMP(1.0.0),67,BRAZ,TOT,M,2024-12-01,1220,AUD,3,,,1220000
ABS:MERCH_IMP(1.0.0),67,BRAZ,TOT,M,2025-01-01,148,AUD,3,,,148000
ABS:MERCH_IMP(1.0.0),67,BRAZ,TOT,M,2025-02-01,258,AUD,3,,,258000
ABS:MERCH_IMP(1.0.0),67,BRAZ,TOT,M,2025-03-01,330,AUD,3,,,330000
ABS:MERCH_IMP(1.0.0),67,BRAZ,TOT,M,2025-04-01,68,AUD,3,,,68000
ABS:MERCH_IMP(1.0.0),67,BRAZ,TOT,M,2025-05-01,61,AUD,3,,,61000
ABS:MERCH_IMP(1.0.0),67,BRAZ,TOT,M,2025-06-01,53,AUD,3,,,53000
ABS:MERCH_IMP(1.0.0),67,BRAZ,TOT,M,2025-07-01,1135,AUD,3,,,1135000
ABS:MERCH_IMP(1.0.0),67,BRAZ,TOT,M,2025-08-01,74,AUD,3,,,74000
ABS:MERCH_IMP(1.0.0),67,BRAZ,TOT,M,2025-09-01,70,AUD,3,,,70000
ABS:MERCH_IMP(1.0.0),67,BRAZ,TOT,M,2025-10-01,23,AUD,3,,,23000
ABS:MERCH_IMP(1.0.0),67,BRAZ,TOT,M,2025-11-01,489,AUD,3,,,489000
ABS:MERCH_IMP(1.0.0),67,BRAZ,TOT,M,2025-12-01,1377,AUD,3,,,1377000
ABS:MERCH_IMP(1.0.0),67,BRAZ,TOT,M,2026-01-01,32,AUD,3,,,32000
ABS:MERCH_IMP(1.0.0),67,BRAZ,TOT,M,2026-02-01,1671,AUD,3,,,1671000
ABS:MERCH_IMP(1.0.0),67,BRAZ,TOT,M,2026-03-01,359,AUD,3,,,359000
ABS:MERCH_IMP(1.0.0),67,BRAZ,TOT,M,2026-04-01,106,AUD,3,,,106000
ABS:MERCH_IMP(1.0.0),67,BRAZ,TOT,M,2026-05-01,1048,AUD,3,,,1048000
ABS:MERCH_IMP(1.0.0),67,BRAZ,TOT,M,2026-06-01,131,AUD,3,,,131000
ABS:MERCH_IMP(1.0.0),67,BRAZ,TOT,M,2026-07-01,1050,AUD,3,,,1050000
ABS:MERCH_IMP(1.0.0),67,SSUD,TOT,M,2020-05-01,44,AUD,3,,,44000
ABS:MERCH_IMP(1.0.0),67,ALBA,TOT,M,2016-06-01,165,AUD,3,,,165000
ABS:MERCH_IMP(1.0.0),67,ALBA,TOT,M,2016-09-01,240,AUD,3,,,240000
ABS:MERCH_IMP(1.0.0),67,ALBA,TOT,M,2016-11-01,160,AUD,3,,,160000
ABS:MERCH_IMP(1.0.0),67,ALBA,TOT,M,2017-03-01,354,AUD,3,,,354000
ABS:MERCH_IMP(1.0.0),67,ALBA,TOT,M,2017-08-01,129,AUD,3,,,129000
ABS:MERCH_IMP(1.0.0),67,ALBA,TOT,M,2017-11-01,219,AUD,3,,,219000
ABS:MERCH_IMP(1.0.0),67,ALBA,TOT,M,2018-01-01,131,AUD,3,,,131000
ABS:MERCH_IMP(1.0.0),67,ALBA,TOT,M,2018-02-01,189,AUD,3,,,189000
ABS:MERCH_IMP(1.0.0),67,ALBA,TOT,M,2018-04-01,122,AUD,3,,,122000
ABS:MERCH_IMP(1.0.0),67,ALBA,TOT,M,2018-05-01,185,AUD,3,,,185000
ABS:MERCH_IMP(1.0.0),67,ALBA,TOT,M,2018-08-01,394,AUD,3,,,394000
ABS:MERCH_IMP(1.0.0),67,ALBA,TOT,M,2018-09-01,270,AUD,3,,,270000
ABS:MERCH_IMP(1.0.0),67,ALBA,TOT,M,2019-01-01,119,AUD,3,,,119000
ABS:MERCH_IMP(1.0.0),67,ALBA,TOT,M,2019-02-01,104,AUD,3,,,104000
ABS:MERCH_IMP(1.0.0),67,ALBA,TOT,M,2019-03-01,70,AUD,3,,,70000
ABS:MERCH_IMP(1.0.0),67,ALBA,TOT,M,2019-04-01,47,AUD,3,,,47000
ABS:MERCH_IMP(1.0.0),67,ALBA,TOT,M,2019-05-01,201,AUD,3,,,201000
ABS:MERCH_IMP(1.0.0),67,ALBA,TOT,M,2019-07-01,155,AUD,3,,,155000
ABS:MERCH_IMP(1.0.0),67,ALBA,TOT,M,2019-08-01,79,AUD,3,,,79000
ABS:MERCH_IMP(1.0.0),67,ALBA,TOT,M,2019-09-01,176,AUD,3,,,176000
ABS:MERCH_IMP(1.0.0),67,ALBA,TOT,M,2020-01-01,187,AUD,3,,,187000
ABS:MERCH_IMP(1.0.0),67,ALBA,TOT,M,2020-04-01,183,AUD,3,,,183000
ABS:MERCH_IMP(1.0.0),67,ALBA,TOT,M,2020-07-01,203,AUD,3,,,203000
ABS:MERCH_IMP(1.0.0),67,ALBA,TOT,M,2020-09-01,185,AUD,3,,,185000
ABS:MERCH_IMP(1.0.0),67,ALBA,TOT,M,2020-10-01,213,AUD,3,,,213000
ABS:MERCH_IMP(1.0.0),67,ALBA,TOT,M,2020-11-01,162,AUD,3,,,162000
ABS:MERCH_IMP(1.0.0),67,ALBA,TOT,M,2021-02-01,262,AUD,3,,,262000
ABS:MERCH_IMP(1.0.0),67,ALBA,TOT,M,2021-10-01,202,AUD,3,,,202000
ABS:MERCH_IMP(1.0.0),67,ALBA,TOT,M,2021-11-01,601,AUD,3,,,601000
ABS:MERCH_IMP(1.0.0),67,ALBA,TOT,M,2022-07-01,928,AUD,3,,,928000
ABS:MERCH_IMP(1.0.0),67,ALBA,TOT,M,2023-12-01,212,AUD,3,,,212000
ABS:MERCH_IMP(1.0.0),67,ALBA,TOT,M,2025-12-01,186,AUD,3,,,186000
ABS:MERCH_IMP(1.0.0),67,ALBA,TOT,M,2026-01-01,90,AUD,3,,,90000
ABS:MERCH_IMP(1.0.0),67,ALBA,TOT,M,2026-04-01,448,AUD,3,,,448000
ABS:MERCH_IMP(1.0.0),67,ALBA,TOT,M,2026-05-01,85,AUD,3,,,85000
ABS:MERCH_IMP(1.0.0),67,ITAL,TOT,M,2015-01-01,3346,AUD,3,,,3346000
ABS:MERCH_IMP(1.0.0),67,ITAL,TOT,M,2015-02-01,3036,AUD,3,,,3036000
ABS:MERCH_IMP(1.0.0),67,ITAL,TOT,M,2015-03-01,3422,AUD,3,,,3422000
ABS:MERCH_IMP(1.0.0),67,ITAL,TOT,M,2015-04-01,3353,AUD,3,,,3353000
ABS:MERCH_IMP(1.0.0),67,ITAL,TOT,M,2015-05-01,3364,AUD,3,,,3364000
ABS:MERCH_IMP(1.0.0),67,ITAL,TOT,M,2015-06-01,3618,AUD,3,,,3618000
ABS:MERCH_IMP(1.0.0),67,ITAL,TOT,M,2015-07-01,4653,AUD,3,,,4653000
ABS:MERCH_IMP(1.0.0),67,ITAL,TOT,M,2015-08-01,2664,AUD,3,,,2664000
ABS:MERCH_IMP(1.0.0),67,ITAL,TOT,M,2015-09-01,4114,AUD,3,,,4114000
ABS:MERCH_IMP(1.0.0),67,ITAL,TOT,M,2015-10-01,5240,AUD,3,,,5240000
ABS:MERCH_IMP(1.0.0),67,ITAL,TOT,M,2015-11-01,4767,AUD,3,,,4767000
ABS:MERCH_IMP(1.0.0),67,ITAL,TOT,M,2015-12-01,4187,AUD,3,,,4187000
ABS:MERCH_IMP(1.0.0),67,ITAL,TOT,M,2016-01-01,5071,AUD,3,,,5071000
ABS:MERCH_IMP(1.0.0),67,ITAL,TOT,M,2016-02-01,4158,AUD,3,,,4158000
ABS:MERCH_IMP(1.0.0),67,ITAL,TOT,M,2016-03-01,5261,AUD,3,,,5261000
ABS:MERCH_IMP(1.0.0),67,ITAL,TOT,M,2016-04-01,4731,AUD,3,,,4731000
ABS:MERCH_IMP(1.0.0),67,ITAL,TOT,M,2016-05-01,3871,AUD,3,,,3871000
ABS:MERCH_IMP(1.0.0),67,ITAL,TOT,M,2016-06-01,3941,AUD,3,,,3941000
ABS:MERCH_IMP(1.0.0),67,ITAL,TOT,M,2016-07-01,3443,AUD,3,,,3443000
ABS:MERCH_IMP(1.0.0),67,ITAL,TOT,M,2016-08-01,5373,AUD,3,,,5373000
ABS:MERCH_IMP(1.0.0),67,ITAL,TOT,M,2016-09-01,3444,AUD,3,,,3444000
ABS:MERCH_IMP(1.0.0),67,ITAL,TOT,M,2016-10-01,3402,AUD,3,,,3402000
ABS:MERCH_IMP(1.0.0),67,ITAL,TOT,M,2016-11-01,4501,AUD,3,,,4501000
ABS:MERCH_IMP(1.0.0),67,ITAL,TOT,M,2016-12-01,3554,AUD,3,,,3554000
ABS:MERCH_IMP(1.0.0),67,ITAL,TOT,M,2017-01-01,3495,AUD,3,,,3495000
ABS:MERCH_IMP(1.0.0),67,ITAL,TOT,M,2017-02-01,4459,AUD,3,,,4459000
ABS:MERCH_IMP(1.0.0),67,ITAL,TOT,M,2017-03-01,4389,AUD,3,,,4389000
ABS:MERCH_IMP(1.0.0),67,ITAL,TOT,M,2017-04-01,4321,AUD,3,,,4321000
ABS:MERCH_IMP(1.0.0),67,ITAL,TOT,M,2017-05-01,4720,AUD,3,,,4720000
ABS:MERCH_IMP(1.0.0),67,ITAL,TOT,M,2017-06-01,5216,AUD,3,,,5216000
ABS:MERCH_IMP(1.0.0),67,ITAL,TOT,M,2017-07-01,4606,AUD,3,,,4606000
ABS:MERCH_IMP(1.0.0),67,ITAL,TOT,M,2017-08-01,4509,AUD,3,,,4509000
ABS:MERCH_IMP(1.0.0),67,ITAL,TOT,M,2017-09-01,4469,AUD,3,,,4469000
ABS:MERCH_IMP(1.0.0),67,ITAL,TOT,M,2017-10-01,3137,AUD,3,,,3137000
ABS:MERCH_IMP(1.0.0),67,ITAL,TOT,M,2017-11-01,6356,AUD,3,,,6356000
ABS:MERCH_IMP(1.0.0),67,ITAL,TOT,M,2017-12-01,7733,AUD,3,,,7733000
ABS:MERCH_IMP(1.0.0),67,ITAL,TOT,M,2018-01-01,9311,AUD,3,,,9311000
ABS:MERCH_IMP(1.0.0),67,ITAL,TOT,M,2018-02-01,4931,AUD,3,,,4931000
ABS:MERCH_IMP(1.0.0),67,ITAL,TOT,M,2018-03-01,7210,AUD,3,,,7210000
ABS:MERCH_IMP(1.0.0),67,ITAL,TOT,M,2018-04-01,9387,AUD,3,,,9387000
ABS:MERCH_IMP(1.0.0),67,ITAL,TOT,M,2018-05-01,6421,AUD,3,,,6421000
ABS:MERCH_IMP(1.0.0),67,ITAL,TOT,M,2018-06-01,4301,AUD,3,,,4301000
ABS:MERCH_IMP(1.0.0),67,ITAL,TOT,M,2018-07-01,6359,AUD,3,,,6359000
ABS:MERCH_IMP(1.0.0),67,ITAL,TOT,M,2018-08-01,4971,AUD,3,,,4971000
ABS:MERCH_IMP(1.0.0),67,ITAL,TOT,M,2018-09-01,4770,AUD,3,,,4770000
ABS:MERCH_IMP(1.0.0),67,ITAL,TOT,M,2018-10-01,4381,AUD,3,,,4381000
ABS:MERCH_IMP(1.0.0),67,ITAL,TOT,M,2018-11-01,6536,AUD,3,,,6536000
ABS:MERCH_IMP(1.0.0),67,ITAL,TOT,M,2018-12-01,5953,AUD,3,,,5953000
ABS:MERCH_IMP(1.0.0),67,ITAL,TOT,M,2019-01-01,8457,AUD,3,,,8457000
ABS:MERCH_IMP(1.0.0),67,ITAL,TOT,M,2019-02-01,4056,AUD,3,,,4056000
ABS:MERCH_IMP(1.0.0),67,ITAL,TOT,M,2019-03-01,5100,AUD,3,,,5100000
ABS:MERCH_IMP(1.0.0),67,ITAL,TOT,M,2019-04-01,4727,AUD,3,,,4727000
ABS:MERCH_IMP(1.0.0),67,ITAL,TOT,M,2019-05-01,4783,AUD,3,,,4783000
ABS:MERCH_IMP(1.0.0),67,ITAL,TOT,M,2019-06-01,4291,AUD,3,,,4291000
ABS:MERCH_IMP(1.0.0),67,ITAL,TOT,M,2019-07-01,6786,AUD,3,,,6786000
ABS:MERCH_IMP(1.0.0),67,ITAL,TOT,M,2019-08-01,5189,AUD,3,,,5189000
ABS:MERCH_IMP(1.0.0),67,ITAL,TOT,M,2019-09-01,4048,AUD,3,,,4048000
ABS:MERCH_IMP(1.0.0),67,ITAL,TOT,M,2019-10-01,4152,AUD,3,,,4152000
ABS:MERCH_IMP(1.0.0),67,ITAL,TOT,M,2019-11-01,4691,AUD,3,,,4691000
ABS:MERCH_IMP(1.0.0),67,ITAL,TOT,M,2019-12-01,3779,AUD,3,,,3779000
ABS:MERCH_IMP(1.0.0),67,ITAL,TOT,M,2020-01-01,5063,AUD,3,,,5063000
ABS:MERCH_IMP(1.0.0),67,ITAL,TOT,M,2020-02-01,3555,AUD,3,,,3555000
ABS:MERCH_IMP(1.0.0),67,ITAL,TOT,M,2020-03-01,4866,AUD,3,,,4866000
ABS:MERCH_IMP(1.0.0),67,ITAL,TOT,M,2020-04-01,4218,AUD,3,,,4218000
ABS:MERCH_IMP(1.0.0),67,ITAL,TOT,M,2020-05-01,3112,AUD,3,,,3112000
ABS:MERCH_IMP(1.0.0),67,ITAL,TOT,M,2020-06-01,4325,AUD,3,,,4325000
ABS:MERCH_IMP(1.0.0),67,ITAL,TOT,M,2020-07-01,5468,AUD,3,,,5468000
ABS:MERCH_IMP(1.0.0),67,ITAL,TOT,M,2020-08-01,7691,AUD,3,,,7691000
ABS:MERCH_IMP(1.0.0),67,ITAL,TOT,M,2020-09-01,8370,AUD,3,,,8370000
ABS:MERCH_IMP(1.0.0),67,ITAL,TOT,M,2020-10-01,3307,AUD,3,,,3307000
ABS:MERCH_IMP(1.0.0),67,ITAL,TOT,M,2020-11-01,4647,AUD,3,,,4647000
ABS:MERCH_IMP(1.0.0),67,ITAL,TOT,M,2020-12-01,5476,AUD,3,,,5476000
ABS:MERCH_IMP(1.0.0),67,ITAL,TOT,M,2021-01-01,5355,AUD,3,,,5355000
ABS:MERCH_IMP(1.0.0),67,ITAL,TOT,M,2021-02-01,6253,AUD,3,,,6253000
ABS:MERCH_IMP(1.0.0),67,ITAL,TOT,M,2021-03-01,4842,AUD,3,,,4842000
ABS:MERCH_IMP(1.0.0),67,ITAL,TOT,M,2021-04-01,3678,AUD,3,,,3678000
ABS:MERCH_IMP(1.0.0),67,ITAL,TOT,M,2021-05-01,4512,AUD,3,,,4512000
ABS:MERCH_IMP(1.0.0),67,ITAL,TOT,M,2021-06-01,4414,AUD,3,,,4414000
ABS:MERCH_IMP(1.0.0),67,ITAL,TOT,M,2021-07-01,4673,AUD,3,,,4673000
ABS:MERCH_IMP(1.0.0),67,ITAL,TOT,M,2021-08-01,4239,AUD,3,,,4239000
ABS:MERCH_IMP(1.0.0),67,ITAL,TOT,M,2021-09-01,5642,AUD,3,,,5642000
ABS:MERCH_IMP(1.0.0),67,ITAL,TOT,M,2021-10-01,3954,AUD,3,,,3954000
ABS:MERCH_IMP(1.0.0),67,ITAL,TOT,M,2021-11-01,6404,AUD,3,,,6404000
ABS:MERCH_IMP(1.0.0),67,ITAL,TOT,M,2021-12-01,8483,AUD,3,,,8483000
ABS:MERCH_IMP(1.0.0),67,ITAL,TOT,M,2022-01-01,5676,AUD,3,,,5676000
ABS:MERCH_IMP(1.0.0),67,ITAL,TOT,M,2022-02-01,4080,AUD,3,,,4080000
ABS:MERCH_IMP(1.0.0),67,ITAL,TOT,M,2022-03-01,11821,AUD,3,,,11821000
ABS:MERCH_IMP(1.0.0),67,ITAL,TOT,M,2022-04-01,4805,AUD,3,,,4805000
ABS:MERCH_IMP(1.0.0),67,ITAL,TOT,M,2022-05-01,9704,AUD,3,,,9704000
ABS:MERCH_IMP(1.0.0),67,ITAL,TOT,M,2022-06-01,8663,AUD,3,,,8663000
ABS:MERCH_IMP(1.0.0),67,ITAL,TOT,M,2022-07-01,4709,AUD,3,,,4709000
ABS:MERCH_IMP(1.0.0),67,ITAL,TOT,M,2022-08-01,9951,AUD,3,,,9951000
ABS:MERCH_IMP(1.0.0),67,ITAL,TOT,M,2022-09-01,6412,AUD,3,,,6412000
ABS:MERCH_IMP(1.0.0),67,ITAL,TOT,M,2022-10-01,4760,AUD,3,,,4760000
ABS:MERCH_IMP(1.0.0),67,ITAL,TOT,M,2022-11-01,7006,AUD,3,,,7006000
ABS:MERCH_IMP(1.0.0),67,ITAL,TOT,M,2022-12-01,7868,AUD,3,,,7868000
ABS:MERCH_IMP(1.0.0),67,ITAL,TOT,M,2023-01-01,5845,AUD,3,,,5845000
ABS:MERCH_IMP(1.0.0),67,ITAL,TOT,M,2023-02-01,6144,AUD,3,,,6144000
ABS:MERCH_IMP(1.0.0),67,ITAL,TOT,M,2023-03-01,6218,AUD,3,,,6218000
ABS:MERCH_IMP(1.0.0),67,ITAL,TOT,M,2023-04-01,6656,AUD,3,,,6656000
ABS:MERCH_IMP(1.0.0),67,ITAL,TOT,M,2023-05-01,8073,AUD,3,,,8073000
ABS:MERCH_IMP(1.0.0),67,ITAL,TOT,M,2023-06-01,6833,AUD,3,,,6833000
ABS:MERCH_IMP(1.0.0),67,ITAL,TOT,M,2023-07-01,7396,AUD,3,,,7396000
ABS:MERCH_IMP(1.0.0),67,ITAL,TOT,M,2023-08-01,7463,AUD,3,,,7463000
ABS:MERCH_IMP(1.0.0),67,ITAL,TOT,M,2023-09-01,4798,AUD,3,,,4798000
ABS:MERCH_IMP(1.0.0),67,ITAL,TOT,M,2023-10-01,5482,AUD,3,,,5482000
ABS:MERCH_IMP(1.0.0),67,ITAL,TOT,M,2023-11-01,6127,AUD,3,,,6127000
ABS:MERCH_IMP(1.0.0),67,ITAL,TOT,M,2023-12-01,6316,AUD,3,,,6316000
ABS:MERCH_IMP(1.0.0),67,ITAL,TOT,M,2024-01-01,4625,AUD,3,,,4625000
ABS:MERCH_IMP(1.0.0),67,ITAL,TOT,M,2024-02-01,6331,AUD,3,,,6331000
ABS:MERCH_IMP(1.0.0),67,ITAL,TOT,M,2024-03-01,5339,AUD,3,,,5339000
ABS:MERCH_IMP(1.0.0),67,ITAL,TOT,M,2024-04-01,6176,AUD,3,,,6176000
ABS:MERCH_IMP(1.0.0),67,ITAL,TOT,M,2024-05-01,7190,AUD,3,,,7190000
ABS:MERCH_IMP(1.0.0),67,ITAL,TOT,M,2024-06-01,6998,AUD,3,,,6998000
ABS:MERCH_IMP(1.0.0),67,ITAL,TOT,M,2024-07-01,8057,AUD,3,,,8057000
ABS:MERCH_IMP(1.0.0),67,ITAL,TOT,M,2024-08-01,7306,AUD,3,,,7306000
ABS:MERCH_IMP(1.0.0),67,ITAL,TOT,M,2024-09-01,10748,AUD,3,,,10748000
ABS:MERCH_IMP(1.0.0),67,ITAL,TOT,M,2024-10-01,7254,AUD,3,,,7254000
ABS:MERCH_IMP(1.0.0),67,ITAL,TOT,M,2024-11-01,5417,AUD,3,,,5417000
ABS:MERCH_IMP(1.0.0),67,ITAL,TOT,M,2024-12-01,4391,AUD,3,,,4391000
ABS:MERCH_IMP(1.0.0),67,ITAL,TOT,M,2025-01-01,6344,AUD,3,,,6344000
ABS:MERCH_IMP(1.0.0),67,ITAL,TOT,M,2025-02-01,7738,AUD,3,,,7738000
ABS:MERCH_IMP(1.0.0),67,ITAL,TOT,M,2025-03-01,4660,AUD,3,,,4660000
ABS:MERCH_IMP(1.0.0),67,ITAL,TOT,M,2025-04-01,2924,AUD,3,,,2924000
ABS:MERCH_IMP(1.0.0),67,ITAL,TOT,M,2025-05-01,7671,AUD,3,,,7671000
ABS:MERCH_IMP(1.0.0),67,ITAL,TOT,M,2025-06-01,7196,AUD,3,,,7196000
ABS:MERCH_IMP(1.0.0),67,ITAL,TOT,M,2025-07-01,8668,AUD,3,,,8668000
ABS:MERCH_IMP(1.0.0),67,ITAL,TOT,M,2025-08-01,4263,AUD,3,,,4263000
ABS:MERCH_IMP(1.0.0),67,ITAL,TOT,M,2025-09-01,5053,AUD,3,,,5053000
ABS:MERCH_IMP(1.0.0),67,ITAL,TOT,M,2025-10-01,7698,AUD,3,,,7698000
ABS:MERCH_IMP(1.0.0),67,ITAL,TOT,M,2025-11-01,11123,AUD,3,,,11123000
ABS:MERCH_IMP(1.0.0),67,ITAL,TOT,M,2025-12-01,7366,AUD,3,,,7366000
ABS:MERCH_IMP(1.0.0),67,ITAL,TOT,M,2026-01-01,11110,AUD,3,,,11110000
ABS:MERCH_IMP(1.0.0),67,ITAL,TOT,M,2026-02-01,6103,AUD,3,,,6103000
ABS:MERCH_IMP(1.0.0),67,ITAL,TOT,M,2026-03-01,2974,AUD,3,,,2974000
ABS:MERCH_IMP(1.0.0),67,ITAL,TOT,M,2026-04-01,6324,AUD,3,,,6324000
ABS:MERCH_IMP(1.0.0),67,ITAL,TOT,M,2026-05-01,4306,AUD,3,,,4306000
ABS:MERCH_IMP(1.0.0),67,ITAL,TOT,M,2026-06-01,11691,AUD,3,,,11691000
ABS:MERCH_IMP(1.0.0),67,ITAL,TOT,M,2026-07-01,5945,AUD,3,,,5945000
ABS:MERCH_IMP(1.0.0),67,DENM,TOT,M,2015-01-01,287,AUD,3,,,287000
ABS:MERCH_IMP(1.0.0),67,DENM,TOT,M,2015-02-01,41,AUD,3,,,41000
ABS:MERCH_IMP(1.0.0),67,DENM,TOT,M,2015-03-01,216,AUD,3,,,216000
ABS:MERCH_IMP(1.0.0),67,DENM,TOT,M,2015-04-01,292,AUD,3,,,292000
ABS:MERCH_IMP(1.0.0),67,DENM,TOT,M,2015-05-01,296,AUD,3,,,296000
ABS:MERCH_IMP(1.0.0),67,DENM,TOT,M,2015-06-01,300,AUD,3,,,300000
ABS:MERCH_IMP(1.0.0),67,DENM,TOT,M,2015-07-01,102,AUD,3,,,102000
ABS:MERCH_IMP(1.0.0),67,DENM,TOT,M,2015-08-01,253,AUD,3,,,253000
ABS:MERCH_IMP(1.0.0),67,DENM,TOT,M,2015-09-01,185,AUD,3,,,185000
ABS:MERCH_IMP(1.0.0),67,DENM,TOT,M,2015-10-01,96,AUD,3,,,96000
ABS:MERCH_IMP(1.0.0),67,DENM,TOT,M,2015-11-01,252,AUD,3,,,252000
ABS:MERCH_IMP(1.0.0),67,DENM,TOT,M,2015-12-01,116,AUD,3,,,116000
ABS:MERCH_IMP(1.0.0),67,DENM,TOT,M,2016-01-01,289,AUD,3,,,289000
ABS:MERCH_IMP(1.0.0),67,DENM,TOT,M,2016-02-01,233,AUD,3,,,233000
ABS:MERCH_IMP(1.0.0),67,DENM,TOT,M,2016-03-01,134,AUD,3,,,134000
ABS:MERCH_IMP(1.0.0),67,DENM,TOT,M,2016-04-01,146,AUD,3,,,146000
ABS:MERCH_IMP(1.0.0),67,DENM,TOT,M,2016-05-01,358,AUD,3,,,358000
ABS:MERCH_IMP(1.0.0),67,DENM,TOT,M,2016-06-01,233,AUD,3,,,233000
ABS:MERCH_IMP(1.0.0),67,DENM,TOT,M,2016-07-01,188,AUD,3,,,188000
ABS:MERCH_IMP(1.0.0),67,DENM,TOT,M,2016-08-01,604,AUD,3,,,604000
ABS:MERCH_IMP(1.0.0),67,DENM,TOT,M,2016-09-01,391,AUD,3,,,391000
ABS:MERCH_IMP(1.0.0),67,DENM,TOT,M,2016-10-01,424,AUD,3,,,424000
ABS:MERCH_IMP(1.0.0),67,DENM,TOT,M,2016-11-01,201,AUD,3,,,201000
ABS:MERCH_IMP(1.0.0),67,DENM,TOT,M,2016-12-01,157,AUD,3,,,157000
ABS:MERCH_IMP(1.0.0),67,DENM,TOT,M,2017-01-01,158,AUD,3,,,158000
ABS:MERCH_IMP(1.0.0),67,DENM,TOT,M,2017-02-01,274,AUD,3,,,274000
ABS:MERCH_IMP(1.0.0),67,DENM,TOT,M,2017-03-01,133,AUD,3,,,133000
ABS:MERCH_IMP(1.0.0),67,DENM,TOT,M,2017-04-01,74,AUD,3,,,74000
ABS:MERCH_IMP(1.0.0),67,DENM,TOT,M,2017-05-01,280,AUD,3,,,280000
ABS:MERCH_IMP(1.0.0),67,DENM,TOT,M,2017-06-01,303,AUD,3,,,303000
ABS:MERCH_IMP(1.0.0),67,DENM,TOT,M,2017-07-01,104,AUD,3,,,104000
ABS:MERCH_IMP(1.0.0),67,DENM,TOT,M,2017-08-01,175,AUD,3,,,175000
ABS:MERCH_IMP(1.0.0),67,DENM,TOT,M,2017-09-01,254,AUD,3,,,254000
ABS:MERCH_IMP(1.0.0),67,DENM,TOT,M,2017-10-01,581,AUD,3,,,581000
ABS:MERCH_IMP(1.0.0),67,DENM,TOT,M,2017-11-01,390,AUD,3,,,390000
ABS:MERCH_IMP(1.0.0),67,DENM,TOT,M,2017-12-01,394,AUD,3,,,394000
ABS:MERCH_IMP(1.0.0),67,DENM,TOT,M,2018-01-01,414,AUD,3,,,414000
ABS:MERCH_IMP(1.0.0),67,DENM,TOT,M,2018-02-01,240,AUD,3,,,240000
ABS:MERCH_IMP(1.0.0),67,DENM,TOT,M,2018-03-01,304,AUD,3,,,304000
ABS:MERCH_IMP(1.0.0),67,DENM,TOT,M,2018-04-01,397,AUD,3,,,397000
ABS:MERCH_IMP(1.0.0),67,DENM,TOT,M,2018-05-01,522,AUD,3,,,522000
ABS:MERCH_IMP(1.0.0),67,DENM,TOT,M,2018-06-01,442,AUD,3,,,442000
ABS:MERCH_IMP(1.0.0),67,DENM,TOT,M,2018-07-01,252,AUD,3,,,252000
ABS:MERCH_IMP(1.0.0),67,DENM,TOT,M,2018-08-01,360,AUD,3,,,360000
ABS:MERCH_IMP(1.0.0),67,DENM,TOT,M,2018-09-01,235,AUD,3,,,235000
ABS:MERCH_IMP(1.0.0),67,DENM,TOT,M,2018-10-01,260,AUD,3,,,260000
ABS:MERCH_IMP(1.0.0),67,DENM,TOT,M,2018-11-01,230,AUD,3,,,230000
ABS:MERCH_IMP(1.0.0),67,DENM,TOT,M,2018-12-01,181,AUD,3,,,181000
ABS:MERCH_IMP(1.0.0),67,DENM,TOT,M,2019-01-01,119,AUD,3,,,119000
ABS:MERCH_IMP(1.0.0),67,DENM,TOT,M,2019-02-01,65,AUD,3,,,65000
ABS:MERCH_IMP(1.0.0),67,DENM,TOT,M,2019-03-01,224,AUD,3,,,224000
ABS:MERCH_IMP(1.0.0),67,DENM,TOT,M,2019-04-01,123,AUD,3,,,123000
ABS:MERCH_IMP(1.0.0),67,DENM,TOT,M,2019-05-01,299,AUD,3,,,299000
ABS:MERCH_IMP(1.0.0),67,DENM,TOT,M,2019-06-01,438,AUD,3,,,438000
ABS:MERCH_IMP(1.0.0),67,DENM,TOT,M,2019-07-01,111,AUD,3,,,111000
ABS:MERCH_IMP(1.0.0),67,DENM,TOT,M,2019-08-01,294,AUD,3,,,294000
ABS:MERCH_IMP(1.0.0),67,DENM,TOT,M,2019-09-01,241,AUD,3,,,241000
ABS:MERCH_IMP(1.0.0),67,DENM,TOT,M,2019-10-01,298,AUD,3,,,298000
ABS:MERCH_IMP(1.0.0),67,DENM,TOT,M,2019-11-01,325,AUD,3,,,325000
ABS:MERCH_IMP(1.0.0),67,DENM,TOT,M,2019-12-01,52,AUD,3,,,52000
ABS:MERCH_IMP(1.0.0),67,DENM,TOT,M,2020-01-01,416,AUD,3,,,416000
ABS:MERCH_IMP(1.0.0),67,DENM,TOT,M,2020-02-01,412,AUD,3,,,412000
ABS:MERCH_IMP(1.0.0),67,DENM,TOT,M,2020-03-01,57,AUD,3,,,57000
ABS:MERCH_IMP(1.0.0),67,DENM,TOT,M,2020-04-01,332,AUD,3,,,332000
ABS:MERCH_IMP(1.0.0),67,DENM,TOT,M,2020-05-01,227,AUD,3,,,227000
ABS:MERCH_IMP(1.0.0),67,DENM,TOT,M,2020-06-01,341,AUD,3,,,341000
ABS:MERCH_IMP(1.0.0),67,DENM,TOT,M,2020-07-01,254,AUD,3,,,254000
ABS:MERCH_IMP(1.0.0),67,DENM,TOT,M,2020-08-01,292,AUD,3,,,292000
ABS:MERCH_IMP(1.0.0),67,DENM,TOT,M,2020-09-01,321,AUD,3,,,321000
ABS:MERCH_IMP(1.0.0),67,DENM,TOT,M,2020-10-01,592,AUD,3,,,592000
ABS:MERCH_IMP(1.0.0),67,DENM,TOT,M,2020-11-01,89,AUD,3,,,89000
ABS:MERCH_IMP(1.0.0),67,DENM,TOT,M,2020-12-01,509,AUD,3,,,509000
ABS:MERCH_IMP(1.0.0),67,DENM,TOT,M,2021-01-01,53,AUD,3,,,53000
ABS:MERCH_IMP(1.0.0),67,DENM,TOT,M,2021-02-01,448,AUD,3,,,448000
ABS:MERCH_IMP(1.0.0),67,DENM,TOT,M,2021-03-01,252,AUD,3,,,252000
ABS:MERCH_IMP(1.0.0),67,DENM,TOT,M,2021-04-01,208,AUD,3,,,208000
ABS:MERCH_IMP(1.0.0),67,DENM,TOT,M,2021-05-01,244,AUD,3,,,244000
ABS:MERCH_IMP(1.0.0),67,DENM,TOT,M,2021-06-01,347,AUD,3,,,347000
ABS:MERCH_IMP(1.0.0),67,DENM,TOT,M,2021-07-01,181,AUD,3,,,181000
ABS:MERCH_IMP(1.0.0),67,DENM,TOT,M,2021-08-01,194,AUD,3,,,194000
ABS:MERCH_IMP(1.0.0),67,DENM,TOT,M,2021-09-01,369,AUD,3,,,369000
ABS:MERCH_IMP(1.0.0),67,DENM,TOT,M,2021-10-01,263,AUD,3,,,263000
ABS:MERCH_IMP(1.0.0),67,DENM,TOT,M,2021-11-01,218,AUD,3,,,218000
ABS:MERCH_IMP(1.0.0),67,DENM,TOT,M,2021-12-01,431,AUD,3,,,431000
ABS:MERCH_IMP(1.0.0),67,DENM,TOT,M,2022-01-01,200,AUD,3,,,200000
ABS:MERCH_IMP(1.0.0),67,DENM,TOT,M,2022-02-01,581,AUD,3,,,581000
ABS:MERCH_IMP(1.0.0),67,DENM,TOT,M,2022-03-01,293,AUD,3,,,293000
ABS:MERCH_IMP(1.0.0),67,DENM,TOT,M,2022-04-01,56,AUD,3,,,56000
ABS:MERCH_IMP(1.0.0),67,DENM,TOT,M,2022-05-01,143,AUD,3,,,143000
ABS:MERCH_IMP(1.0.0),67,DENM,TOT,M,2022-06-01,359,AUD,3,,,359000
ABS:MERCH_IMP(1.0.0),67,DENM,TOT,M,2022-07-01,146,AUD,3,,,146000
ABS:MERCH_IMP(1.0.0),67,DENM,TOT,M,2022-08-01,385,AUD,3,,,385000
ABS:MERCH_IMP(1.0.0),67,DENM,TOT,M,2022-09-01,583,AUD,3,,,583000
ABS:MERCH_IMP(1.0.0),67,DENM,TOT,M,2022-10-01,381,AUD,3,,,381000
ABS:MERCH_IMP(1.0.0),67,DENM,TOT,M,2022-11-01,155,AUD,3,,,155000
ABS:MERCH_IMP(1.0.0),67,DENM,TOT,M,2022-12-01,256,AUD,3,,,256000
ABS:MERCH_IMP(1.0.0),67,DENM,TOT,M,2023-01-01,654,AUD,3,,,654000
ABS:MERCH_IMP(1.0.0),67,DENM,TOT,M,2023-02-01,371,AUD,3,,,371000
ABS:MERCH_IMP(1.0.0),67,DENM,TOT,M,2023-03-01,551,AUD,3,,,551000
ABS:MERCH_IMP(1.0.0),67,DENM,TOT,M,2023-04-01,162,AUD,3,,,162000
ABS:MERCH_IMP(1.0.0),67,DENM,TOT,M,2023-05-01,161,AUD,3,,,161000
ABS:MERCH_IMP(1.0.0),67,DENM,TOT,M,2023-06-01,204,AUD,3,,,204000
ABS:MERCH_IMP(1.0.0),67,DENM,TOT,M,2023-07-01,443,AUD,3,,,443000
ABS:MERCH_IMP(1.0.0),67,DENM,TOT,M,2023-08-01,145,AUD,3,,,145000
ABS:MERCH_IMP(1.0.0),67,DENM,TOT,M,2023-09-01,462,AUD,3,,,462000
ABS:MERCH_IMP(1.0.0),67,DENM,TOT,M,2023-10-01,67,AUD,3,,,67000
ABS:MERCH_IMP(1.0.0),67,DENM,TOT,M,2023-11-01,108,AUD,3,,,108000
ABS:MERCH_IMP(1.0.0),67,DENM,TOT,M,2023-12-01,31,AUD,3,,,31000
ABS:MERCH_IMP(1.0.0),67,DENM,TOT,M,2024-01-01,859,AUD,3,,,859000
ABS:MERCH_IMP(1.0.0),67,DENM,TOT,M,2024-02-01,175,AUD,3,,,175000
ABS:MERCH_IMP(1.0.0),67,DENM,TOT,M,2024-03-01,291,AUD,3,,,291000
ABS:MERCH_IMP(1.0.0),67,DENM,TOT,M,2024-04-01,645,AUD,3,,,645000
ABS:MERCH_IMP(1.0.0),67,DENM,TOT,M,2024-05-01,69,AUD,3,,,69000
ABS:MERCH_IMP(1.0.0),67,DENM,TOT,M,2024-06-01,369,AUD,3,,,369000
ABS:MERCH_IMP(1.0.0),67,DENM,TOT,M,2024-07-01,293,AUD,3,,,293000
ABS:MERCH_IMP(1.0.0),67,DENM,TOT,M,2024-08-01,101,AUD,3,,,101000
ABS:MERCH_IMP(1.0.0),67,DENM,TOT,M,2024-09-01,231,AUD,3,,,231000
ABS:MERCH_IMP(1.0.0),67,DENM,TOT,M,2024-10-01,330,AUD,3,,,330000
ABS:MERCH_IMP(1.0.0),67,DENM,TOT,M,2024-11-01,208,AUD,3,,,208000
ABS:MERCH_IMP(1.0.0),67,DENM,TOT,M,2024-12-01,86,AUD,3,,,86000
ABS:MERCH_IMP(1.0.0),67,DENM,TOT,M,2025-01-01,66932,AUD,3,,,66932000
ABS:MERCH_IMP(1.0.0),67,DENM,TOT,M,2025-02-01,279,AUD,3,,,279000
ABS:MERCH_IMP(1.0.0),67,DENM,TOT,M,2025-03-01,453,AUD,3,,,453000
ABS:MERCH_IMP(1.0.0),67,DENM,TOT,M,2025-04-01,364,AUD,3,,,364000
ABS:MERCH_IMP(1.0.0),67,DENM,TOT,M,2025-05-01,369,AUD,3,,,369000
ABS:MERCH_IMP(1.0.0),67,DENM,TOT,M,2025-06-01,61,AUD,3,,,61000
ABS:MERCH_IMP(1.0.0),67,DENM,TOT,M,2025-07-01,364,AUD,3,,,364000
ABS:MERCH_IMP(1.0.0),67,DENM,TOT,M,2025-08-01,116,AUD,3,,,116000
ABS:MERCH_IMP(1.0.0),67,DENM,TOT,M,2025-09-01,93,AUD,3,,,93000
ABS:MERCH_IMP(1.0.0),67,DENM,TOT,M,2025-10-01,383,AUD,3,,,383000
ABS:MERCH_IMP(1.0.0),67,DENM,TOT,M,2025-11-01,370,AUD,3,,,370000
ABS:MERCH_IMP(1.0.0),67,DENM,TOT,M,2025-12-01,284,AUD,3,,,284000
ABS:MERCH_IMP(1.0.0),67,DENM,TOT,M,2026-01-01,346,AUD,3,,,346000
ABS:MERCH_IMP(1.0.0),67,DENM,TOT,M,2026-02-01,155,AUD,3,,,155000
ABS:MERCH_IMP(1.0.0),67,DENM,TOT,M,2026-03-01,291,AUD,3,,,291000
ABS:MERCH_IMP(1.0.0),67,DENM,TOT,M,2026-04-01,381,AUD,3,,,381000
ABS:MERCH_IMP(1.0.0),67,DENM,TOT,M,2026-05-01,191,AUD,3,,,191000
ABS:MERCH_IMP(1.0.0),67,DENM,TOT,M,2026-06-01,244,AUD,3,,,244000
ABS:MERCH_IMP(1.0.0),67,DENM,TOT,M,2026-07-01,349,AUD,3,,,349000
ABS:MERCH_IMP(1.0.0),67,SLEO,TOT,M,2016-03-01,2,AUD,3,,,2000
ABS:MERCH_IMP(1.0.0),67,SLEO,TOT,M,2017-01-01,2,AUD,3,,,2000
ABS:MERCH_IMP(1.0.0),67,SLEO,TOT,M,2017-03-01,7,AUD,3,,,7000
ABS:MERCH_IMP(1.0.0),67,SLEO,TOT,M,2017-05-01,2,AUD,3,,,2000
ABS:MERCH_IMP(1.0.0),67,SLEO,TOT,M,2017-06-01,2,AUD,3,,,2000
ABS:MERCH_IMP(1.0.0),67,SLEO,TOT,M,2020-01-01,6,AUD,3,,,6000
ABS:MERCH_IMP(1.0.0),67,SLEO,TOT,M,2022-03-01,1,AUD,3,,,1000
ABS:MERCH_IMP(1.0.0),67,SLEO,TOT,M,2022-04-01,1,AUD,3,,,1000
ABS:MERCH_IMP(1.0.0),67,SLEO,TOT,M,2022-05-01,1,AUD,3,,,1000
ABS:MERCH_IMP(1.0.0),67,SLEO,TOT,M,2023-08-01,20,AUD,3,,,20000
ABS:MERCH_IMP(1.0.0),67,SLEO,TOT,M,2025-12-01,72,AUD,3,,,72000
ABS:MERCH_IMP(1.0.0),67,SLEO,TOT,M,2026-07-01,105,AUD,3,,,105000
ABS:MERCH_IMP(1.0.0),67,OMAN,TOT,M,2016-06-01,50,AUD,3,,,50000
ABS:MERCH_IMP(1.0.0),67,OMAN,TOT,M,2016-07-01,426,AUD,3,,,426000
ABS:MERCH_IMP(1.0.0),67,OMAN,TOT,M,2016-08-01,274,AUD,3,,,274000
ABS:MERCH_IMP(1.0.0),67,OMAN,TOT,M,2016-09-01,685,AUD,3,,,685000
ABS:MERCH_IMP(1.0.0),67,OMAN,TOT,M,2016-10-01,78,AUD,3,,,78000
ABS:MERCH_IMP(1.0.0),67,OMAN,TOT,M,2016-11-01,258,AUD,3,,,258000
ABS:MERCH_IMP(1.0.0),67,OMAN,TOT,M,2016-12-01,64,AUD,3,,,64000
ABS:MERCH_IMP(1.0.0),67,OMAN,TOT,M,2017-11-01,2,AUD,3,,,2000
ABS:MERCH_IMP(1.0.0),67,OMAN,TOT,M,2019-12-01,33,AUD,3,,,33000
ABS:MERCH_IMP(1.0.0),67,OMAN,TOT,M,2020-01-01,33,AUD,3,,,33000
ABS:MERCH_IMP(1.0.0),67,OMAN,TOT,M,2020-07-01,46,AUD,3,,,46000
ABS:MERCH_IMP(1.0.0),67,OMAN,TOT,M,2020-09-01,13,AUD,3,,,13000
ABS:MERCH_IMP(1.0.0),67,OMAN,TOT,M,2020-11-01,78,AUD,3,,,78000
ABS:MERCH_IMP(1.0.0),67,OMAN,TOT,M,2021-02-01,116,AUD,3,,,116000
ABS:MERCH_IMP(1.0.0),67,OMAN,TOT,M,2021-04-01,49,AUD,3,,,49000
ABS:MERCH_IMP(1.0.0),67,OMAN,TOT,M,2021-06-01,38,AUD,3,,,38000
ABS:MERCH_IMP(1.0.0),67,OMAN,TOT,M,2021-08-01,25074,AUD,3,,,25074000
ABS:MERCH_IMP(1.0.0),67,OMAN,TOT,M,2021-10-01,34148,AUD,3,,,34148000
ABS:MERCH_IMP(1.0.0),67,OMAN,TOT,M,2021-11-01,145,AUD,3,,,145000
ABS:MERCH_IMP(1.0.0),67,OMAN,TOT,M,2021-12-01,27701,AUD,3,,,27701000
ABS:MERCH_IMP(1.0.0),67,OMAN,TOT,M,2022-01-01,32912,AUD,3,,,32912000
ABS:MERCH_IMP(1.0.0),67,OMAN,TOT,M,2022-05-01,82,AUD,3,,,82000
ABS:MERCH_IMP(1.0.0),67,OMAN,TOT,M,2022-12-01,93,AUD,3,,,93000
ABS:MERCH_IMP(1.0.0),67,OMAN,TOT,M,2023-05-01,55,AUD,3,,,55000
ABS:MERCH_IMP(1.0.0),67,OMAN,TOT,M,2023-08-01,218,AUD,3,,,218000
ABS:MERCH_IMP(1.0.0),67,OMAN,TOT,M,2023-09-01,33,AUD,3,,,33000
ABS:MERCH_IMP(1.0.0),67,OMAN,TOT,M,2023-10-01,5,AUD,3,,,5000
ABS:MERCH_IMP(1.0.0),67,OMAN,TOT,M,2023-11-01,33869,AUD,3,,,33869000
ABS:MERCH_IMP(1.0.0),67,OMAN,TOT,M,2024-01-01,14,AUD,3,,,14000
ABS:MERCH_IMP(1.0.0),67,OMAN,TOT,M,2024-02-01,24560,AUD,3,,,24560000
ABS:MERCH_IMP(1.0.0),67,OMAN,TOT,M,2024-03-01,40,AUD,3,,,40000
ABS:MERCH_IMP(1.0.0),67,OMAN,TOT,M,2024-04-01,28,AUD,3,,,28000
ABS:MERCH_IMP(1.0.0),67,OMAN,TOT,M,2024-05-01,115,AUD,3,,,115000
ABS:MERCH_IMP(1.0.0),67,OMAN,TOT,M,2024-07-01,67,AUD,3,,,67000
ABS:MERCH_IMP(1.0.0),67,OMAN,TOT,M,2024-08-01,37048,AUD,3,,,37048000
ABS:MERCH_IMP(1.0.0),67,OMAN,TOT,M,2024-11-01,85,AUD,3,,,85000
ABS:MERCH_IMP(1.0.0),67,OMAN,TOT,M,2024-12-01,102,AUD,3,,,102000
ABS:MERCH_IMP(1.0.0),67,OMAN,TOT,M,2025-02-01,38025,AUD,3,,,38025000
ABS:MERCH_IMP(1.0.0),67,OMAN,TOT,M,2025-07-01,162,AUD,3,,,162000
ABS:MERCH_IMP(1.0.0),67,OMAN,TOT,M,2025-08-01,37318,AUD,3,,,37318000
ABS:MERCH_IMP(1.0.0),67,OMAN,TOT,M,2025-12-01,210,AUD,3,,,210000
ABS:MERCH_IMP(1.0.0),67,OMAN,TOT,M,2026-07-01,33483,AUD,3,,,33483000
ABS:MERCH_IMP(1.0.0),67,GREE,TOT,M,2015-02-01,2,AUD,3,,,2000
ABS:MERCH_IMP(1.0.0),67,GREE,TOT,M,2015-03-01,22,AUD,3,,,22000
ABS:MERCH_IMP(1.0.0),67,GREE,TOT,M,2015-05-01,1,AUD,3,,,1000
ABS:MERCH_IMP(1.0.0),67,GREE,TOT,M,2015-07-01,134,AUD,3,,,134000
ABS:MERCH_IMP(1.0.0),67,GREE,TOT,M,2015-08-01,105,AUD,3,,,105000
ABS:MERCH_IMP(1.0.0),67,GREE,TOT,M,2015-09-01,125,AUD,3,,,125000
ABS:MERCH_IMP(1.0.0),67,GREE,TOT,M,2015-10-01,33,AUD,3,,,33000
ABS:MERCH_IMP(1.0.0),67,GREE,TOT,M,2015-11-01,136,AUD,3,,,136000
ABS:MERCH_IMP(1.0.0),67,GREE,TOT,M,2015-12-01,237,AUD,3,,,237000
ABS:MERCH_IMP(1.0.0),67,GREE,TOT,M,2016-02-01,63,AUD,3,,,63000
ABS:MERCH_IMP(1.0.0),67,GREE,TOT,M,2016-03-01,242,AUD,3,,,242000
ABS:MERCH_IMP(1.0.0),67,GREE,TOT,M,2016-06-01,88,AUD,3,,,88000
ABS:MERCH_IMP(1.0.0),67,GREE,TOT,M,2016-07-01,296,AUD,3,,,296000
ABS:MERCH_IMP(1.0.0),67,GREE,TOT,M,2016-08-01,818,AUD,3,,,818000
ABS:MERCH_IMP(1.0.0),67,GREE,TOT,M,2016-09-01,855,AUD,3,,,855000
ABS:MERCH_IMP(1.0.0),67,GREE,TOT,M,2016-11-01,896,AUD,3,,,896000
ABS:MERCH_IMP(1.0.0),67,GREE,TOT,M,2016-12-01,1105,AUD,3,,,1105000
ABS:MERCH_IMP(1.0.0),67,GREE,TOT,M,2017-01-01,647,AUD,3,,,647000
ABS:MERCH_IMP(1.0.0),67,GREE,TOT,M,2017-02-01,886,AUD,3,,,886000
ABS:MERCH_IMP(1.0.0),67,GREE,TOT,M,2017-03-01,905,AUD,3,,,905000
ABS:MERCH_IMP(1.0.0),67,GREE,TOT,M,2017-04-01,1691,AUD,3,,,1691000
ABS:MERCH_IMP(1.0.0),67,GREE,TOT,M,2017-05-01,147,AUD,3,,,147000
ABS:MERCH_IMP(1.0.0),67,GREE,TOT,M,2017-06-01,29,AUD,3,,,29000
ABS:MERCH_IMP(1.0.0),67,GREE,TOT,M,2017-09-01,1283,AUD,3,,,1283000
ABS:MERCH_IMP(1.0.0),67,GREE,TOT,M,2017-11-01,685,AUD,3,,,685000
ABS:MERCH_IMP(1.0.0),67,GREE,TOT,M,2017-12-01,914,AUD,3,,,914000
ABS:MERCH_IMP(1.0.0),67,GREE,TOT,M,2018-01-01,34,AUD,3,,,34000
ABS:MERCH_IMP(1.0.0),67,GREE,TOT,M,2018-04-01,23,AUD,3,,,23000
ABS:MERCH_IMP(1.0.0),67,GREE,TOT,M,2018-05-01,54,AUD,3,,,54000
ABS:MERCH_IMP(1.0.0),67,GREE,TOT,M,2018-06-01,67,AUD,3,,,67000
ABS:MERCH_IMP(1.0.0),67,GREE,TOT,M,2018-07-01,47,AUD,3,,,47000
ABS:MERCH_IMP(1.0.0),67,GREE,TOT,M,2018-08-01,24,AUD,3,,,24000
ABS:MERCH_IMP(1.0.0),67,GREE,TOT,M,2018-09-01,50,AUD,3,,,50000
ABS:MERCH_IMP(1.0.0),67,GREE,TOT,M,2018-10-01,107,AUD,3,,,107000
ABS:MERCH_IMP(1.0.0),67,GREE,TOT,M,2019-01-01,72,AUD,3,,,72000
ABS:MERCH_IMP(1.0.0),67,GREE,TOT,M,2019-02-01,54,AUD,3,,,54000
ABS:MERCH_IMP(1.0.0),67,GREE,TOT,M,2019-03-01,119,AUD,3,,,119000
ABS:MERCH_IMP(1.0.0),67,GREE,TOT,M,2019-04-01,190,AUD,3,,,190000
ABS:MERCH_IMP(1.0.0),67,GREE,TOT,M,2019-05-01,112,AUD,3,,,112000
ABS:MERCH_IMP(1.0.0),67,GREE,TOT,M,2019-06-01,110,AUD,3,,,110000
ABS:MERCH_IMP(1.0.0),67,GREE,TOT,M,2019-07-01,126,AUD,3,,,126000
ABS:MERCH_IMP(1.0.0),67,GREE,TOT,M,2019-09-01,48,AUD,3,,,48000
ABS:MERCH_IMP(1.0.0),67,GREE,TOT,M,2019-10-01,32,AUD,3,,,32000
ABS:MERCH_IMP(1.0.0),67,GREE,TOT,M,2019-12-01,58,AUD,3,,,58000
ABS:MERCH_IMP(1.0.0),67,GREE,TOT,M,2020-01-01,70,AUD,3,,,70000
ABS:MERCH_IMP(1.0.0),67,GREE,TOT,M,2020-02-01,126,AUD,3,,,126000
ABS:MERCH_IMP(1.0.0),67,GREE,TOT,M,2020-03-01,2,AUD,3,,,2000
ABS:MERCH_IMP(1.0.0),67,GREE,TOT,M,2020-05-01,81,AUD,3,,,81000
ABS:MERCH_IMP(1.0.0),67,GREE,TOT,M,2020-06-01,4,AUD,3,,,4000
ABS:MERCH_IMP(1.0.0),67,GREE,TOT,M,2020-09-01,23,AUD,3,,,23000
ABS:MERCH_IMP(1.0.0),67,GREE,TOT,M,2021-01-01,94,AUD,3,,,94000
ABS:MERCH_IMP(1.0.0),67,GREE,TOT,M,2021-06-01,80,AUD,3,,,80000
ABS:MERCH_IMP(1.0.0),67,GREE,TOT,M,2021-07-01,31,AUD,3,,,31000
ABS:MERCH_IMP(1.0.0),67,GREE,TOT,M,2021-08-01,90,AUD,3,,,90000
ABS:MERCH_IMP(1.0.0),67,GREE,TOT,M,2022-01-01,3,AUD,3,,,3000
ABS:MERCH_IMP(1.0.0),67,GREE,TOT,M,2022-03-01,66,AUD,3,,,66000
ABS:MERCH_IMP(1.0.0),67,GREE,TOT,M,2022-05-01,112,AUD,3,,,112000
ABS:MERCH_IMP(1.0.0),67,GREE,TOT,M,2022-10-01,2,AUD,3,,,2000
ABS:MERCH_IMP(1.0.0),67,GREE,TOT,M,2022-11-01,6033,AUD,3,,,6033000
ABS:MERCH_IMP(1.0.0),67,GREE,TOT,M,2022-12-01,938,AUD,3,,,938000
ABS:MERCH_IMP(1.0.0),67,GREE,TOT,M,2023-02-01,133,AUD,3,,,133000
ABS:MERCH_IMP(1.0.0),67,GREE,TOT,M,2023-05-01,141,AUD,3,,,141000
ABS:MERCH_IMP(1.0.0),67,GREE,TOT,M,2023-07-01,3,AUD,3,,,3000
ABS:MERCH_IMP(1.0.0),67,GREE,TOT,M,2023-08-01,1,AUD,3,,,1000
ABS:MERCH_IMP(1.0.0),67,GREE,TOT,M,2023-09-01,30,AUD,3,,,30000
ABS:MERCH_IMP(1.0.0),67,GREE,TOT,M,2024-01-01,58,AUD,3,,,58000
ABS:MERCH_IMP(1.0.0),67,GREE,TOT,M,2024-05-01,17,AUD,3,,,17000
ABS:MERCH_IMP(1.0.0),67,GREE,TOT,M,2025-03-01,71,AUD,3,,,71000
ABS:MERCH_IMP(1.0.0),67,GREE,TOT,M,2025-05-01,10,AUD,3,,,10000
ABS:MERCH_IMP(1.0.0),67,GREE,TOT,M,2025-06-01,1,AUD,3,,,1000
ABS:MERCH_IMP(1.0.0),67,GREE,TOT,M,2026-06-01,3,AUD,3,,,3000
ABS:MERCH_IMP(1.0.0),67,NZ,TOT,M,2015-01-01,3772,AUD,3,,,3772000
ABS:MERCH_IMP(1.0.0),67,NZ,TOT,M,2015-02-01,4760,AUD,3,,,4760000
ABS:MERCH_IMP(1.0.0),67,NZ,TOT,M,2015-03-01,5490,AUD,3,,,5490000
ABS:MERCH_IMP(1.0.0),67,NZ,TOT,M,2015-04-01,2582,AUD,3,,,2582000
ABS:MERCH_IMP(1.0.0),67,NZ,TOT,M,2015-05-01,4852,AUD,3,,,4852000
ABS:MERCH_IMP(1.0.0),67,NZ,TOT,M,2015-06-01,3898,AUD,3,,,3898000
ABS:MERCH_IMP(1.0.0),67,NZ,TOT,M,2015-07-01,5286,AUD,3,,,5286000
ABS:MERCH_IMP(1.0.0),67,NZ,TOT,M,2015-08-01,4017,AUD,3,,,4017000
ABS:MERCH_IMP(1.0.0),67,NZ,TOT,M,2015-09-01,4577,AUD,3,,,4577000
ABS:MERCH_IMP(1.0.0),67,NZ,TOT,M,2015-10-01,4486,AUD,3,,,4486000
ABS:MERCH_IMP(1.0.0),67,NZ,TOT,M,2015-11-01,3930,AUD,3,,,3930000
ABS:MERCH_IMP(1.0.0),67,NZ,TOT,M,2015-12-01,4419,AUD,3,,,4419000
ABS:MERCH_IMP(1.0.0),67,NZ,TOT,M,2016-01-01,3087,AUD,3,,,3087000
ABS:MERCH_IMP(1.0.0),67,NZ,TOT,M,2016-02-01,3890,AUD,3,,,3890000
ABS:MERCH_IMP(1.0.0),67,NZ,TOT,M,2016-03-01,3741,AUD,3,,,3741000
ABS:MERCH_IMP(1.0.0),67,NZ,TOT,M,2016-04-01,2697,AUD,3,,,2697000
ABS:MERCH_IMP(1.0.0),67,NZ,TOT,M,2016-05-01,2445,AUD,3,,,2445000
ABS:MERCH_IMP(1.0.0),67,NZ,TOT,M,2016-06-01,1165,AUD,3,,,1165000
ABS:MERCH_IMP(1.0.0),67,NZ,TOT,M,2016-07-01,1639,AUD,3,,,1639000
ABS:MERCH_IMP(1.0.0),67,NZ,TOT,M,2016-08-01,2452,AUD,3,,,2452000
ABS:MERCH_IMP(1.0.0),67,NZ,TOT,M,2016-09-01,2164,AUD,3,,,2164000
ABS:MERCH_IMP(1.0.0),67,NZ,TOT,M,2016-10-01,2511,AUD,3,,,2511000
ABS:MERCH_IMP(1.0.0),67,NZ,TOT,M,2016-11-01,2388,AUD,3,,,2388000
ABS:MERCH_IMP(1.0.0),67,NZ,TOT,M,2016-12-01,1543,AUD,3,,,1543000
ABS:MERCH_IMP(1.0.0),67,NZ,TOT,M,2017-01-01,3094,AUD,3,,,3094000
ABS:MERCH_IMP(1.0.0),67,NZ,TOT,M,2017-02-01,2527,AUD,3,,,2527000
ABS:MERCH_IMP(1.0.0),67,NZ,TOT,M,2017-03-01,2615,AUD,3,,,2615000
ABS:MERCH_IMP(1.0.0),67,NZ,TOT,M,2017-04-01,1223,AUD,3,,,1223000
ABS:MERCH_IMP(1.0.0),67,NZ,TOT,M,2017-05-01,2888,AUD,3,,,2888000
ABS:MERCH_IMP(1.0.0),67,NZ,TOT,M,2017-06-01,2556,AUD,3,,,2556000
ABS:MERCH_IMP(1.0.0),67,NZ,TOT,M,2017-07-01,3231,AUD,3,,,3231000
ABS:MERCH_IMP(1.0.0),67,NZ,TOT,M,2017-08-01,2886,AUD,3,,,2886000
ABS:MERCH_IMP(1.0.0),67,NZ,TOT,M,2017-09-01,2187,AUD,3,,,2187000
ABS:MERCH_IMP(1.0.0),67,NZ,TOT,M,2017-10-01,3616,AUD,3,,,3616000
ABS:MERCH_IMP(1.0.0),67,NZ,TOT,M,2017-11-01,2931,AUD,3,,,2931000
ABS:MERCH_IMP(1.0.0),67,NZ,TOT,M,2017-12-01,2453,AUD,3,,,2453000
ABS:MERCH_IMP(1.0.0),67,NZ,TOT,M,2018-01-01,2852,AUD,3,,,2852000
ABS:MERCH_IMP(1.0.0),67,NZ,TOT,M,2018-02-01,3700,AUD,3,,,3700000
ABS:MERCH_IMP(1.0.0),67,NZ,TOT,M,2018-03-01,4616,AUD,3,,,4616000
ABS:MERCH_IMP(1.0.0),67,NZ,TOT,M,2018-04-01,7695,AUD,3,,,7695000
ABS:MERCH_IMP(1.0.0),67,NZ,TOT,M,2018-05-01,7777,AUD,3,,,7777000
ABS:MERCH_IMP(1.0.0),67,NZ,TOT,M,2018-06-01,5451,AUD,3,,,5451000
ABS:MERCH_IMP(1.0.0),67,NZ,TOT,M,2018-07-01,5986,AUD,3,,,5986000
ABS:MERCH_IMP(1.0.0),67,NZ,TOT,M,2018-08-01,4832,AUD,3,,,4832000
ABS:MERCH_IMP(1.0.0),67,NZ,TOT,M,2018-09-01,4323,AUD,3,,,4323000
ABS:MERCH_IMP(1.0.0),67,NZ,TOT,M,2018-10-01,3759,AUD,3,,,3759000
ABS:MERCH_IMP(1.0.0),67,NZ,TOT,M,2018-11-01,3709,AUD,3,,,3709000
ABS:MERCH_IMP(1.0.0),67,NZ,TOT,M,2018-12-01,2286,AUD,3,,,2286000
ABS:MERCH_IMP(1.0.0),67,NZ,TOT,M,2019-01-01,605,AUD,3,,,605000
ABS:MERCH_IMP(1.0.0),67,NZ,TOT,M,2019-02-01,2087,AUD,3,,,2087000
ABS:MERCH_IMP(1.0.0),67,NZ,TOT,M,2019-03-01,2447,AUD,3,,,2447000
ABS:MERCH_IMP(1.0.0),67,NZ,TOT,M,2019-04-01,1726,AUD,3,,,1726000
ABS:MERCH_IMP(1.0.0),67,NZ,TOT,M,2019-05-01,1905,AUD,3,,,1905000
ABS:MERCH_IMP(1.0.0),67,NZ,TOT,M,2019-06-01,1662,AUD,3,,,1662000
ABS:MERCH_IMP(1.0.0),67,NZ,TOT,M,2019-07-01,2031,AUD,3,,,2031000
ABS:MERCH_IMP(1.0.0),67,NZ,TOT,M,2019-08-01,2072,AUD,3,,,2072000
ABS:MERCH_IMP(1.0.0),67,NZ,TOT,M,2019-09-01,3135,AUD,3,,,3135000
ABS:MERCH_IMP(1.0.0),67,NZ,TOT,M,2019-10-01,2314,AUD,3,,,2314000
ABS:MERCH_IMP(1.0.0),67,NZ,TOT,M,2019-11-01,2657,AUD,3,,,2657000
ABS:MERCH_IMP(1.0.0),67,NZ,TOT,M,2019-12-01,2661,AUD,3,,,2661000
ABS:MERCH_IMP(1.0.0),67,NZ,TOT,M,2020-01-01,878,AUD,3,,,878000
ABS:MERCH_IMP(1.0.0),67,NZ,TOT,M,2020-02-01,1617,AUD,3,,,1617000
ABS:MERCH_IMP(1.0.0),67,NZ,TOT,M,2020-03-01,1871,AUD,3,,,1871000
ABS:MERCH_IMP(1.0.0),67,NZ,TOT,M,2020-04-01,531,AUD,3,,,531000
ABS:MERCH_IMP(1.0.0),67,NZ,TOT,M,2020-05-01,1432,AUD,3,,,1432000
ABS:MERCH_IMP(1.0.0),67,NZ,TOT,M,2020-06-01,2171,AUD,3,,,2171000
ABS:MERCH_IMP(1.0.0),67,NZ,TOT,M,2020-07-01,2228,AUD,3,,,2228000
ABS:MERCH_IMP(1.0.0),67,NZ,TOT,M,2020-08-01,2341,AUD,3,,,2341000
ABS:MERCH_IMP(1.0.0),67,NZ,TOT,M,2020-09-01,1855,AUD,3,,,1855000
ABS:MERCH_IMP(1.0.0),67,NZ,TOT,M,2020-10-01,2696,AUD,3,,,2696000
ABS:MERCH_IMP(1.0.0),67,NZ,TOT,M,2020-11-01,2154,AUD,3,,,2154000
ABS:MERCH_IMP(1.0.0),67,NZ,TOT,M,2020-12-01,3318,AUD,3,,,3318000
ABS:MERCH_IMP(1.0.0),67,NZ,TOT,M,2021-01-01,767,AUD,3,,,767000
ABS:MERCH_IMP(1.0.0),67,NZ,TOT,M,2021-02-01,1810,AUD,3,,,1810000
ABS:MERCH_IMP(1.0.0),67,NZ,TOT,M,2021-03-01,3662,AUD,3,,,3662000
ABS:MERCH_IMP(1.0.0),67,NZ,TOT,M,2021-04-01,2540,AUD,3,,,2540000
ABS:MERCH_IMP(1.0.0),67,NZ,TOT,M,2021-05-01,1863,AUD,3,,,1863000
ABS:MERCH_IMP(1.0.0),67,NZ,TOT,M,2021-06-01,3802,AUD,3,,,3802000
ABS:MERCH_IMP(1.0.0),67,NZ,TOT,M,2021-07-01,4142,AUD,3,,,4142000
ABS:MERCH_IMP(1.0.0),67,NZ,TOT,M,2021-08-01,1881,AUD,3,,,1881000
ABS:MERCH_IMP(1.0.0),67,NZ,TOT,M,2021-09-01,1252,AUD,3,,,1252000
ABS:MERCH_IMP(1.0.0),67,NZ,TOT,M,2021-10-01,2026,AUD,3,,,2026000
ABS:MERCH_IMP(1.0.0),67,NZ,TOT,M,2021-11-01,2563,AUD,3,,,2563000
ABS:MERCH_IMP(1.0.0),67,NZ,TOT,M,2021-12-01,1582,AUD,3,,,1582000
ABS:MERCH_IMP(1.0.0),67,NZ,TOT,M,2022-01-01,1182,AUD,3,,,1182000
ABS:MERCH_IMP(1.0.0),67,NZ,TOT,M,2022-02-01,2348,AUD,3,,,2348000
ABS:MERCH_IMP(1.0.0),67,NZ,TOT,M,2022-03-01,2518,AUD,3,,,2518000
ABS:MERCH_IMP(1.0.0),67,NZ,TOT,M,2022-04-01,2583,AUD,3,,,2583000
ABS:MERCH_IMP(1.0.0),67,NZ,TOT,M,2022-05-01,3157,AUD,3,,,3157000
ABS:MERCH_IMP(1.0.0),67,NZ,TOT,M,2022-06-01,3603,AUD,3,,,3603000
ABS:MERCH_IMP(1.0.0),67,NZ,TOT,M,2022-07-01,2571,AUD,3,,,2571000
ABS:MERCH_IMP(1.0.0),67,NZ,TOT,M,2022-08-01,4884,AUD,3,,,4884000
ABS:MERCH_IMP(1.0.0),67,NZ,TOT,M,2022-09-01,5402,AUD,3,,,5402000
ABS:MERCH_IMP(1.0.0),67,NZ,TOT,M,2022-10-01,4943,AUD,3,,,4943000
ABS:MERCH_IMP(1.0.0),67,NZ,TOT,M,2022-11-01,4549,AUD,3,,,4549000
ABS:MERCH_IMP(1.0.0),67,NZ,TOT,M,2022-12-01,3419,AUD,3,,,3419000
ABS:MERCH_IMP(1.0.0),67,NZ,TOT,M,2023-01-01,1753,AUD,3,,,1753000
ABS:MERCH_IMP(1.0.0),67,NZ,TOT,M,2023-02-01,5265,AUD,3,,,5265000
ABS:MERCH_IMP(1.0.0),67,NZ,TOT,M,2023-03-01,2821,AUD,3,,,2821000
ABS:MERCH_IMP(1.0.0),67,NZ,TOT,M,2023-04-01,2726,AUD,3,,,2726000
ABS:MERCH_IMP(1.0.0),67,NZ,TOT,M,2023-05-01,4754,AUD,3,,,4754000
ABS:MERCH_IMP(1.0.0),67,NZ,TOT,M,2023-06-01,4543,AUD,3,,,4543000
ABS:MERCH_IMP(1.0.0),67,NZ,TOT,M,2023-07-01,10393,AUD,3,,,10393000
ABS:MERCH_IMP(1.0.0),67,NZ,TOT,M,2023-08-01,4705,AUD,3,,,4705000
ABS:MERCH_IMP(1.0.0),67,NZ,TOT,M,2023-09-01,2184,AUD,3,,,2184000
ABS:MERCH_IMP(1.0.0),67,NZ,TOT,M,2023-10-01,4205,AUD,3,,,4205000
ABS:MERCH_IMP(1.0.0),67,NZ,TOT,M,2023-11-01,3603,AUD,3,,,3603000
ABS:MERCH_IMP(1.0.0),67,NZ,TOT,M,2023-12-01,1951,AUD,3,,,1951000
ABS:MERCH_IMP(1.0.0),67,NZ,TOT,M,2024-01-01,2726,AUD,3,,,2726000
ABS:MERCH_IMP(1.0.0),67,NZ,TOT,M,2024-02-01,2192,AUD,3,,,2192000
ABS:MERCH_IMP(1.0.0),67,NZ,TOT,M,2024-03-01,2761,AUD,3,,,2761000
ABS:MERCH_IMP(1.0.0),67,NZ,TOT,M,2024-04-01,2589,AUD,3,,,2589000
ABS:MERCH_IMP(1.0.0),67,NZ,TOT,M,2024-05-01,2562,AUD,3,,,2562000
ABS:MERCH_IMP(1.0.0),67,NZ,TOT,M,2024-06-01,1952,AUD,3,,,1952000
ABS:MERCH_IMP(1.0.0),67,NZ,TOT,M,2024-07-01,1875,AUD,3,,,1875000
ABS:MERCH_IMP(1.0.0),67,NZ,TOT,M,2024-08-01,2309,AUD,3,,,2309000
ABS:MERCH_IMP(1.0.0),67,NZ,TOT,M,2024-09-01,1739,AUD,3,,,1739000
ABS:MERCH_IMP(1.0.0),67,NZ,TOT,M,2024-10-01,2577,AUD,3,,,2577000
ABS:MERCH_IMP(1.0.0),67,NZ,TOT,M,2024-11-01,1573,AUD,3,,,1573000
ABS:MERCH_IMP(1.0.0),67,NZ,TOT,M,2024-12-01,1071,AUD,3,,,1071000
ABS:MERCH_IMP(1.0.0),67,NZ,TOT,M,2025-01-01,1953,AUD,3,,,1953000
ABS:MERCH_IMP(1.0.0),67,NZ,TOT,M,2025-02-01,1772,AUD,3,,,1772000
ABS:MERCH_IMP(1.0.0),67,NZ,TOT,M,2025-03-01,1908,AUD,3,,,1908000
ABS:MERCH_IMP(1.0.0),67,NZ,TOT,M,2025-04-01,1292,AUD,3,,,1292000
ABS:MERCH_IMP(1.0.0),67,NZ,TOT,M,2025-05-01,2172,AUD,3,,,2172000
ABS:MERCH_IMP(1.0.0),67,NZ,TOT,M,2025-06-01,1986,AUD,3,,,1986000
ABS:MERCH_IMP(1.0.0),67,NZ,TOT,M,2025-07-01,2860,AUD,3,,,2860000
ABS:MERCH_IMP(1.0.0),67,NZ,TOT,M,2025-08-01,3361,AUD,3,,,3361000
ABS:MERCH_IMP(1.0.0),67,NZ,TOT,M,2025-09-01,5965,AUD,3,,,5965000
ABS:MERCH_IMP(1.0.0),67,NZ,TOT,M,2025-10-01,5929,AUD,3,,,5929000
ABS:MERCH_IMP(1.0.0),67,NZ,TOT,M,2025-11-01,5990,AUD,3,,,5990000
ABS:MERCH_IMP(1.0.0),67,NZ,TOT,M,2025-12-01,2188,AUD,3,,,2188000
ABS:MERCH_IMP(1.0.0),67,NZ,TOT,M,2026-01-01,5331,AUD,3,,,5331000
ABS:MERCH_IMP(1.0.0),67,NZ,TOT,M,2026-02-01,6336,AUD,3,,,6336000
ABS:MERCH_IMP(1.0.0),67,NZ,TOT,M,2026-03-01,2149,AUD,3,,,2149000
ABS:MERCH_IMP(1.0.0),67,NZ,TOT,M,2026-04-01,2892,AUD,3,,,2892000
ABS:MERCH_IMP(1.0.0),67,NZ,TOT,M,2026-05-01,1624,AUD,3,,,1624000
ABS:MERCH_IMP(1.0.0),67,NZ,TOT,M,2026-06-01,4539,AUD,3,,,4539000
ABS:MERCH_IMP(1.0.0),67,NZ,TOT,M,2026-07-01,5333,AUD,3,,,5333000
ABS:MERCH_IMP(1.0.0),67,NWAY,TOT,M,2015-01-01,1691,AUD,3,,,1691000
ABS:MERCH_IMP(1.0.0),67,NWAY,TOT,M,2015-02-01,659,AUD,3,,,659000
ABS:MERCH_IMP(1.0.0),67,NWAY,TOT,M,2015-03-01,116,AUD,3,,,116000
ABS:MERCH_IMP(1.0.0),67,NWAY,TOT,M,2015-04-01,394,AUD,3,,,394000
ABS:MERCH_IMP(1.0.0),67,NWAY,TOT,M,2015-05-01,161,AUD,3,,,161000
ABS:MERCH_IMP(1.0.0),67,NWAY,TOT,M,2015-06-01,1733,AUD,3,,,1733000
ABS:MERCH_IMP(1.0.0),67,NWAY,TOT,M,2015-07-01,92,AUD,3,,,92000
ABS:MERCH_IMP(1.0.0),67,NWAY,TOT,M,2015-08-01,384,AUD,3,,,384000
ABS:MERCH_IMP(1.0.0),67,NWAY,TOT,M,2015-09-01,898,AUD,3,,,898000
ABS:MERCH_IMP(1.0.0),67,NWAY,TOT,M,2015-10-01,1951,AUD,3,,,1951000
ABS:MERCH_IMP(1.0.0),67,NWAY,TOT,M,2015-11-01,638,AUD,3,,,638000
ABS:MERCH_IMP(1.0.0),67,NWAY,TOT,M,2015-12-01,436,AUD,3,,,436000
ABS:MERCH_IMP(1.0.0),67,NWAY,TOT,M,2016-01-01,374,AUD,3,,,374000
ABS:MERCH_IMP(1.0.0),67,NWAY,TOT,M,2016-02-01,77,AUD,3,,,77000
ABS:MERCH_IMP(1.0.0),67,NWAY,TOT,M,2016-03-01,181,AUD,3,,,181000
ABS:MERCH_IMP(1.0.0),67,NWAY,TOT,M,2016-04-01,310,AUD,3,,,310000
ABS:MERCH_IMP(1.0.0),67,NWAY,TOT,M,2016-05-01,212,AUD,3,,,212000
ABS:MERCH_IMP(1.0.0),67,NWAY,TOT,M,2016-06-01,239,AUD,3,,,239000
ABS:MERCH_IMP(1.0.0),67,NWAY,TOT,M,2016-07-01,504,AUD,3,,,504000
ABS:MERCH_IMP(1.0.0),67,NWAY,TOT,M,2016-08-01,54,AUD,3,,,54000
ABS:MERCH_IMP(1.0.0),67,NWAY,TOT,M,2016-09-01,175,AUD,3,,,175000
ABS:MERCH_IMP(1.0.0),67,NWAY,TOT,M,2016-10-01,265,AUD,3,,,265000
ABS:MERCH_IMP(1.0.0),67,NWAY,TOT,M,2016-11-01,322,AUD,3,,,322000
ABS:MERCH_IMP(1.0.0),67,NWAY,TOT,M,2016-12-01,227,AUD,3,,,227000
ABS:MERCH_IMP(1.0.0),67,NWAY,TOT,M,2017-01-01,185,AUD,3,,,185000
ABS:MERCH_IMP(1.0.0),67,NWAY,TOT,M,2017-02-01,313,AUD,3,,,313000
ABS:MERCH_IMP(1.0.0),67,NWAY,TOT,M,2017-03-01,162,AUD,3,,,162000
ABS:MERCH_IMP(1.0.0),67,NWAY,TOT,M,2017-04-01,104,AUD,3,,,104000
ABS:MERCH_IMP(1.0.0),67,NWAY,TOT,M,2017-05-01,195,AUD,3,,,195000
ABS:MERCH_IMP(1.0.0),67,NWAY,TOT,M,2017-06-01,330,AUD,3,,,330000
ABS:MERCH_IMP(1.0.0),67,NWAY,TOT,M,2017-07-01,284,AUD,3,,,284000
ABS:MERCH_IMP(1.0.0),67,NWAY,TOT,M,2017-08-01,380,AUD,3,,,380000
ABS:MERCH_IMP(1.0.0),67,NWAY,TOT,M,2017-09-01,330,AUD,3,,,330000
ABS:MERCH_IMP(1.0.0),67,NWAY,TOT,M,2017-10-01,378,AUD,3,,,378000
ABS:MERCH_IMP(1.0.0),67,NWAY,TOT,M,2017-11-01,179,AUD,3,,,179000
ABS:MERCH_IMP(1.0.0),67,NWAY,TOT,M,2017-12-01,158,AUD,3,,,158000
ABS:MERCH_IMP(1.0.0),67,NWAY,TOT,M,2018-01-01,285,AUD,3,,,285000
ABS:MERCH_IMP(1.0.0),67,NWAY,TOT,M,2018-02-01,450,AUD,3,,,450000
ABS:MERCH_IMP(1.0.0),67,NWAY,TOT,M,2018-03-01,395,AUD,3,,,395000
ABS:MERCH_IMP(1.0.0),67,NWAY,TOT,M,2018-04-01,364,AUD,3,,,364000
ABS:MERCH_IMP(1.0.0),67,NWAY,TOT,M,2018-05-01,335,AUD,3,,,335000
ABS:MERCH_IMP(1.0.0),67,NWAY,TOT,M,2018-06-01,272,AUD,3,,,272000
ABS:MERCH_IMP(1.0.0),67,NWAY,TOT,M,2018-07-01,299,AUD,3,,,299000
ABS:MERCH_IMP(1.0.0),67,NWAY,TOT,M,2018-08-01,801,AUD,3,,,801000
ABS:MERCH_IMP(1.0.0),67,NWAY,TOT,M,2018-09-01,245,AUD,3,,,245000
ABS:MERCH_IMP(1.0.0),67,NWAY,TOT,M,2018-10-01,1318,AUD,3,,,1318000
ABS:MERCH_IMP(1.0.0),67,NWAY,TOT,M,2018-11-01,208,AUD,3,,,208000
ABS:MERCH_IMP(1.0.0),67,NWAY,TOT,M,2018-12-01,880,AUD,3,,,880000
ABS:MERCH_IMP(1.0.0),67,NWAY,TOT,M,2019-01-01,255,AUD,3,,,255000
ABS:MERCH_IMP(1.0.0),67,NWAY,TOT,M,2019-02-01,305,AUD,3,,,305000
ABS:MERCH_IMP(1.0.0),67,NWAY,TOT,M,2019-03-01,480,AUD,3,,,480000
ABS:MERCH_IMP(1.0.0),67,NWAY,TOT,M,2019-04-01,306,AUD,3,,,306000
ABS:MERCH_IMP(1.0.0),67,NWAY,TOT,M,2019-05-01,119,AUD,3,,,119000
ABS:MERCH_IMP(1.0.0),67,NWAY,TOT,M,2019-06-01,177,AUD,3,,,177000
ABS:MERCH_IMP(1.0.0),67,NWAY,TOT,M,2019-07-01,31,AUD,3,,,31000
ABS:MERCH_IMP(1.0.0),67,NWAY,TOT,M,2019-08-01,111,AUD,3,,,111000
ABS:MERCH_IMP(1.0.0),67,NWAY,TOT,M,2019-09-01,241,AUD,3,,,241000
ABS:MERCH_IMP(1.0.0),67,NWAY,TOT,M,2019-10-01,288,AUD,3,,,288000
ABS:MERCH_IMP(1.0.0),67,NWAY,TOT,M,2019-11-01,284,AUD,3,,,284000
ABS:MERCH_IMP(1.0.0),67,NWAY,TOT,M,2019-12-01,153,AUD,3,,,153000
ABS:MERCH_IMP(1.0.0),67,NWAY,TOT,M,2020-01-01,436,AUD,3,,,436000
ABS:MERCH_IMP(1.0.0),67,NWAY,TOT,M,2020-02-01,484,AUD,3,,,484000
ABS:MERCH_IMP(1.0.0),67,NWAY,TOT,M,2020-03-01,357,AUD,3,,,357000
ABS:MERCH_IMP(1.0.0),67,NWAY,TOT,M,2020-04-01,412,AUD,3,,,412000
ABS:MERCH_IMP(1.0.0),67,NWAY,TOT,M,2020-05-01,493,AUD,3,,,493000
ABS:MERCH_IMP(1.0.0),67,NWAY,TOT,M,2020-06-01,118,AUD,3,,,118000
ABS:MERCH_IMP(1.0.0),67,NWAY,TOT,M,2020-07-01,499,AUD,3,,,499000
ABS:MERCH_IMP(1.0.0),67,NWAY,TOT,M,2020-08-01,392,AUD,3,,,392000
ABS:MERCH_IMP(1.0.0),67,NWAY,TOT,M,2020-09-01,152,AUD,3,,,152000
ABS:MERCH_IMP(1.0.0),67,NWAY,TOT,M,2020-10-01,849,AUD,3,,,849000
ABS:MERCH_IMP(1.0.0),67,NWAY,TOT,M,2020-11-01,187,AUD,3,,,187000
ABS:MERCH_IMP(1.0.0),67,NWAY,TOT,M,2020-12-01,134,AUD,3,,,134000
ABS:MERCH_IMP(1.0.0),67,NWAY,TOT,M,2021-01-01,824,AUD,3,,,824000
ABS:MERCH_IMP(1.0.0),67,NWAY,TOT,M,2021-02-01,252,AUD,3,,,252000
ABS:MERCH_IMP(1.0.0),67,NWAY,TOT,M,2021-03-01,635,AUD,3,,,635000
ABS:MERCH_IMP(1.0.0),67,NWAY,TOT,M,2021-04-01,238,AUD,3,,,238000
ABS:MERCH_IMP(1.0.0),67,NWAY,TOT,M,2021-05-01,117,AUD,3,,,117000
ABS:MERCH_IMP(1.0.0),67,NWAY,TOT,M,2021-06-01,542,AUD,3,,,542000
ABS:MERCH_IMP(1.0.0),67,NWAY,TOT,M,2021-07-01,3022,AUD,3,,,3022000
ABS:MERCH_IMP(1.0.0),67,NWAY,TOT,M,2021-08-01,751,AUD,3,,,751000
ABS:MERCH_IMP(1.0.0),67,NWAY,TOT,M,2021-09-01,284,AUD,3,,,284000
ABS:MERCH_IMP(1.0.0),67,NWAY,TOT,M,2021-10-01,1415,AUD,3,,,1415000
ABS:MERCH_IMP(1.0.0),67,NWAY,TOT,M,2021-11-01,140,AUD,3,,,140000
ABS:MERCH_IMP(1.0.0),67,NWAY,TOT,M,2021-12-01,7040,AUD,3,,,7040000
ABS:MERCH_IMP(1.0.0),67,NWAY,TOT,M,2022-01-01,246,AUD,3,,,246000
ABS:MERCH_IMP(1.0.0),67,NWAY,TOT,M,2022-02-01,276,AUD,3,,,276000
ABS:MERCH_IMP(1.0.0),67,NWAY,TOT,M,2022-03-01,104,AUD,3,,,104000
ABS:MERCH_IMP(1.0.0),67,NWAY,TOT,M,2022-04-01,164,AUD,3,,,164000
ABS:MERCH_IMP(1.0.0),67,NWAY,TOT,M,2022-05-01,454,AUD,3,,,454000
ABS:MERCH_IMP(1.0.0),67,NWAY,TOT,M,2022-06-01,389,AUD,3,,,389000
ABS:MERCH_IMP(1.0.0),67,NWAY,TOT,M,2022-07-01,40,AUD,3,,,40000
ABS:MERCH_IMP(1.0.0),67,NWAY,TOT,M,2022-08-01,461,AUD,3,,,461000
ABS:MERCH_IMP(1.0.0),67,NWAY,TOT,M,2022-09-01,769,AUD,3,,,769000
ABS:MERCH_IMP(1.0.0),67,NWAY,TOT,M,2022-10-01,7094,AUD,3,,,7094000
ABS:MERCH_IMP(1.0.0),67,NWAY,TOT,M,2022-11-01,8683,AUD,3,,,8683000
ABS:MERCH_IMP(1.0.0),67,NWAY,TOT,M,2022-12-01,961,AUD,3,,,961000
ABS:MERCH_IMP(1.0.0),67,NWAY,TOT,M,2023-01-01,45,AUD,3,,,45000
ABS:MERCH_IMP(1.0.0),67,NWAY,TOT,M,2023-02-01,2952,AUD,3,,,2952000
ABS:MERCH_IMP(1.0.0),67,NWAY,TOT,M,2023-03-01,180,AUD,3,,,180000
ABS:MERCH_IMP(1.0.0),67,NWAY,TOT,M,2023-04-01,31,AUD,3,,,31000
ABS:MERCH_IMP(1.0.0),67,NWAY,TOT,M,2023-05-01,369,AUD,3,,,369000
ABS:MERCH_IMP(1.0.0),67,NWAY,TOT,M,2023-06-01,1654,AUD,3,,,1654000
ABS:MERCH_IMP(1.0.0),67,NWAY,TOT,M,2023-07-01,428,AUD,3,,,428000
ABS:MERCH_IMP(1.0.0),67,NWAY,TOT,M,2023-08-01,304,AUD,3,,,304000
ABS:MERCH_IMP(1.0.0),67,NWAY,TOT,M,2023-09-01,1217,AUD,3,,,1217000
ABS:MERCH_IMP(1.0.0),67,NWAY,TOT,M,2023-10-01,243,AUD,3,,,243000
ABS:MERCH_IMP(1.0.0),67,NWAY,TOT,M,2023-11-01,1086,AUD,3,,,1086000
ABS:MERCH_IMP(1.0.0),67,NWAY,TOT,M,2023-12-01,18,AUD,3,,,18000
ABS:MERCH_IMP(1.0.0),67,NWAY,TOT,M,2024-01-01,548,AUD,3,,,548000
ABS:MERCH_IMP(1.0.0),67,NWAY,TOT,M,2024-02-01,417,AUD,3,,,417000
ABS:MERCH_IMP(1.0.0),67,NWAY,TOT,M,2024-03-01,506,AUD,3,,,506000
ABS:MERCH_IMP(1.0.0),67,NWAY,TOT,M,2024-04-01,879,AUD,3,,,879000
ABS:MERCH_IMP(1.0.0),67,NWAY,TOT,M,2024-05-01,638,AUD,3,,,638000
ABS:MERCH_IMP(1.0.0),67,NWAY,TOT,M,2024-06-01,466,AUD,3,,,466000
ABS:MERCH_IMP(1.0.0),67,NWAY,TOT,M,2024-07-01,426,AUD,3,,,426000
ABS:MERCH_IMP(1.0.0),67,NWAY,TOT,M,2024-08-01,330,AUD,3,,,330000
ABS:MERCH_IMP(1.0.0),67,NWAY,TOT,M,2024-09-01,697,AUD,3,,,697000
ABS:MERCH_IMP(1.0.0),67,NWAY,TOT,M,2024-10-01,97,AUD,3,,,97000
ABS:MERCH_IMP(1.0.0),67,NWAY,TOT,M,2024-11-01,687,AUD,3,,,687000
ABS:MERCH_IMP(1.0.0),67,NWAY,TOT,M,2024-12-01,214,AUD,3,,,214000
ABS:MERCH_IMP(1.0.0),67,NWAY,TOT,M,2025-01-01,94,AUD,3,,,94000
ABS:MERCH_IMP(1.0.0),67,NWAY,TOT,M,2025-02-01,172,AUD,3,,,172000
ABS:MERCH_IMP(1.0.0),67,NWAY,TOT,M,2025-03-01,419,AUD,3,,,419000
ABS:MERCH_IMP(1.0.0),67,NWAY,TOT,M,2025-04-01,270,AUD,3,,,270000
ABS:MERCH_IMP(1.0.0),67,NWAY,TOT,M,2025-05-01,111,AUD,3,,,111000
ABS:MERCH_IMP(1.0.0),67,NWAY,TOT,M,2025-06-01,449,AUD,3,,,449000
ABS:MERCH_IMP(1.0.0),67,NWAY,TOT,M,2025-07-01,1073,AUD,3,,,1073000
ABS:MERCH_IMP(1.0.0),67,NWAY,TOT,M,2025-08-01,77,AUD,3,,,77000
ABS:MERCH_IMP(1.0.0),67,NWAY,TOT,M,2025-09-01,826,AUD,3,,,826000
ABS:MERCH_IMP(1.0.0),67,NWAY,TOT,M,2025-10-01,344,AUD,3,,,344000
ABS:MERCH_IMP(1.0.0),67,NWAY,TOT,M,2025-11-01,199,AUD,3,,,199000
ABS:MERCH_IMP(1.0.0),67,NWAY,TOT,M,2025-12-01,747,AUD,3,,,747000
ABS:MERCH_IMP(1.0.0),67,NWAY,TOT,M,2026-01-01,46,AUD,3,,,46000
ABS:MERCH_IMP(1.0.0),67,NWAY,TOT,M,2026-02-01,265,AUD,3,,,265000
ABS:MERCH_IMP(1.0.0),67,NWAY,TOT,M,2026-03-01,156,AUD,3,,,156000
ABS:MERCH_IMP(1.0.0),67,NWAY,TOT,M,2026-04-01,53,AUD,3,,,53000
ABS:MERCH_IMP(1.0.0),67,NWAY,TOT,M,2026-05-01,373,AUD,3,,,373000
ABS:MERCH_IMP(1.0.0),67,NWAY,TOT,M,2026-06-01,279,AUD,3,,,279000
ABS:MERCH_IMP(1.0.0),67,NWAY,TOT,M,2026-07-01,71,AUD,3,,,71000
ABS:MERCH_IMP(1.0.0),67,TOT,TOT,M,2015-01-01,427576,AUD,3,,,427576000
ABS:MERCH_IMP(1.0.0),67,TOT,TOT,M,2015-02-01,368600,AUD,3,,,368600000
ABS:MERCH_IMP(1.0.0),67,TOT,TOT,M,2015-03-01,386451,AUD,3,,,386451000
ABS:MERCH_IMP(1.0.0),67,TOT,TOT,M,2015-04-01,496078,AUD,3,,,496078000
ABS:MERCH_IMP(1.0.0),67,TOT,TOT,M,2015-05-01,558597,AUD,3,,,558597000
ABS:MERCH_IMP(1.0.0),67,TOT,TOT,M,2015-06-01,523579,AUD,3,,,523579000
ABS:MERCH_IMP(1.0.0),67,TOT,TOT,M,2015-07-01,427703,AUD,3,,,427703000
ABS:MERCH_IMP(1.0.0),67,TOT,TOT,M,2015-08-01,423215,AUD,3,,,423215000
ABS:MERCH_IMP(1.0.0),67,TOT,TOT,M,2015-09-01,519886,AUD,3,,,519886000
ABS:MERCH_IMP(1.0.0),67,TOT,TOT,M,2015-10-01,442531,AUD,3,,,442531000
ABS:MERCH_IMP(1.0.0),67,TOT,TOT,M,2015-11-01,258866,AUD,3,,,258866000
ABS:MERCH_IMP(1.0.0),67,TOT,TOT,M,2015-12-01,206339,AUD,3,,,206339000
ABS:MERCH_IMP(1.0.0),67,TOT,TOT,M,2016-01-01,253248,AUD,3,,,253248000
ABS:MERCH_IMP(1.0.0),67,TOT,TOT,M,2016-02-01,252394,AUD,3,,,252394000
ABS:MERCH_IMP(1.0.0),67,TOT,TOT,M,2016-03-01,208462,AUD,3,,,208462000
ABS:MERCH_IMP(1.0.0),67,TOT,TOT,M,2016-04-01,181618,AUD,3,,,181618000
ABS:MERCH_IMP(1.0.0),67,TOT,TOT,M,2016-05-01,180472,AUD,3,,,180472000
ABS:MERCH_IMP(1.0.0),67,TOT,TOT,M,2016-06-01,195737,AUD,3,,,195737000
ABS:MERCH_IMP(1.0.0),67,TOT,TOT,M,2016-07-01,191450,AUD,3,,,191450000
ABS:MERCH_IMP(1.0.0),67,TOT,TOT,M,2016-08-01,218932,AUD,3,,,218932000
ABS:MERCH_IMP(1.0.0),67,TOT,TOT,M,2016-09-01,205271,AUD,3,,,205271000
ABS:MERCH_IMP(1.0.0),67,TOT,TOT,M,2016-10-01,210165,AUD,3,,,210165000
ABS:MERCH_IMP(1.0.0),67,TOT,TOT,M,2016-11-01,226996,AUD,3,,,226996000
ABS:MERCH_IMP(1.0.0),67,TOT,TOT,M,2016-12-01,209075,AUD,3,,,209075000
ABS:MERCH_IMP(1.0.0),67,TOT,TOT,M,2017-01-01,251761,AUD,3,,,251761000
ABS:MERCH_IMP(1.0.0),67,TOT,TOT,M,2017-02-01,202982,AUD,3,,,202982000
ABS:MERCH_IMP(1.0.0),67,TOT,TOT,M,2017-03-01,241715,AUD,3,,,241715000
ABS:MERCH_IMP(1.0.0),67,TOT,TOT,M,2017-04-01,212166,AUD,3,,,212166000
ABS:MERCH_IMP(1.0.0),67,TOT,TOT,M,2017-05-01,281701,AUD,3,,,281701000
ABS:MERCH_IMP(1.0.0),67,TOT,TOT,M,2017-06-01,267676,AUD,3,,,267676000
ABS:MERCH_IMP(1.0.0),67,TOT,TOT,M,2017-07-01,252125,AUD,3,,,252125000
ABS:MERCH_IMP(1.0.0),67,TOT,TOT,M,2017-08-01,268766,AUD,3,,,268766000
ABS:MERCH_IMP(1.0.0),67,TOT,TOT,M,2017-09-01,262804,AUD,3,,,262804000
ABS:MERCH_IMP(1.0.0),67,TOT,TOT,M,2017-10-01,257083,AUD,3,,,257083000
ABS:MERCH_IMP(1.0.0),67,TOT,TOT,M,2017-11-01,286158,AUD,3,,,286158000
ABS:MERCH_IMP(1.0.0),67,TOT,TOT,M,2017-12-01,273205,AUD,3,,,273205000
ABS:MERCH_IMP(1.0.0),67,TOT,TOT,M,2018-01-01,317912,AUD,3,,,317912000
ABS:MERCH_IMP(1.0.0),67,TOT,TOT,M,2018-02-01,333266,AUD,3,,,333266000
ABS:MERCH_IMP(1.0.0),67,TOT,TOT,M,2018-03-01,337344,AUD,3,,,337344000
ABS:MERCH_IMP(1.0.0),67,TOT,TOT,M,2018-04-01,337145,AUD,3,,,337145000
ABS:MERCH_IMP(1.0.0),67,TOT,TOT,M,2018-05-01,386651,AUD,3,,,386651000
ABS:MERCH_IMP(1.0.0),67,TOT,TOT,M,2018-06-01,345931,AUD,3,,,345931000
ABS:MERCH_IMP(1.0.0),67,TOT,TOT,M,2018-07-01,332967,AUD,3,,,332967000
ABS:MERCH_IMP(1.0.0),67,TOT,TOT,M,2018-08-01,287831,AUD,3,,,287831000
ABS:MERCH_IMP(1.0.0),67,TOT,TOT,M,2018-09-01,292182,AUD,3,,,292182000
ABS:MERCH_IMP(1.0.0),67,TOT,TOT,M,2018-10-01,305660,AUD,3,,,305660000
ABS:MERCH_IMP(1.0.0),67,TOT,TOT,M,2018-11-01,372729,AUD,3,,,372729000
ABS:MERCH_IMP(1.0.0),67,TOT,TOT,M,2018-12-01,251256,AUD,3,,,251256000
ABS:MERCH_IMP(1.0.0),67,TOT,TOT,M,2019-01-01,355905,AUD,3,,,355905000
ABS:MERCH_IMP(1.0.0),67,TOT,TOT,M,2019-02-01,298440,AUD,3,,,298440000
ABS:MERCH_IMP(1.0.0),67,TOT,TOT,M,2019-03-01,255946,AUD,3,,,255946000
ABS:MERCH_IMP(1.0.0),67,TOT,TOT,M,2019-04-01,249045,AUD,3,,,249045000
ABS:MERCH_IMP(1.0.0),67,TOT,TOT,M,2019-05-01,293837,AUD,3,,,293837000
ABS:MERCH_IMP(1.0.0),67,TOT,TOT,M,2019-06-01,267899,AUD,3,,,267899000
ABS:MERCH_IMP(1.0.0),67,TOT,TOT,M,2019-07-01,251026,AUD,3,,,251026000
ABS:MERCH_IMP(1.0.0),67,TOT,TOT,M,2019-08-01,268892,AUD,3,,,268892000
ABS:MERCH_IMP(1.0.0),67,TOT,TOT,M,2019-09-01,252799,AUD,3,,,252799000
ABS:MERCH_IMP(1.0.0),67,TOT,TOT,M,2019-10-01,294903,AUD,3,,,294903000
ABS:MERCH_IMP(1.0.0),67,TOT,TOT,M,2019-11-01,282052,AUD,3,,,282052000
ABS:MERCH_IMP(1.0.0),67,TOT,TOT,M,2019-12-01,199592,AUD,3,,,199592000
ABS:MERCH_IMP(1.0.0),67,TOT,TOT,M,2020-01-01,343196,AUD,3,,,343196000
ABS:MERCH_IMP(1.0.0),67,TOT,TOT,M,2020-02-01,241393,AUD,3,,,241393000
ABS:MERCH_IMP(1.0.0),67,TOT,TOT,M,2020-03-01,244301,AUD,3,,,244301000
ABS:MERCH_IMP(1.0.0),67,TOT,TOT,M,2020-04-01,244344,AUD,3,,,244344000
ABS:MERCH_IMP(1.0.0),67,TOT,TOT,M,2020-05-01,280363,AUD,3,,,280363000
ABS:MERCH_IMP(1.0.0),67,TOT,TOT,M,2020-06-01,257720,AUD,3,,,257720000
ABS:MERCH_IMP(1.0.0),67,TOT,TOT,M,2020-07-01,287611,AUD,3,,,287611000
ABS:MERCH_IMP(1.0.0),67,TOT,TOT,M,2020-08-01,259159,AUD,3,,,259159000
ABS:MERCH_IMP(1.0.0),67,TOT,TOT,M,2020-09-01,259699,AUD,3,,,259699000
ABS:MERCH_IMP(1.0.0),67,TOT,TOT,M,2020-10-01,233689,AUD,3,,,233689000
ABS:MERCH_IMP(1.0.0),67,TOT,TOT,M,2020-11-01,247931,AUD,3,,,247931000
ABS:MERCH_IMP(1.0.0),67,TOT,TOT,M,2020-12-01,235357,AUD,3,,,235357000
ABS:MERCH_IMP(1.0.0),67,TOT,TOT,M,2021-01-01,224909,AUD,3,,,224909000
ABS:MERCH_IMP(1.0.0),67,TOT,TOT,M,2021-02-01,231668,AUD,3,,,231668000
ABS:MERCH_IMP(1.0.0),67,TOT,TOT,M,2021-03-01,309912,AUD,3,,,309912000
ABS:MERCH_IMP(1.0.0),67,TOT,TOT,M,2021-04-01,263971,AUD,3,,,263971000
ABS:MERCH_IMP(1.0.0),67,TOT,TOT,M,2021-05-01,274943,AUD,3,,,274943000
ABS:MERCH_IMP(1.0.0),67,TOT,TOT,M,2021-06-01,265205,AUD,3,,,265205000
ABS:MERCH_IMP(1.0.0),67,TOT,TOT,M,2021-07-01,277020,AUD,3,,,277020000
ABS:MERCH_IMP(1.0.0),67,TOT,TOT,M,2021-08-01,343269,AUD,3,,,343269000
ABS:MERCH_IMP(1.0.0),67,TOT,TOT,M,2021-09-01,407079,AUD,3,,,407079000
ABS:MERCH_IMP(1.0.0),67,TOT,TOT,M,2021-10-01,399162,AUD,3,,,399162000
ABS:MERCH_IMP(1.0.0),67,TOT,TOT,M,2021-11-01,528856,AUD,3,,,528856000
ABS:MERCH_IMP(1.0.0),67,TOT,TOT,M,2021-12-01,523696,AUD,3,,,523696000
ABS:MERCH_IMP(1.0.0),67,TOT,TOT,M,2022-01-01,476864,AUD,3,,,476864000
ABS:MERCH_IMP(1.0.0),67,TOT,TOT,M,2022-02-01,460786,AUD,3,,,460786000
ABS:MERCH_IMP(1.0.0),67,TOT,TOT,M,2022-03-01,480727,AUD,3,,,480727000
ABS:MERCH_IMP(1.0.0),67,TOT,TOT,M,2022-04-01,402974,AUD,3,,,402974000
ABS:MERCH_IMP(1.0.0),67,TOT,TOT,M,2022-05-01,434344,AUD,3,,,434344000
ABS:MERCH_IMP(1.0.0),67,TOT,TOT,M,2022-06-01,456936,AUD,3,,,456936000
ABS:MERCH_IMP(1.0.0),67,TOT,TOT,M,2022-07-01,418455,AUD,3,,,418455000
ABS:MERCH_IMP(1.0.0),67,TOT,TOT,M,2022-08-01,468373,AUD,3,,,468373000
ABS:MERCH_IMP(1.0.0),67,TOT,TOT,M,2022-09-01,429148,AUD,3,,,429148000
ABS:MERCH_IMP(1.0.0),67,TOT,TOT,M,2022-10-01,463407,AUD,3,,,463407000
ABS:MERCH_IMP(1.0.0),67,TOT,TOT,M,2022-11-01,424893,AUD,3,,,424893000
ABS:MERCH_IMP(1.0.0),67,TOT,TOT,M,2022-12-01,298497,AUD,3,,,298497000
ABS:MERCH_IMP(1.0.0),67,TOT,TOT,M,2023-01-01,340139,AUD,3,,,340139000
ABS:MERCH_IMP(1.0.0),67,TOT,TOT,M,2023-02-01,315215,AUD,3,,,315215000
ABS:MERCH_IMP(1.0.0),67,TOT,TOT,M,2023-03-01,369112,AUD,3,,,369112000
ABS:MERCH_IMP(1.0.0),67,TOT,TOT,M,2023-04-01,325166,AUD,3,,,325166000
ABS:MERCH_IMP(1.0.0),67,TOT,TOT,M,2023-05-01,444595,AUD,3,,,444595000
ABS:MERCH_IMP(1.0.0),67,TOT,TOT,M,2023-06-01,377734,AUD,3,,,377734000
ABS:MERCH_IMP(1.0.0),67,TOT,TOT,M,2023-07-01,407216,AUD,3,,,407216000
ABS:MERCH_IMP(1.0.0),67,TOT,TOT,M,2023-08-01,389622,AUD,3,,,389622000
ABS:MERCH_IMP(1.0.0),67,TOT,TOT,M,2023-09-01,433194,AUD,3,,,433194000
ABS:MERCH_IMP(1.0.0),67,TOT,TOT,M,2023-10-01,443370,AUD,3,,,443370000
ABS:MERCH_IMP(1.0.0),67,TOT,TOT,M,2023-11-01,508773,AUD,3,,,508773000
ABS:MERCH_IMP(1.0.0),67,TOT,TOT,M,2023-12-01,391506,AUD,3,,,391506000
ABS:MERCH_IMP(1.0.0),67,TOT,TOT,M,2024-01-01,438852,AUD,3,,,438852000
ABS:MERCH_IMP(1.0.0),67,TOT,TOT,M,2024-02-01,566560,AUD,3,,,566560000
ABS:MERCH_IMP(1.0.0),67,TOT,TOT,M,2024-03-01,534163,AUD,3,,,534163000
ABS:MERCH_IMP(1.0.0),67,TOT,TOT,M,2024-04-01,491436,AUD,3,,,491436000
ABS:MERCH_IMP(1.0.0),67,TOT,TOT,M,2024-05-01,617591,AUD,3,,,617591000
ABS:MERCH_IMP(1.0.0),67,TOT,TOT,M,2024-06-01,474918,AUD,3,,,474918000
ABS:MERCH_IMP(1.0.0),67,TOT,TOT,M,2024-07-01,536949,AUD,3,,,536949000
ABS:MERCH_IMP(1.0.0),67,TOT,TOT,M,2024-08-01,498267,AUD,3,,,498267000
ABS:MERCH_IMP(1.0.0),67,TOT,TOT,M,2024-09-01,475862,AUD,3,,,475862000
ABS:MERCH_IMP(1.0.0),67,TOT,TOT,M,2024-10-01,481167,AUD,3,,,481167000
ABS:MERCH_IMP(1.0.0),67,TOT,TOT,M,2024-11-01,382013,AUD,3,,,382013000
ABS:MERCH_IMP(1.0.0),67,TOT,TOT,M,2024-12-01,453527,AUD,3,,,453527000
ABS:MERCH_IMP(1.0.0),67,TOT,TOT,M,2025-01-01,579719,AUD,3,,,579719000
ABS:MERCH_IMP(1.0.0),67,TOT,TOT,M,2025-02-01,446503,AUD,3,,,446503000
ABS:MERCH_IMP(1.0.0),67,TOT,TOT,M,2025-03-01,442160,AUD,3,,,442160000
ABS:MERCH_IMP(1.0.0),67,TOT,TOT,M,2025-04-01,476595,AUD,3,,,476595000
ABS:MERCH_IMP(1.0.0),67,TOT,TOT,M,2025-05-01,501673,AUD,3,,,501673000
ABS:MERCH_IMP(1.0.0),67,TOT,TOT,M,2025-06-01,420842,AUD,3,,,420842000
ABS:MERCH_IMP(1.0.0),67,TOT,TOT,M,2025-07-01,442054,AUD,3,,,442054000
ABS:MERCH_IMP(1.0.0),67,TOT,TOT,M,2025-08-01,386831,AUD,3,,,386831000
ABS:MERCH_IMP(1.0.0),67,TOT,TOT,M,2025-09-01,437439,AUD,3,,,437439000
ABS:MERCH_IMP(1.0.0),67,TOT,TOT,M,2025-10-01,438953,AUD,3,,,438953000
ABS:MERCH_IMP(1.0.0),67,TOT,TOT,M,2025-11-01,382671,AUD,3,,,382671000
ABS:MERCH_IMP(1.0.0),67,TOT,TOT,M,2025-12-01,405647,AUD,3,,,405647000
ABS:MERCH_IMP(1.0.0),67,TOT,TOT,M,2026-01-01,430386,AUD,3,,,430386000
ABS:MERCH_IMP(1.0.0),67,TOT,TOT,M,2026-02-01,377505,AUD,3,,,377505000
ABS:MERCH_IMP(1.0.0),67,TOT,TOT,M,2026-03-01,370523,AUD,3,,,370523000
ABS:MERCH_IMP(1.0.0),67,TOT,TOT,M,2026-04-01,371899,AUD,3,,,371899000
ABS:MERCH_IMP(1.0.0),67,TOT,TOT,M,2026-05-01,331542,AUD,3,,,331542000
ABS:MERCH_IMP(1.0.0),67,TOT,TOT,M,2026-06-01,412587,AUD,3,,,412587000
ABS:MERCH_IMP(1.0.0),67,TOT,TOT,M,2026-07-01,484880,AUD,3,,,484880000
ABS:MERCH_IMP(1.0.0),67,MACA,TOT,M,2021-02-01,2,AUD,3,,,2000
ABS:MERCH_IMP(1.0.0),67,MACA,TOT,M,2023-01-01,1,AUD,3,,,1000
ABS:MERCH_IMP(1.0.0),67,SAFR,TOT,M,2015-01-01,3389,AUD,3,,,3389000
ABS:MERCH_IMP(1.0.0),67,SAFR,TOT,M,2015-02-01,2623,AUD,3,,,2623000
ABS:MERCH_IMP(1.0.0),67,SAFR,TOT,M,2015-03-01,2789,AUD,3,,,2789000
ABS:MERCH_IMP(1.0.0),67,SAFR,TOT,M,2015-04-01,1828,AUD,3,,,1828000
ABS:MERCH_IMP(1.0.0),67,SAFR,TOT,M,2015-05-01,2244,AUD,3,,,2244000
ABS:MERCH_IMP(1.0.0),67,SAFR,TOT,M,2015-06-01,1219,AUD,3,,,1219000
ABS:MERCH_IMP(1.0.0),67,SAFR,TOT,M,2015-07-01,2651,AUD,3,,,2651000
ABS:MERCH_IMP(1.0.0),67,SAFR,TOT,M,2015-08-01,2194,AUD,3,,,2194000
ABS:MERCH_IMP(1.0.0),67,SAFR,TOT,M,2015-09-01,958,AUD,3,,,958000
ABS:MERCH_IMP(1.0.0),67,SAFR,TOT,M,2015-10-01,2912,AUD,3,,,2912000
ABS:MERCH_IMP(1.0.0),67,SAFR,TOT,M,2015-11-01,2355,AUD,3,,,2355000
ABS:MERCH_IMP(1.0.0),67,SAFR,TOT,M,2015-12-01,1856,AUD,3,,,1856000
ABS:MERCH_IMP(1.0.0),67,SAFR,TOT,M,2016-01-01,1651,AUD,3,,,1651000
ABS:MERCH_IMP(1.0.0),67,SAFR,TOT,M,2016-02-01,1632,AUD,3,,,1632000
ABS:MERCH_IMP(1.0.0),67,SAFR,TOT,M,2016-03-01,2233,AUD,3,,,2233000
ABS:MERCH_IMP(1.0.0),67,SAFR,TOT,M,2016-04-01,919,AUD,3,,,919000
ABS:MERCH_IMP(1.0.0),67,SAFR,TOT,M,2016-05-01,1726,AUD,3,,,1726000
ABS:MERCH_IMP(1.0.0),67,SAFR,TOT,M,2016-06-01,1831,AUD,3,,,1831000
ABS:MERCH_IMP(1.0.0),67,SAFR,TOT,M,2016-07-01,1288,AUD,3,,,1288000
ABS:MERCH_IMP(1.0.0),67,SAFR,TOT,M,2016-08-01,2450,AUD,3,,,2450000
ABS:MERCH_IMP(1.0.0),67,SAFR,TOT,M,2016-09-01,1430,AUD,3,,,1430000
ABS:MERCH_IMP(1.0.0),67,SAFR,TOT,M,2016-10-01,1224,AUD,3,,,1224000
ABS:MERCH_IMP(1.0.0),67,SAFR,TOT,M,2016-11-01,1905,AUD,3,,,1905000
ABS:MERCH_IMP(1.0.0),67,SAFR,TOT,M,2016-12-01,1872,AUD,3,,,1872000
ABS:MERCH_IMP(1.0.0),67,SAFR,TOT,M,2017-01-01,1963,AUD,3,,,1963000
ABS:MERCH_IMP(1.0.0),67,SAFR,TOT,M,2017-02-01,1322,AUD,3,,,1322000
ABS:MERCH_IMP(1.0.0),67,SAFR,TOT,M,2017-03-01,952,AUD,3,,,952000
ABS:MERCH_IMP(1.0.0),67,SAFR,TOT,M,2017-04-01,2650,AUD,3,,,2650000
ABS:MERCH_IMP(1.0.0),67,SAFR,TOT,M,2017-05-01,1793,AUD,3,,,1793000
ABS:MERCH_IMP(1.0.0),67,SAFR,TOT,M,2017-06-01,2448,AUD,3,,,2448000
ABS:MERCH_IMP(1.0.0),67,SAFR,TOT,M,2017-07-01,2876,AUD,3,,,2876000
ABS:MERCH_IMP(1.0.0),67,SAFR,TOT,M,2017-08-01,2384,AUD,3,,,2384000
ABS:MERCH_IMP(1.0.0),67,SAFR,TOT,M,2017-09-01,1995,AUD,3,,,1995000
ABS:MERCH_IMP(1.0.0),67,SAFR,TOT,M,2017-10-01,1958,AUD,3,,,1958000
ABS:MERCH_IMP(1.0.0),67,SAFR,TOT,M,2017-11-01,1930,AUD,3,,,1930000
ABS:MERCH_IMP(1.0.0),67,SAFR,TOT,M,2017-12-01,2617,AUD,3,,,2617000
ABS:MERCH_IMP(1.0.0),67,SAFR,TOT,M,2018-01-01,2611,AUD,3,,,2611000
ABS:MERCH_IMP(1.0.0),67,SAFR,TOT,M,2018-02-01,2795,AUD,3,,,2795000
ABS:MERCH_IMP(1.0.0),67,SAFR,TOT,M,2018-03-01,2884,AUD,3,,,2884000
ABS:MERCH_IMP(1.0.0),67,SAFR,TOT,M,2018-04-01,3593,AUD,3,,,3593000
ABS:MERCH_IMP(1.0.0),67,SAFR,TOT,M,2018-05-01,5145,AUD,3,,,5145000
ABS:MERCH_IMP(1.0.0),67,SAFR,TOT,M,2018-06-01,2944,AUD,3,,,2944000
ABS:MERCH_IMP(1.0.0),67,SAFR,TOT,M,2018-07-01,3318,AUD,3,,,3318000
ABS:MERCH_IMP(1.0.0),67,SAFR,TOT,M,2018-08-01,5599,AUD,3,,,5599000
ABS:MERCH_IMP(1.0.0),67,SAFR,TOT,M,2018-09-01,6205,AUD,3,,,6205000
ABS:MERCH_IMP(1.0.0),67,SAFR,TOT,M,2018-10-01,5098,AUD,3,,,5098000
ABS:MERCH_IMP(1.0.0),67,SAFR,TOT,M,2018-11-01,6290,AUD,3,,,6290000
ABS:MERCH_IMP(1.0.0),67,SAFR,TOT,M,2018-12-01,5296,AUD,3,,,5296000
ABS:MERCH_IMP(1.0.0),67,SAFR,TOT,M,2019-01-01,3933,AUD,3,,,3933000
ABS:MERCH_IMP(1.0.0),67,SAFR,TOT,M,2019-02-01,6419,AUD,3,,,6419000
ABS:MERCH_IMP(1.0.0),67,SAFR,TOT,M,2019-03-01,2279,AUD,3,,,2279000
ABS:MERCH_IMP(1.0.0),67,SAFR,TOT,M,2019-04-01,3533,AUD,3,,,3533000
ABS:MERCH_IMP(1.0.0),67,SAFR,TOT,M,2019-05-01,4985,AUD,3,,,4985000
ABS:MERCH_IMP(1.0.0),67,SAFR,TOT,M,2019-06-01,1922,AUD,3,,,1922000
ABS:MERCH_IMP(1.0.0),67,SAFR,TOT,M,2019-07-01,2952,AUD,3,,,2952000
ABS:MERCH_IMP(1.0.0),67,SAFR,TOT,M,2019-08-01,2953,AUD,3,,,2953000
ABS:MERCH_IMP(1.0.0),67,SAFR,TOT,M,2019-09-01,1975,AUD,3,,,1975000
ABS:MERCH_IMP(1.0.0),67,SAFR,TOT,M,2019-10-01,4403,AUD,3,,,4403000
ABS:MERCH_IMP(1.0.0),67,SAFR,TOT,M,2019-11-01,3243,AUD,3,,,3243000
ABS:MERCH_IMP(1.0.0),67,SAFR,TOT,M,2019-12-01,2656,AUD,3,,,2656000
ABS:MERCH_IMP(1.0.0),67,SAFR,TOT,M,2020-01-01,3626,AUD,3,,,3626000
ABS:MERCH_IMP(1.0.0),67,SAFR,TOT,M,2020-02-01,985,AUD,3,,,985000
ABS:MERCH_IMP(1.0.0),67,SAFR,TOT,M,2020-03-01,2437,AUD,3,,,2437000
ABS:MERCH_IMP(1.0.0),67,SAFR,TOT,M,2020-04-01,2934,AUD,3,,,2934000
ABS:MERCH_IMP(1.0.0),67,SAFR,TOT,M,2020-05-01,828,AUD,3,,,828000
ABS:MERCH_IMP(1.0.0),67,SAFR,TOT,M,2020-06-01,2060,AUD,3,,,2060000
ABS:MERCH_IMP(1.0.0),67,SAFR,TOT,M,2020-07-01,1815,AUD,3,,,1815000
ABS:MERCH_IMP(1.0.0),67,SAFR,TOT,M,2020-08-01,2170,AUD,3,,,2170000
ABS:MERCH_IMP(1.0.0),67,SAFR,TOT,M,2020-09-01,1686,AUD,3,,,1686000
ABS:MERCH_IMP(1.0.0),67,SAFR,TOT,M,2020-10-01,3238,AUD,3,,,3238000
ABS:MERCH_IMP(1.0.0),67,SAFR,TOT,M,2020-11-01,2724,AUD,3,,,2724000
ABS:MERCH_IMP(1.0.0),67,SAFR,TOT,M,2020-12-01,1041,AUD,3,,,1041000
ABS:MERCH_IMP(1.0.0),67,SAFR,TOT,M,2021-01-01,1074,AUD,3,,,1074000
ABS:MERCH_IMP(1.0.0),67,SAFR,TOT,M,2021-02-01,596,AUD,3,,,596000
ABS:MERCH_IMP(1.0.0),67,SAFR,TOT,M,2021-03-01,1288,AUD,3,,,1288000
ABS:MERCH_IMP(1.0.0),67,SAFR,TOT,M,2021-04-01,2851,AUD,3,,,2851000
ABS:MERCH_IMP(1.0.0),67,SAFR,TOT,M,2021-05-01,3197,AUD,3,,,3197000
ABS:MERCH_IMP(1.0.0),67,SAFR,TOT,M,2021-06-01,2286,AUD,3,,,2286000
ABS:MERCH_IMP(1.0.0),67,SAFR,TOT,M,2021-07-01,1396,AUD,3,,,1396000
ABS:MERCH_IMP(1.0.0),67,SAFR,TOT,M,2021-08-01,2110,AUD,3,,,2110000
ABS:MERCH_IMP(1.0.0),67,SAFR,TOT,M,2021-09-01,1300,AUD,3,,,1300000
ABS:MERCH_IMP(1.0.0),67,SAFR,TOT,M,2021-10-01,4559,AUD,3,,,4559000
ABS:MERCH_IMP(1.0.0),67,SAFR,TOT,M,2021-11-01,532,AUD,3,,,532000
ABS:MERCH_IMP(1.0.0),67,SAFR,TOT,M,2021-12-01,1990,AUD,3,,,1990000
ABS:MERCH_IMP(1.0.0),67,SAFR,TOT,M,2022-01-01,5209,AUD,3,,,5209000
ABS:MERCH_IMP(1.0.0),67,SAFR,TOT,M,2022-02-01,4571,AUD,3,,,4571000
ABS:MERCH_IMP(1.0.0),67,SAFR,TOT,M,2022-03-01,3509,AUD,3,,,3509000
ABS:MERCH_IMP(1.0.0),67,SAFR,TOT,M,2022-04-01,5352,AUD,3,,,5352000
ABS:MERCH_IMP(1.0.0),67,SAFR,TOT,M,2022-05-01,4706,AUD,3,,,4706000
ABS:MERCH_IMP(1.0.0),67,SAFR,TOT,M,2022-06-01,3742,AUD,3,,,3742000
ABS:MERCH_IMP(1.0.0),67,SAFR,TOT,M,2022-07-01,3014,AUD,3,,,3014000
ABS:MERCH_IMP(1.0.0),67,SAFR,TOT,M,2022-08-01,5814,AUD,3,,,5814000
ABS:MERCH_IMP(1.0.0),67,SAFR,TOT,M,2022-09-01,2267,AUD,3,,,2267000
ABS:MERCH_IMP(1.0.0),67,SAFR,TOT,M,2022-10-01,8131,AUD,3,,,8131000
ABS:MERCH_IMP(1.0.0),67,SAFR,TOT,M,2022-11-01,3785,AUD,3,,,3785000
ABS:MERCH_IMP(1.0.0),67,SAFR,TOT,M,2022-12-01,4810,AUD,3,,,4810000
ABS:MERCH_IMP(1.0.0),67,SAFR,TOT,M,2023-01-01,2913,AUD,3,,,2913000
ABS:MERCH_IMP(1.0.0),67,SAFR,TOT,M,2023-02-01,1524,AUD,3,,,1524000
ABS:MERCH_IMP(1.0.0),67,SAFR,TOT,M,2023-03-01,1260,AUD,3,,,1260000
ABS:MERCH_IMP(1.0.0),67,SAFR,TOT,M,2023-04-01,2418,AUD,3,,,2418000
ABS:MERCH_IMP(1.0.0),67,SAFR,TOT,M,2023-05-01,3276,AUD,3,,,3276000
ABS:MERCH_IMP(1.0.0),67,SAFR,TOT,M,2023-06-01,4226,AUD,3,,,4226000
ABS:MERCH_IMP(1.0.0),67,SAFR,TOT,M,2023-07-01,2712,AUD,3,,,2712000
ABS:MERCH_IMP(1.0.0),67,SAFR,TOT,M,2023-08-01,1982,AUD,3,,,1982000
ABS:MERCH_IMP(1.0.0),67,SAFR,TOT,M,2023-09-01,2515,AUD,3,,,2515000
ABS:MERCH_IMP(1.0.0),67,SAFR,TOT,M,2023-10-01,1879,AUD,3,,,1879000
ABS:MERCH_IMP(1.0.0),67,SAFR,TOT,M,2023-11-01,1540,AUD,3,,,1540000
ABS:MERCH_IMP(1.0.0),67,SAFR,TOT,M,2023-12-01,1213,AUD,3,,,1213000
ABS:MERCH_IMP(1.0.0),67,SAFR,TOT,M,2024-01-01,2521,AUD,3,,,2521000
ABS:MERCH_IMP(1.0.0),67,SAFR,TOT,M,2024-02-01,419,AUD,3,,,419000
ABS:MERCH_IMP(1.0.0),67,SAFR,TOT,M,2024-03-01,2406,AUD,3,,,2406000
ABS:MERCH_IMP(1.0.0),67,SAFR,TOT,M,2024-04-01,3408,AUD,3,,,3408000
ABS:MERCH_IMP(1.0.0),67,SAFR,TOT,M,2024-05-01,2778,AUD,3,,,2778000
ABS:MERCH_IMP(1.0.0),67,SAFR,TOT,M,2024-06-01,3803,AUD,3,,,3803000
ABS:MERCH_IMP(1.0.0),67,SAFR,TOT,M,2024-07-01,4856,AUD,3,,,4856000
ABS:MERCH_IMP(1.0.0),67,SAFR,TOT,M,2024-08-01,1313,AUD,3,,,1313000
ABS:MERCH_IMP(1.0.0),67,SAFR,TOT,M,2024-09-01,2778,AUD,3,,,2778000
ABS:MERCH_IMP(1.0.0),67,SAFR,TOT,M,2024-10-01,836,AUD,3,,,836000
ABS:MERCH_IMP(1.0.0),67,SAFR,TOT,M,2024-11-01,1415,AUD,3,,,1415000
ABS:MERCH_IMP(1.0.0),67,SAFR,TOT,M,2024-12-01,1305,AUD,3,,,1305000
ABS:MERCH_IMP(1.0.0),67,SAFR,TOT,M,2025-01-01,1593,AUD,3,,,1593000
ABS:MERCH_IMP(1.0.0),67,SAFR,TOT,M,2025-02-01,3011,AUD,3,,,3011000
ABS:MERCH_IMP(1.0.0),67,SAFR,TOT,M,2025-03-01,1362,AUD,3,,,1362000
ABS:MERCH_IMP(1.0.0),67,SAFR,TOT,M,2025-04-01,2121,AUD,3,,,2121000
ABS:MERCH_IMP(1.0.0),67,SAFR,TOT,M,2025-05-01,2163,AUD,3,,,2163000
ABS:MERCH_IMP(1.0.0),67,SAFR,TOT,M,2025-06-01,2895,AUD,3,,,2895000
ABS:MERCH_IMP(1.0.0),67,SAFR,TOT,M,2025-07-01,863,AUD,3,,,863000
ABS:MERCH_IMP(1.0.0),67,SAFR,TOT,M,2025-08-01,1569,AUD,3,,,1569000
ABS:MERCH_IMP(1.0.0),67,SAFR,TOT,M,2025-09-01,1292,AUD,3,,,1292000
ABS:MERCH_IMP(1.0.0),67,SAFR,TOT,M,2025-10-01,4871,AUD,3,,,4871000
ABS:MERCH_IMP(1.0.0),67,SAFR,TOT,M,2025-11-01,3226,AUD,3,,,3226000
ABS:MERCH_IMP(1.0.0),67,SAFR,TOT,M,2025-12-01,3066,AUD,3,,,3066000
ABS:MERCH_IMP(1.0.0),67,SAFR,TOT,M,2026-01-01,2523,AUD,3,,,2523000
ABS:MERCH_IMP(1.0.0),67,SAFR,TOT,M,2026-02-01,1495,AUD,3,,,1495000
ABS:MERCH_IMP(1.0.0),67,SAFR,TOT,M,2026-03-01,1134,AUD,3,,,1134000
ABS:MERCH_IMP(1.0.0),67,SAFR,TOT,M,2026-04-01,1597,AUD,3,,,1597000
ABS:MERCH_IMP(1.0.0),67,SAFR,TOT,M,2026-05-01,1889,AUD,3,,,1889000
ABS:MERCH_IMP(1.0.0),67,SAFR,TOT,M,2026-06-01,1390,AUD,3,,,1390000
ABS:MERCH_IMP(1.0.0),67,SAFR,TOT,M,2026-07-01,1554,AUD,3,,,1554000
ABS:MERCH_IMP(1.0.0),67,ARGE,TOT,M,2015-01-01,407,AUD,3,,,407000
ABS:MERCH_IMP(1.0.0),67,ARGE,TOT,M,2015-02-01,74,AUD,3,,,74000
ABS:MERCH_IMP(1.0.0),67,ARGE,TOT,M,2015-03-01,3,AUD,3,,,3000
ABS:MERCH_IMP(1.0.0),67,ARGE,TOT,M,2015-04-01,119,AUD,3,,,119000
ABS:MERCH_IMP(1.0.0),67,ARGE,TOT,M,2015-05-01,3,AUD,3,,,3000
ABS:MERCH_IMP(1.0.0),67,ARGE,TOT,M,2015-06-01,9134,AUD,3,,,9134000
ABS:MERCH_IMP(1.0.0),67,ARGE,TOT,M,2015-08-01,71,AUD,3,,,71000
ABS:MERCH_IMP(1.0.0),67,ARGE,TOT,M,2015-09-01,31,AUD,3,,,31000
ABS:MERCH_IMP(1.0.0),67,ARGE,TOT,M,2015-10-01,2,AUD,3,,,2000
ABS:MERCH_IMP(1.0.0),67,ARGE,TOT,M,2015-11-01,135,AUD,3,,,135000
ABS:MERCH_IMP(1.0.0),67,ARGE,TOT,M,2015-12-01,46,AUD,3,,,46000
ABS:MERCH_IMP(1.0.0),67,ARGE,TOT,M,2016-01-01,116,AUD,3,,,116000
ABS:MERCH_IMP(1.0.0),67,ARGE,TOT,M,2016-02-01,119,AUD,3,,,119000
ABS:MERCH_IMP(1.0.0),67,ARGE,TOT,M,2016-03-01,161,AUD,3,,,161000
ABS:MERCH_IMP(1.0.0),67,ARGE,TOT,M,2016-04-01,1,AUD,3,,,1000
ABS:MERCH_IMP(1.0.0),67,ARGE,TOT,M,2016-05-01,269,AUD,3,,,269000
ABS:MERCH_IMP(1.0.0),67,ARGE,TOT,M,2016-06-01,281,AUD,3,,,281000
ABS:MERCH_IMP(1.0.0),67,ARGE,TOT,M,2016-07-01,104,AUD,3,,,104000
ABS:MERCH_IMP(1.0.0),67,ARGE,TOT,M,2016-08-01,15,AUD,3,,,15000
ABS:MERCH_IMP(1.0.0),67,ARGE,TOT,M,2016-11-01,7,AUD,3,,,7000
ABS:MERCH_IMP(1.0.0),67,ARGE,TOT,M,2017-01-01,85,AUD,3,,,85000
ABS:MERCH_IMP(1.0.0),67,ARGE,TOT,M,2017-02-01,52,AUD,3,,,52000
ABS:MERCH_IMP(1.0.0),67,ARGE,TOT,M,2017-03-01,67,AUD,3,,,67000
ABS:MERCH_IMP(1.0.0),67,ARGE,TOT,M,2017-04-01,201,AUD,3,,,201000
ABS:MERCH_IMP(1.0.0),67,ARGE,TOT,M,2017-05-01,34,AUD,3,,,34000
ABS:MERCH_IMP(1.0.0),67,ARGE,TOT,M,2017-06-01,1,AUD,3,,,1000
ABS:MERCH_IMP(1.0.0),67,ARGE,TOT,M,2017-07-01,51,AUD,3,,,51000
ABS:MERCH_IMP(1.0.0),67,ARGE,TOT,M,2017-08-01,62,AUD,3,,,62000
ABS:MERCH_IMP(1.0.0),67,ARGE,TOT,M,2017-09-01,64,AUD,3,,,64000
ABS:MERCH_IMP(1.0.0),67,ARGE,TOT,M,2017-10-01,446,AUD,3,,,446000
ABS:MERCH_IMP(1.0.0),67,ARGE,TOT,M,2017-11-01,102,AUD,3,,,102000
ABS:MERCH_IMP(1.0.0),67,ARGE,TOT,M,2017-12-01,916,AUD,3,,,916000
ABS:MERCH_IMP(1.0.0),67,ARGE,TOT,M,2018-01-01,51,AUD,3,,,51000
ABS:MERCH_IMP(1.0.0),67,ARGE,TOT,M,2018-02-01,210,AUD,3,,,210000
ABS:MERCH_IMP(1.0.0),67,ARGE,TOT,M,2018-03-01,383,AUD,3,,,383000
ABS:MERCH_IMP(1.0.0),67,ARGE,TOT,M,2018-05-01,142,AUD,3,,,142000
ABS:MERCH_IMP(1.0.0),67,ARGE,TOT,M,2018-06-01,3,AUD,3,,,3000
ABS:MERCH_IMP(1.0.0),67,ARGE,TOT,M,2018-08-01,6,AUD,3,,,6000
ABS:MERCH_IMP(1.0.0),67,ARGE,TOT,M,2018-09-01,86,AUD,3,,,86000
ABS:MERCH_IMP(1.0.0),67,ARGE,TOT,M,2018-10-01,7,AUD,3,,,7000
ABS:MERCH_IMP(1.0.0),67,ARGE,TOT,M,2018-11-01,74,AUD,3,,,74000
ABS:MERCH_IMP(1.0.0),67,ARGE,TOT,M,2018-12-01,74,AUD,3,,,74000
ABS:MERCH_IMP(1.0.0),67,ARGE,TOT,M,2019-02-01,2,AUD,3,,,2000
ABS:MERCH_IMP(1.0.0),67,ARGE,TOT,M,2019-03-01,53,AUD,3,,,53000
ABS:MERCH_IMP(1.0.0),67,ARGE,TOT,M,2019-05-01,2281,AUD,3,,,2281000
ABS:MERCH_IMP(1.0.0),67,ARGE,TOT,M,2019-07-01,336,AUD,3,,,336000
ABS:MERCH_IMP(1.0.0),67,ARGE,TOT,M,2019-08-01,2,AUD,3,,,2000
ABS:MERCH_IMP(1.0.0),67,ARGE,TOT,M,2019-09-01,4,AUD,3,,,4000
ABS:MERCH_IMP(1.0.0),67,ARGE,TOT,M,2019-10-01,367,AUD,3,,,367000
ABS:MERCH_IMP(1.0.0),67,ARGE,TOT,M,2019-11-01,1135,AUD,3,,,1135000
ABS:MERCH_IMP(1.0.0),67,ARGE,TOT,M,2019-12-01,19,AUD,3,,,19000
ABS:MERCH_IMP(1.0.0),67,ARGE,TOT,M,2020-01-01,1139,AUD,3,,,1139000
ABS:MERCH_IMP(1.0.0),67,ARGE,TOT,M,2020-02-01,69,AUD,3,,,69000
ABS:MERCH_IMP(1.0.0),67,ARGE,TOT,M,2020-03-01,3109,AUD,3,,,3109000
ABS:MERCH_IMP(1.0.0),67,ARGE,TOT,M,2020-04-01,1,AUD,3,,,1000
ABS:MERCH_IMP(1.0.0),67,ARGE,TOT,M,2020-06-01,84,AUD,3,,,84000
ABS:MERCH_IMP(1.0.0),67,ARGE,TOT,M,2020-08-01,420,AUD,3,,,420000
ABS:MERCH_IMP(1.0.0),67,ARGE,TOT,M,2020-09-01,38,AUD,3,,,38000
ABS:MERCH_IMP(1.0.0),67,ARGE,TOT,M,2020-10-01,986,AUD,3,,,986000
ABS:MERCH_IMP(1.0.0),67,ARGE,TOT,M,2020-11-01,72,AUD,3,,,72000
ABS:MERCH_IMP(1.0.0),67,ARGE,TOT,M,2020-12-01,181,AUD,3,,,181000
ABS:MERCH_IMP(1.0.0),67,ARGE,TOT,M,2021-03-01,55,AUD,3,,,55000
ABS:MERCH_IMP(1.0.0),67,ARGE,TOT,M,2021-04-01,119,AUD,3,,,119000
ABS:MERCH_IMP(1.0.0),67,ARGE,TOT,M,2021-05-01,3,AUD,3,,,3000
ABS:MERCH_IMP(1.0.0),67,ARGE,TOT,M,2021-07-01,6,AUD,3,,,6000
ABS:MERCH_IMP(1.0.0),67,ARGE,TOT,M,2021-09-01,108,AUD,3,,,108000
ABS:MERCH_IMP(1.0.0),67,ARGE,TOT,M,2021-10-01,84,AUD,3,,,84000
ABS:MERCH_IMP(1.0.0),67,ARGE,TOT,M,2021-11-01,5,AUD,3,,,5000
ABS:MERCH_IMP(1.0.0),67,ARGE,TOT,M,2021-12-01,330,AUD,3,,,330000
ABS:MERCH_IMP(1.0.0),67,ARGE,TOT,M,2022-01-01,800,AUD,3,,,800000
ABS:MERCH_IMP(1.0.0),67,ARGE,TOT,M,2022-02-01,79,AUD,3,,,79000
ABS:MERCH_IMP(1.0.0),67,ARGE,TOT,M,2022-03-01,20,AUD,3,,,20000
ABS:MERCH_IMP(1.0.0),67,ARGE,TOT,M,2022-04-01,261,AUD,3,,,261000
ABS:MERCH_IMP(1.0.0),67,ARGE,TOT,M,2022-05-01,158,AUD,3,,,158000
ABS:MERCH_IMP(1.0.0),67,ARGE,TOT,M,2022-06-01,8,AUD,3,,,8000
ABS:MERCH_IMP(1.0.0),67,ARGE,TOT,M,2022-07-01,160,AUD,3,,,160000
ABS:MERCH_IMP(1.0.0),67,ARGE,TOT,M,2022-08-01,156,AUD,3,,,156000
ABS:MERCH_IMP(1.0.0),67,ARGE,TOT,M,2022-12-01,2,AUD,3,,,2000
ABS:MERCH_IMP(1.0.0),67,ARGE,TOT,M,2023-02-01,1153,AUD,3,,,1153000
ABS:MERCH_IMP(1.0.0),67,ARGE,TOT,M,2023-03-01,71,AUD,3,,,71000
ABS:MERCH_IMP(1.0.0),67,ARGE,TOT,M,2023-04-01,125,AUD,3,,,125000
ABS:MERCH_IMP(1.0.0),67,ARGE,TOT,M,2023-06-01,2,AUD,3,,,2000
ABS:MERCH_IMP(1.0.0),67,ARGE,TOT,M,2023-07-01,203,AUD,3,,,203000
ABS:MERCH_IMP(1.0.0),67,ARGE,TOT,M,2023-08-01,8,AUD,3,,,8000
ABS:MERCH_IMP(1.0.0),67,ARGE,TOT,M,2023-09-01,13,AUD,3,,,13000
ABS:MERCH_IMP(1.0.0),67,ARGE,TOT,M,2023-10-01,29,AUD,3,,,29000
ABS:MERCH_IMP(1.0.0),67,ARGE,TOT,M,2024-03-01,385,AUD,3,,,385000
ABS:MERCH_IMP(1.0.0),67,ARGE,TOT,M,2024-06-01,4,AUD,3,,,4000
ABS:MERCH_IMP(1.0.0),67,ARGE,TOT,M,2024-11-01,792,AUD,3,,,792000
ABS:MERCH_IMP(1.0.0),67,ARGE,TOT,M,2025-01-01,73,AUD,3,,,73000
ABS:MERCH_IMP(1.0.0),67,ARGE,TOT,M,2025-02-01,5,AUD,3,,,5000
ABS:MERCH_IMP(1.0.0),67,ARGE,TOT,M,2025-03-01,1735,AUD,3,,,1735000
ABS:MERCH_IMP(1.0.0),67,ARGE,TOT,M,2025-04-01,464,AUD,3,,,464000
ABS:MERCH_IMP(1.0.0),67,ARGE,TOT,M,2025-05-01,526,AUD,3,,,526000
ABS:MERCH_IMP(1.0.0),67,ARGE,TOT,M,2025-06-01,596,AUD,3,,,596000
ABS:MERCH_IMP(1.0.0),67,ARGE,TOT,M,2025-08-01,3,AUD,3,,,3000
ABS:MERCH_IMP(1.0.0),67,ARGE,TOT,M,2025-09-01,1,AUD,3,,,1000
ABS:MERCH_IMP(1.0.0),67,ARGE,TOT,M,2025-10-01,102,AUD,3,,,102000
ABS:MERCH_IMP(1.0.0),67,ARGE,TOT,M,2026-02-01,20,AUD,3,,,20000
ABS:MERCH_IMP(1.0.0),67,ARGE,TOT,M,2026-06-01,1,AUD,3,,,1000
ABS:MERCH_IMP(1.0.0),67,ARGE,TOT,M,2026-07-01,1,AUD,3,,,1000
ABS:MERCH_IMP(1.0.0),67,POLA,TOT,M,2015-01-01,69,AUD,3,,,69000
ABS:MERCH_IMP(1.0.0),67,POLA,TOT,M,2015-02-01,30,AUD,3,,,30000
ABS:MERCH_IMP(1.0.0),67,POLA,TOT,M,2015-03-01,15,AUD,3,,,15000
ABS:MERCH_IMP(1.0.0),67,POLA,TOT,M,2015-04-01,67,AUD,3,,,67000
ABS:MERCH_IMP(1.0.0),67,POLA,TOT,M,2015-05-01,5,AUD,3,,,5000
ABS:MERCH_IMP(1.0.0),67,POLA,TOT,M,2015-06-01,49,AUD,3,,,49000
ABS:MERCH_IMP(1.0.0),67,POLA,TOT,M,2015-07-01,40,AUD,3,,,40000
ABS:MERCH_IMP(1.0.0),67,POLA,TOT,M,2015-08-01,58,AUD,3,,,58000
ABS:MERCH_IMP(1.0.0),67,POLA,TOT,M,2015-09-01,857,AUD,3,,,857000
ABS:MERCH_IMP(1.0.0),67,POLA,TOT,M,2015-10-01,72,AUD,3,,,72000
ABS:MERCH_IMP(1.0.0),67,POLA,TOT,M,2015-11-01,48,AUD,3,,,48000
ABS:MERCH_IMP(1.0.0),67,POLA,TOT,M,2015-12-01,47,AUD,3,,,47000
ABS:MERCH_IMP(1.0.0),67,POLA,TOT,M,2016-01-01,65,AUD,3,,,65000
ABS:MERCH_IMP(1.0.0),67,POLA,TOT,M,2016-02-01,47,AUD,3,,,47000
ABS:MERCH_IMP(1.0.0),67,POLA,TOT,M,2016-03-01,108,AUD,3,,,108000
ABS:MERCH_IMP(1.0.0),67,POLA,TOT,M,2016-04-01,374,AUD,3,,,374000
ABS:MERCH_IMP(1.0.0),67,POLA,TOT,M,2016-05-01,156,AUD,3,,,156000
ABS:MERCH_IMP(1.0.0),67,POLA,TOT,M,2016-06-01,161,AUD,3,,,161000
ABS:MERCH_IMP(1.0.0),67,POLA,TOT,M,2016-07-01,225,AUD,3,,,225000
ABS:MERCH_IMP(1.0.0),67,POLA,TOT,M,2016-08-01,99,AUD,3,,,99000
ABS:MERCH_IMP(1.0.0),67,POLA,TOT,M,2016-09-01,75,AUD,3,,,75000
ABS:MERCH_IMP(1.0.0),67,POLA,TOT,M,2016-10-01,107,AUD,3,,,107000
ABS:MERCH_IMP(1.0.0),67,POLA,TOT,M,2016-11-01,161,AUD,3,,,161000
ABS:MERCH_IMP(1.0.0),67,POLA,TOT,M,2016-12-01,225,AUD,3,,,225000
ABS:MERCH_IMP(1.0.0),67,POLA,TOT,M,2017-01-01,213,AUD,3,,,213000
ABS:MERCH_IMP(1.0.0),67,POLA,TOT,M,2017-02-01,72,AUD,3,,,72000
ABS:MERCH_IMP(1.0.0),67,POLA,TOT,M,2017-03-01,308,AUD,3,,,308000
ABS:MERCH_IMP(1.0.0),67,POLA,TOT,M,2017-04-01,173,AUD,3,,,173000
ABS:MERCH_IMP(1.0.0),67,POLA,TOT,M,2017-05-01,482,AUD,3,,,482000
ABS:MERCH_IMP(1.0.0),67,POLA,TOT,M,2017-06-01,125,AUD,3,,,125000
ABS:MERCH_IMP(1.0.0),67,POLA,TOT,M,2017-07-01,227,AUD,3,,,227000
ABS:MERCH_IMP(1.0.0),67,POLA,TOT,M,2017-08-01,215,AUD,3,,,215000
ABS:MERCH_IMP(1.0.0),67,POLA,TOT,M,2017-09-01,206,AUD,3,,,206000
ABS:MERCH_IMP(1.0.0),67,POLA,TOT,M,2017-10-01,161,AUD,3,,,161000
ABS:MERCH_IMP(1.0.0),67,POLA,TOT,M,2017-11-01,215,AUD,3,,,215000
ABS:MERCH_IMP(1.0.0),67,POLA,TOT,M,2017-12-01,286,AUD,3,,,286000
ABS:MERCH_IMP(1.0.0),67,POLA,TOT,M,2018-01-01,119,AUD,3,,,119000
ABS:MERCH_IMP(1.0.0),67,POLA,TOT,M,2018-02-01,423,AUD,3,,,423000
ABS:MERCH_IMP(1.0.0),67,POLA,TOT,M,2018-03-01,184,AUD,3,,,184000
ABS:MERCH_IMP(1.0.0),67,POLA,TOT,M,2018-04-01,1267,AUD,3,,,1267000
ABS:MERCH_IMP(1.0.0),67,POLA,TOT,M,2018-05-01,311,AUD,3,,,311000
ABS:MERCH_IMP(1.0.0),67,POLA,TOT,M,2018-06-01,3933,AUD,3,,,3933000
ABS:MERCH_IMP(1.0.0),67,POLA,TOT,M,2018-07-01,2663,AUD,3,,,2663000
ABS:MERCH_IMP(1.0.0),67,POLA,TOT,M,2018-08-01,459,AUD,3,,,459000
ABS:MERCH_IMP(1.0.0),67,POLA,TOT,M,2018-09-01,173,AUD,3,,,173000
ABS:MERCH_IMP(1.0.0),67,POLA,TOT,M,2018-10-01,159,AUD,3,,,159000
ABS:MERCH_IMP(1.0.0),67,POLA,TOT,M,2018-11-01,331,AUD,3,,,331000
ABS:MERCH_IMP(1.0.0),67,POLA,TOT,M,2018-12-01,317,AUD,3,,,317000
ABS:MERCH_IMP(1.0.0),67,POLA,TOT,M,2019-01-01,192,AUD,3,,,192000
ABS:MERCH_IMP(1.0.0),67,POLA,TOT,M,2019-02-01,187,AUD,3,,,187000
ABS:MERCH_IMP(1.0.0),67,POLA,TOT,M,2019-03-01,696,AUD,3,,,696000
ABS:MERCH_IMP(1.0.0),67,POLA,TOT,M,2019-04-01,123,AUD,3,,,123000
ABS:MERCH_IMP(1.0.0),67,POLA,TOT,M,2019-05-01,128,AUD,3,,,128000
ABS:MERCH_IMP(1.0.0),67,POLA,TOT,M,2019-06-01,251,AUD,3,,,251000
ABS:MERCH_IMP(1.0.0),67,POLA,TOT,M,2019-07-01,90,AUD,3,,,90000
ABS:MERCH_IMP(1.0.0),67,POLA,TOT,M,2019-08-01,182,AUD,3,,,182000
ABS:MERCH_IMP(1.0.0),67,POLA,TOT,M,2019-09-01,35,AUD,3,,,35000
ABS:MERCH_IMP(1.0.0),67,POLA,TOT,M,2019-10-01,415,AUD,3,,,415000
ABS:MERCH_IMP(1.0.0),67,POLA,TOT,M,2019-11-01,146,AUD,3,,,146000
ABS:MERCH_IMP(1.0.0),67,POLA,TOT,M,2019-12-01,338,AUD,3,,,338000
ABS:MERCH_IMP(1.0.0),67,POLA,TOT,M,2020-01-01,78,AUD,3,,,78000
ABS:MERCH_IMP(1.0.0),67,POLA,TOT,M,2020-02-01,66,AUD,3,,,66000
ABS:MERCH_IMP(1.0.0),67,POLA,TOT,M,2020-03-01,242,AUD,3,,,242000
ABS:MERCH_IMP(1.0.0),67,POLA,TOT,M,2020-04-01,52,AUD,3,,,52000
ABS:MERCH_IMP(1.0.0),67,POLA,TOT,M,2020-05-01,316,AUD,3,,,316000
ABS:MERCH_IMP(1.0.0),67,POLA,TOT,M,2020-06-01,161,AUD,3,,,161000
ABS:MERCH_IMP(1.0.0),67,POLA,TOT,M,2020-07-01,164,AUD,3,,,164000
ABS:MERCH_IMP(1.0.0),67,POLA,TOT,M,2020-08-01,225,AUD,3,,,225000
ABS:MERCH_IMP(1.0.0),67,POLA,TOT,M,2020-09-01,250,AUD,3,,,250000
ABS:MERCH_IMP(1.0.0),67,POLA,TOT,M,2020-10-01,455,AUD,3,,,455000
ABS:MERCH_IMP(1.0.0),67,POLA,TOT,M,2020-11-01,335,AUD,3,,,335000
ABS:MERCH_IMP(1.0.0),67,POLA,TOT,M,2020-12-01,504,AUD,3,,,504000
ABS:MERCH_IMP(1.0.0),67,POLA,TOT,M,2021-01-01,49,AUD,3,,,49000
ABS:MERCH_IMP(1.0.0),67,POLA,TOT,M,2021-02-01,642,AUD,3,,,642000
ABS:MERCH_IMP(1.0.0),67,POLA,TOT,M,2021-03-01,92,AUD,3,,,92000
ABS:MERCH_IMP(1.0.0),67,POLA,TOT,M,2021-04-01,138,AUD,3,,,138000
ABS:MERCH_IMP(1.0.0),67,POLA,TOT,M,2021-05-01,128,AUD,3,,,128000
ABS:MERCH_IMP(1.0.0),67,POLA,TOT,M,2021-06-01,103,AUD,3,,,103000
ABS:MERCH_IMP(1.0.0),67,POLA,TOT,M,2021-07-01,67,AUD,3,,,67000
ABS:MERCH_IMP(1.0.0),67,POLA,TOT,M,2021-08-01,359,AUD,3,,,359000
ABS:MERCH_IMP(1.0.0),67,POLA,TOT,M,2021-09-01,292,AUD,3,,,292000
ABS:MERCH_IMP(1.0.0),67,POLA,TOT,M,2021-10-01,245,AUD,3,,,245000
ABS:MERCH_IMP(1.0.0),67,POLA,TOT,M,2021-11-01,217,AUD,3,,,217000
ABS:MERCH_IMP(1.0.0),67,POLA,TOT,M,2021-12-01,87,AUD,3,,,87000
ABS:MERCH_IMP(1.0.0),67,POLA,TOT,M,2022-01-01,96,AUD,3,,,96000
ABS:MERCH_IMP(1.0.0),67,POLA,TOT,M,2022-02-01,298,AUD,3,,,298000
ABS:MERCH_IMP(1.0.0),67,POLA,TOT,M,2022-03-01,141,AUD,3,,,141000
ABS:MERCH_IMP(1.0.0),67,POLA,TOT,M,2022-04-01,57,AUD,3,,,57000
ABS:MERCH_IMP(1.0.0),67,POLA,TOT,M,2022-05-01,289,AUD,3,,,289000
ABS:MERCH_IMP(1.0.0),67,POLA,TOT,M,2022-06-01,205,AUD,3,,,205000
ABS:MERCH_IMP(1.0.0),67,POLA,TOT,M,2022-07-01,149,AUD,3,,,149000
ABS:MERCH_IMP(1.0.0),67,POLA,TOT,M,2022-08-01,276,AUD,3,,,276000
ABS:MERCH_IMP(1.0.0),67,POLA,TOT,M,2022-09-01,155,AUD,3,,,155000
ABS:MERCH_IMP(1.0.0),67,POLA,TOT,M,2022-10-01,197,AUD,3,,,197000
ABS:MERCH_IMP(1.0.0),67,POLA,TOT,M,2022-11-01,115,AUD,3,,,115000
ABS:MERCH_IMP(1.0.0),67,POLA,TOT,M,2022-12-01,172,AUD,3,,,172000
ABS:MERCH_IMP(1.0.0),67,POLA,TOT,M,2023-01-01,276,AUD,3,,,276000
ABS:MERCH_IMP(1.0.0),67,POLA,TOT,M,2023-02-01,285,AUD,3,,,285000
ABS:MERCH_IMP(1.0.0),67,POLA,TOT,M,2023-03-01,161,AUD,3,,,161000
ABS:MERCH_IMP(1.0.0),67,POLA,TOT,M,2023-04-01,144,AUD,3,,,144000
ABS:MERCH_IMP(1.0.0),67,POLA,TOT,M,2023-05-01,250,AUD,3,,,250000
ABS:MERCH_IMP(1.0.0),67,POLA,TOT,M,2023-06-01,198,AUD,3,,,198000
ABS:MERCH_IMP(1.0.0),67,POLA,TOT,M,2023-07-01,187,AUD,3,,,187000
ABS:MERCH_IMP(1.0.0),67,POLA,TOT,M,2023-08-01,235,AUD,3,,,235000
ABS:MERCH_IMP(1.0.0),67,POLA,TOT,M,2023-09-01,189,AUD,3,,,189000
ABS:MERCH_IMP(1.0.0),67,POLA,TOT,M,2023-10-01,238,AUD,3,,,238000
ABS:MERCH_IMP(1.0.0),67,POLA,TOT,M,2023-11-01,314,AUD,3,,,314000
ABS:MERCH_IMP(1.0.0),67,POLA,TOT,M,2023-12-01,88,AUD,3,,,88000
ABS:MERCH_IMP(1.0.0),67,POLA,TOT,M,2024-01-01,184,AUD,3,,,184000
ABS:MERCH_IMP(1.0.0),67,POLA,TOT,M,2024-02-01,435,AUD,3,,,435000
ABS:MERCH_IMP(1.0.0),67,POLA,TOT,M,2024-03-01,2132,AUD,3,,,2132000
ABS:MERCH_IMP(1.0.0),67,POLA,TOT,M,2024-04-01,2367,AUD,3,,,2367000
ABS:MERCH_IMP(1.0.0),67,POLA,TOT,M,2024-05-01,1402,AUD,3,,,1402000
ABS:MERCH_IMP(1.0.0),67,POLA,TOT,M,2024-06-01,1156,AUD,3,,,1156000
ABS:MERCH_IMP(1.0.0),67,POLA,TOT,M,2024-07-01,1847,AUD,3,,,1847000
ABS:MERCH_IMP(1.0.0),67,POLA,TOT,M,2024-08-01,1561,AUD,3,,,1561000
ABS:MERCH_IMP(1.0.0),67,POLA,TOT,M,2024-09-01,1534,AUD,3,,,1534000
ABS:MERCH_IMP(1.0.0),67,POLA,TOT,M,2024-10-01,1863,AUD,3,,,1863000
ABS:MERCH_IMP(1.0.0),67,POLA,TOT,M,2024-11-01,1953,AUD,3,,,1953000
ABS:MERCH_IMP(1.0.0),67,POLA,TOT,M,2024-12-01,1620,AUD,3,,,1620000
ABS:MERCH_IMP(1.0.0),67,POLA,TOT,M,2025-01-01,477,AUD,3,,,477000
ABS:MERCH_IMP(1.0.0),67,POLA,TOT,M,2025-02-01,1178,AUD,3,,,1178000
ABS:MERCH_IMP(1.0.0),67,POLA,TOT,M,2025-03-01,874,AUD,3,,,874000
ABS:MERCH_IMP(1.0.0),67,POLA,TOT,M,2025-04-01,1914,AUD,3,,,1914000
ABS:MERCH_IMP(1.0.0),67,POLA,TOT,M,2025-05-01,2295,AUD,3,,,2295000
ABS:MERCH_IMP(1.0.0),67,POLA,TOT,M,2025-06-01,671,AUD,3,,,671000
ABS:MERCH_IMP(1.0.0),67,POLA,TOT,M,2025-07-01,1553,AUD,3,,,1553000
ABS:MERCH_IMP(1.0.0),67,POLA,TOT,M,2025-08-01,1111,AUD,3,,,1111000
ABS:MERCH_IMP(1.0.0),67,POLA,TOT,M,2025-09-01,2605,AUD,3,,,2605000
ABS:MERCH_IMP(1.0.0),67,POLA,TOT,M,2025-10-01,1791,AUD,3,,,1791000
ABS:MERCH_IMP(1.0.0),67,POLA,TOT,M,2025-11-01,327,AUD,3,,,327000
ABS:MERCH_IMP(1.0.0),67,POLA,TOT,M,2025-12-01,1384,AUD,3,,,1384000
ABS:MERCH_IMP(1.0.0),67,POLA,TOT,M,2026-01-01,1074,AUD,3,,,1074000
ABS:MERCH_IMP(1.0.0),67,POLA,TOT,M,2026-02-01,1234,AUD,3,,,1234000
ABS:MERCH_IMP(1.0.0),67,POLA,TOT,M,2026-03-01,326,AUD,3,,,326000
ABS:MERCH_IMP(1.0.0),67,POLA,TOT,M,2026-04-01,287,AUD,3,,,287000
ABS:MERCH_IMP(1.0.0),67,POLA,TOT,M,2026-05-01,175,AUD,3,,,175000
ABS:MERCH_IMP(1.0.0),67,POLA,TOT,M,2026-06-01,89,AUD,3,,,89000
ABS:MERCH_IMP(1.0.0),67,POLA,TOT,M,2026-07-01,219,AUD,3,,,219000
ABS:MERCH_IMP(1.0.0),67,HONG,TOT,M,2015-01-01,105,AUD,3,,,105000
ABS:MERCH_IMP(1.0.0),67,HONG,TOT,M,2015-02-01,261,AUD,3,,,261000
ABS:MERCH_IMP(1.0.0),67,HONG,TOT,M,2015-03-01,16,AUD,3,,,16000
ABS:MERCH_IMP(1.0.0),67,HONG,TOT,M,2015-04-01,120,AUD,3,,,120000
ABS:MERCH_IMP(1.0.0),67,HONG,TOT,M,2015-05-01,254,AUD,3,,,254000
ABS:MERCH_IMP(1.0.0),67,HONG,TOT,M,2015-06-01,59,AUD,3,,,59000
ABS:MERCH_IMP(1.0.0),67,HONG,TOT,M,2015-07-01,151,AUD,3,,,151000
ABS:MERCH_IMP(1.0.0),67,HONG,TOT,M,2015-08-01,563,AUD,3,,,563000
ABS:MERCH_IMP(1.0.0),67,HONG,TOT,M,2015-09-01,96,AUD,3,,,96000
ABS:MERCH_IMP(1.0.0),67,HONG,TOT,M,2015-10-01,107,AUD,3,,,107000
ABS:MERCH_IMP(1.0.0),67,HONG,TOT,M,2015-11-01,3,AUD,3,,,3000
ABS:MERCH_IMP(1.0.0),67,HONG,TOT,M,2015-12-01,26,AUD,3,,,26000
ABS:MERCH_IMP(1.0.0),67,HONG,TOT,M,2016-01-01,100,AUD,3,,,100000
ABS:MERCH_IMP(1.0.0),67,HONG,TOT,M,2016-02-01,183,AUD,3,,,183000
ABS:MERCH_IMP(1.0.0),67,HONG,TOT,M,2016-03-01,3,AUD,3,,,3000
ABS:MERCH_IMP(1.0.0),67,HONG,TOT,M,2016-04-01,12,AUD,3,,,12000
ABS:MERCH_IMP(1.0.0),67,HONG,TOT,M,2016-06-01,6,AUD,3,,,6000
ABS:MERCH_IMP(1.0.0),67,HONG,TOT,M,2016-07-01,85,AUD,3,,,85000
ABS:MERCH_IMP(1.0.0),67,HONG,TOT,M,2016-08-01,78,AUD,3,,,78000
ABS:MERCH_IMP(1.0.0),67,HONG,TOT,M,2016-09-01,33,AUD,3,,,33000
ABS:MERCH_IMP(1.0.0),67,HONG,TOT,M,2016-10-01,7,AUD,3,,,7000
ABS:MERCH_IMP(1.0.0),67,HONG,TOT,M,2016-11-01,3,AUD,3,,,3000
ABS:MERCH_IMP(1.0.0),67,HONG,TOT,M,2016-12-01,1,AUD,3,,,1000
ABS:MERCH_IMP(1.0.0),67,HONG,TOT,M,2017-02-01,5,AUD,3,,,5000
ABS:MERCH_IMP(1.0.0),67,HONG,TOT,M,2017-03-01,228,AUD,3,,,228000
ABS:MERCH_IMP(1.0.0),67,HONG,TOT,M,2017-04-01,106,AUD,3,,,106000
ABS:MERCH_IMP(1.0.0),67,HONG,TOT,M,2017-05-01,70,AUD,3,,,70000
ABS:MERCH_IMP(1.0.0),67,HONG,TOT,M,2017-06-01,24,AUD,3,,,24000
ABS:MERCH_IMP(1.0.0),67,HONG,TOT,M,2017-07-01,271,AUD,3,,,271000
ABS:MERCH_IMP(1.0.0),67,HONG,TOT,M,2017-08-01,7,AUD,3,,,7000
ABS:MERCH_IMP(1.0.0),67,HONG,TOT,M,2017-09-01,68,AUD,3,,,68000
ABS:MERCH_IMP(1.0.0),67,HONG,TOT,M,2017-10-01,13,AUD,3,,,13000
ABS:MERCH_IMP(1.0.0),67,HONG,TOT,M,2017-11-01,2,AUD,3,,,2000
ABS:MERCH_IMP(1.0.0),67,HONG,TOT,M,2017-12-01,9,AUD,3,,,9000
ABS:MERCH_IMP(1.0.0),67,HONG,TOT,M,2018-02-01,206,AUD,3,,,206000
ABS:MERCH_IMP(1.0.0),67,HONG,TOT,M,2018-04-01,53,AUD,3,,,53000
ABS:MERCH_IMP(1.0.0),67,HONG,TOT,M,2018-05-01,165,AUD,3,,,165000
ABS:MERCH_IMP(1.0.0),67,HONG,TOT,M,2018-06-01,467,AUD,3,,,467000
ABS:MERCH_IMP(1.0.0),67,HONG,TOT,M,2018-07-01,204,AUD,3,,,204000
ABS:MERCH_IMP(1.0.0),67,HONG,TOT,M,2018-08-01,32,AUD,3,,,32000
ABS:MERCH_IMP(1.0.0),67,HONG,TOT,M,2018-09-01,328,AUD,3,,,328000
ABS:MERCH_IMP(1.0.0),67,HONG,TOT,M,2018-10-01,210,AUD,3,,,210000
ABS:MERCH_IMP(1.0.0),67,HONG,TOT,M,2018-11-01,25,AUD,3,,,25000
ABS:MERCH_IMP(1.0.0),67,HONG,TOT,M,2018-12-01,7,AUD,3,,,7000
ABS:MERCH_IMP(1.0.0),67,HONG,TOT,M,2019-01-01,238,AUD,3,,,238000
ABS:MERCH_IMP(1.0.0),67,HONG,TOT,M,2019-02-01,119,AUD,3,,,119000
ABS:MERCH_IMP(1.0.0),67,HONG,TOT,M,2019-03-01,2,AUD,3,,,2000
ABS:MERCH_IMP(1.0.0),67,HONG,TOT,M,2019-04-01,14,AUD,3,,,14000
ABS:MERCH_IMP(1.0.0),67,HONG,TOT,M,2019-05-01,5,AUD,3,,,5000
ABS:MERCH_IMP(1.0.0),67,HONG,TOT,M,2019-08-01,5,AUD,3,,,5000
ABS:MERCH_IMP(1.0.0),67,HONG,TOT,M,2019-10-01,53,AUD,3,,,53000
ABS:MERCH_IMP(1.0.0),67,HONG,TOT,M,2019-11-01,29,AUD,3,,,29000
ABS:MERCH_IMP(1.0.0),67,HONG,TOT,M,2019-12-01,1,AUD,3,,,1000
ABS:MERCH_IMP(1.0.0),67,HONG,TOT,M,2020-01-01,27,AUD,3,,,27000
ABS:MERCH_IMP(1.0.0),67,HONG,TOT,M,2020-03-01,7,AUD,3,,,7000
ABS:MERCH_IMP(1.0.0),67,HONG,TOT,M,2020-05-01,3,AUD,3,,,3000
ABS:MERCH_IMP(1.0.0),67,HONG,TOT,M,2020-06-01,98,AUD,3,,,98000
ABS:MERCH_IMP(1.0.0),67,HONG,TOT,M,2020-07-01,12,AUD,3,,,12000
ABS:MERCH_IMP(1.0.0),67,HONG,TOT,M,2020-09-01,1,AUD,3,,,1000
ABS:MERCH_IMP(1.0.0),67,HONG,TOT,M,2020-10-01,12,AUD,3,,,12000
ABS:MERCH_IMP(1.0.0),67,HONG,TOT,M,2020-11-01,5,AUD,3,,,5000
ABS:MERCH_IMP(1.0.0),67,HONG,TOT,M,2020-12-01,11,AUD,3,,,11000
ABS:MERCH_IMP(1.0.0),67,HONG,TOT,M,2021-01-01,5,AUD,3,,,5000
ABS:MERCH_IMP(1.0.0),67,HONG,TOT,M,2021-05-01,6,AUD,3,,,6000
ABS:MERCH_IMP(1.0.0),67,HONG,TOT,M,2021-06-01,134,AUD,3,,,134000
ABS:MERCH_IMP(1.0.0),67,HONG,TOT,M,2021-07-01,5,AUD,3,,,5000
ABS:MERCH_IMP(1.0.0),67,HONG,TOT,M,2021-08-01,17,AUD,3,,,17000
ABS:MERCH_IMP(1.0.0),67,HONG,TOT,M,2021-12-01,135,AUD,3,,,135000
ABS:MERCH_IMP(1.0.0),67,HONG,TOT,M,2022-01-01,2,AUD,3,,,2000
ABS:MERCH_IMP(1.0.0),67,HONG,TOT,M,2022-02-01,2,AUD,3,,,2000
ABS:MERCH_IMP(1.0.0),67,HONG,TOT,M,2022-03-01,2,AUD,3,,,2000
ABS:MERCH_IMP(1.0.0),67,HONG,TOT,M,2022-06-01,18,AUD,3,,,18000
ABS:MERCH_IMP(1.0.0),67,HONG,TOT,M,2022-08-01,152,AUD,3,,,152000
ABS:MERCH_IMP(1.0.0),67,HONG,TOT,M,2022-10-01,99,AUD,3,,,99000
ABS:MERCH_IMP(1.0.0),67,HONG,TOT,M,2022-11-01,566,AUD,3,,,566000
ABS:MERCH_IMP(1.0.0),67,HONG,TOT,M,2022-12-01,14,AUD,3,,,14000
ABS:MERCH_IMP(1.0.0),67,HONG,TOT,M,2023-01-01,5,AUD,3,,,5000
ABS:MERCH_IMP(1.0.0),67,HONG,TOT,M,2023-02-01,73,AUD,3,,,73000
ABS:MERCH_IMP(1.0.0),67,HONG,TOT,M,2023-03-01,9,AUD,3,,,9000
ABS:MERCH_IMP(1.0.0),67,HONG,TOT,M,2023-06-01,118,AUD,3,,,118000
ABS:MERCH_IMP(1.0.0),67,HONG,TOT,M,2023-07-01,569,AUD,3,,,569000
ABS:MERCH_IMP(1.0.0),67,HONG,TOT,M,2023-08-01,6,AUD,3,,,6000
ABS:MERCH_IMP(1.0.0),67,HONG,TOT,M,2023-10-01,1,AUD,3,,,1000
ABS:MERCH_IMP(1.0.0),67,HONG,TOT,M,2023-11-01,433,AUD,3,,,433000
ABS:MERCH_IMP(1.0.0),67,HONG,TOT,M,2023-12-01,1,AUD,3,,,1000
ABS:MERCH_IMP(1.0.0),67,HONG,TOT,M,2024-01-01,1,AUD,3,,,1000
ABS:MERCH_IMP(1.0.0),67,HONG,TOT,M,2024-03-01,7,AUD,3,,,7000
ABS:MERCH_IMP(1.0.0),67,HONG,TOT,M,2024-05-01,111,AUD,3,,,111000
ABS:MERCH_IMP(1.0.0),67,HONG,TOT,M,2024-06-01,33,AUD,3,,,33000
ABS:MERCH_IMP(1.0.0),67,HONG,TOT,M,2024-09-01,3,AUD,3,,,3000
ABS:MERCH_IMP(1.0.0),67,HONG,TOT,M,2024-10-01,412,AUD,3,,,412000
ABS:MERCH_IMP(1.0.0),67,HONG,TOT,M,2024-11-01,1533,AUD,3,,,1533000
ABS:MERCH_IMP(1.0.0),67,HONG,TOT,M,2024-12-01,67,AUD,3,,,67000
ABS:MERCH_IMP(1.0.0),67,HONG,TOT,M,2025-01-01,82,AUD,3,,,82000
ABS:MERCH_IMP(1.0.0),67,HONG,TOT,M,2025-02-01,28,AUD,3,,,28000
ABS:MERCH_IMP(1.0.0),67,HONG,TOT,M,2025-03-01,4,AUD,3,,,4000
ABS:MERCH_IMP(1.0.0),67,HONG,TOT,M,2025-04-01,184,AUD,3,,,184000
ABS:MERCH_IMP(1.0.0),67,HONG,TOT,M,2025-05-01,19,AUD,3,,,19000
ABS:MERCH_IMP(1.0.0),67,HONG,TOT,M,2025-07-01,20,AUD,3,,,20000
ABS:MERCH_IMP(1.0.0),67,HONG,TOT,M,2025-08-01,18,AUD,3,,,18000
ABS:MERCH_IMP(1.0.0),67,HONG,TOT,M,2025-09-01,4891,AUD,3,,,4891000
ABS:MERCH_IMP(1.0.0),67,HONG,TOT,M,2025-11-01,4627,AUD,3,,,4627000
ABS:MERCH_IMP(1.0.0),67,HONG,TOT,M,2026-04-01,73,AUD,3,,,73000
ABS:MERCH_IMP(1.0.0),67,HONG,TOT,M,2026-05-01,2,AUD,3,,,2000
ABS:MERCH_IMP(1.0.0),67,HONG,TOT,M,2026-06-01,148,AUD,3,,,148000
ABS:MERCH_IMP(1.0.0),67,NICA,TOT,M,2020-12-01,154,AUD,3,,,154000
ABS:MERCH_IMP(1.0.0),67,NICA,TOT,M,2023-09-01,14,AUD,3,,,14000
ABS:MERCH_IMP(1.0.0),67,NICA,TOT,M,2024-01-01,15,AUD,3,,,15000
ABS:MERCH_IMP(1.0.0),67,NICA,TOT,M,2025-07-01,2,AUD,3,,,2000
ABS:MERCH_IMP(1.0.0),67,SEYC,TOT,M,2015-09-01,12,AUD,3,,,12000
ABS:MERCH_IMP(1.0.0),67,SEYC,TOT,M,2022-04-01,200,AUD,3,,,200000
ABS:MERCH_IMP(1.0.0),67,SEYC,TOT,M,2022-06-01,145,AUD,3,,,145000
ABS:MERCH_IMP(1.0.0),67,SEYC,TOT,M,2023-05-01,4,AUD,3,,,4000
ABS:MERCH_IMP(1.0.0),67,SEYC,TOT,M,2023-11-01,87,AUD,3,,,87000
ABS:MERCH_IMP(1.0.0),67,SEYC,TOT,M,2024-07-01,115,AUD,3,,,115000
ABS:MERCH_IMP(1.0.0),67,SEYC,TOT,M,2026-04-01,73,AUD,3,,,73000
ABS:MERCH_IMP(1.0.0),67,FWIN,TOT,M,2015-07-01,82,AUD,3,,,82000
ABS:MERCH_IMP(1.0.0),67,FWIN,TOT,M,2015-08-01,64,AUD,3,,,64000
ABS:MERCH_IMP(1.0.0),67,FWIN,TOT,M,2015-09-01,75,AUD,3,,,75000
ABS:MERCH_IMP(1.0.0),67,FWIN,TOT,M,2018-06-01,3,AUD,3,,,3000
ABS:MERCH_IMP(1.0.0),67,KYRG,TOT,M,2017-12-01,2,AUD,3,,,2000
ABS:MERCH_IMP(1.0.0),67,KYRG,TOT,M,2023-10-01,1,AUD,3,,,1000
ABS:MERCH_IMP(1.0.0),67,KYRG,TOT,M,2024-09-01,2,AUD,3,,,2000
ABS:MERCH_IMP(1.0.0),67,CROA,TOT,M,2015-01-01,12,AUD,3,,,12000
ABS:MERCH_IMP(1.0.0),67,CROA,TOT,M,2015-03-01,1,AUD,3,,,1000
ABS:MERCH_IMP(1.0.0),67,CROA,TOT,M,2015-06-01,2,AUD,3,,,2000
ABS:MERCH_IMP(1.0.0),67,CROA,TOT,M,2015-12-01,1,AUD,3,,,1000
ABS:MERCH_IMP(1.0.0),67,CROA,TOT,M,2016-01-01,1,AUD,3,,,1000
ABS:MERCH_IMP(1.0.0),67,CROA,TOT,M,2016-06-01,4,AUD,3,,,4000
ABS:MERCH_IMP(1.0.0),67,CROA,TOT,M,2016-07-01,2,AUD,3,,,2000
ABS:MERCH_IMP(1.0.0),67,CROA,TOT,M,2016-08-01,5,AUD,3,,,5000
ABS:MERCH_IMP(1.0.0),67,CROA,TOT,M,2016-09-01,1,AUD,3,,,1000
ABS:MERCH_IMP(1.0.0),67,CROA,TOT,M,2017-03-01,1,AUD,3,,,1000
ABS:MERCH_IMP(1.0.0),67,CROA,TOT,M,2017-07-01,7,AUD,3,,,7000
ABS:MERCH_IMP(1.0.0),67,CROA,TOT,M,2017-12-01,6,AUD,3,,,6000
ABS:MERCH_IMP(1.0.0),67,CROA,TOT,M,2018-01-01,1,AUD,3,,,1000
ABS:MERCH_IMP(1.0.0),67,CROA,TOT,M,2018-02-01,1,AUD,3,,,1000
ABS:MERCH_IMP(1.0.0),67,CROA,TOT,M,2018-04-01,1,AUD,3,,,1000
ABS:MERCH_IMP(1.0.0),67,CROA,TOT,M,2018-05-01,1,AUD,3,,,1000
ABS:MERCH_IMP(1.0.0),67,CROA,TOT,M,2018-08-01,1,AUD,3,,,1000
ABS:MERCH_IMP(1.0.0),67,CROA,TOT,M,2018-09-01,4,AUD,3,,,4000
ABS:MERCH_IMP(1.0.0),67,CROA,TOT,M,2018-10-01,3,AUD,3,,,3000
ABS:MERCH_IMP(1.0.0),67,CROA,TOT,M,2018-11-01,2,AUD,3,,,2000
ABS:MERCH_IMP(1.0.0),67,CROA,TOT,M,2018-12-01,4,AUD,3,,,4000
ABS:MERCH_IMP(1.0.0),67,CROA,TOT,M,2019-02-01,2,AUD,3,,,2000
ABS:MERCH_IMP(1.0.0),67,CROA,TOT,M,2019-03-01,2,AUD,3,,,2000
ABS:MERCH_IMP(1.0.0),67,CROA,TOT,M,2019-04-01,6,AUD,3,,,6000
ABS:MERCH_IMP(1.0.0),67,CROA,TOT,M,2019-05-01,51,AUD,3,,,51000
ABS:MERCH_IMP(1.0.0),67,CROA,TOT,M,2019-06-01,1,AUD,3,,,1000
ABS:MERCH_IMP(1.0.0),67,CROA,TOT,M,2019-10-01,8,AUD,3,,,8000
ABS:MERCH_IMP(1.0.0),67,CROA,TOT,M,2019-11-01,4,AUD,3,,,4000
ABS:MERCH_IMP(1.0.0),67,CROA,TOT,M,2020-01-01,7,AUD,3,,,7000
ABS:MERCH_IMP(1.0.0),67,CROA,TOT,M,2020-02-01,8,AUD,3,,,8000
ABS:MERCH_IMP(1.0.0),67,CROA,TOT,M,2020-03-01,2,AUD,3,,,2000
ABS:MERCH_IMP(1.0.0),67,CROA,TOT,M,2020-05-01,7,AUD,3,,,7000
ABS:MERCH_IMP(1.0.0),67,CROA,TOT,M,2020-06-01,6,AUD,3,,,6000
ABS:MERCH_IMP(1.0.0),67,CROA,TOT,M,2020-08-01,9,AUD,3,,,9000
ABS:MERCH_IMP(1.0.0),67,CROA,TOT,M,2020-11-01,7,AUD,3,,,7000
ABS:MERCH_IMP(1.0.0),67,CROA,TOT,M,2020-12-01,13,AUD,3,,,13000
ABS:MERCH_IMP(1.0.0),67,CROA,TOT,M,2021-01-01,18,AUD,3,,,18000
ABS:MERCH_IMP(1.0.0),67,CROA,TOT,M,2021-03-01,17,AUD,3,,,17000
ABS:MERCH_IMP(1.0.0),67,CROA,TOT,M,2021-04-01,2,AUD,3,,,2000
ABS:MERCH_IMP(1.0.0),67,CROA,TOT,M,2021-05-01,38,AUD,3,,,38000
ABS:MERCH_IMP(1.0.0),67,CROA,TOT,M,2021-07-01,1,AUD,3,,,1000
ABS:MERCH_IMP(1.0.0),67,CROA,TOT,M,2021-08-01,7,AUD,3,,,7000
ABS:MERCH_IMP(1.0.0),67,CROA,TOT,M,2021-09-01,8,AUD,3,,,8000
ABS:MERCH_IMP(1.0.0),67,CROA,TOT,M,2021-11-01,7,AUD,3,,,7000
ABS:MERCH_IMP(1.0.0),67,CROA,TOT,M,2022-03-01,13,AUD,3,,,13000
ABS:MERCH_IMP(1.0.0),67,CROA,TOT,M,2022-04-01,8,AUD,3,,,8000
ABS:MERCH_IMP(1.0.0),67,CROA,TOT,M,2022-08-01,18,AUD,3,,,18000
ABS:MERCH_IMP(1.0.0),67,CROA,TOT,M,2022-11-01,2,AUD,3,,,2000
ABS:MERCH_IMP(1.0.0),67,CROA,TOT,M,2023-01-01,16,AUD,3,,,16000
ABS:MERCH_IMP(1.0.0),67,CROA,TOT,M,2023-04-01,88,AUD,3,,,88000
ABS:MERCH_IMP(1.0.0),67,CROA,TOT,M,2023-07-01,3,AUD,3,,,3000
ABS:MERCH_IMP(1.0.0),67,CROA,TOT,M,2023-09-01,10,AUD,3,,,10000
ABS:MERCH_IMP(1.0.0),67,CROA,TOT,M,2023-10-01,3,AUD,3,,,3000
ABS:MERCH_IMP(1.0.0),67,CROA,TOT,M,2023-11-01,88,AUD,3,,,88000
ABS:MERCH_IMP(1.0.0),67,CROA,TOT,M,2024-01-01,9,AUD,3,,,9000
ABS:MERCH_IMP(1.0.0),67,CROA,TOT,M,2024-02-01,69,AUD,3,,,69000
ABS:MERCH_IMP(1.0.0),67,CROA,TOT,M,2024-03-01,4,AUD,3,,,4000
ABS:MERCH_IMP(1.0.0),67,CROA,TOT,M,2024-04-01,70,AUD,3,,,70000
ABS:MERCH_IMP(1.0.0),67,CROA,TOT,M,2024-05-01,5,AUD,3,,,5000
ABS:MERCH_IMP(1.0.0),67,CROA,TOT,M,2024-07-01,11,AUD,3,,,11000
ABS:MERCH_IMP(1.0.0),67,CROA,TOT,M,2024-09-01,68,AUD,3,,,68000
ABS:MERCH_IMP(1.0.0),67,CROA,TOT,M,2024-10-01,165,AUD,3,,,165000
ABS:MERCH_IMP(1.0.0),67,CROA,TOT,M,2024-12-01,27,AUD,3,,,27000
ABS:MERCH_IMP(1.0.0),67,CROA,TOT,M,2025-01-01,72,AUD,3,,,72000
ABS:MERCH_IMP(1.0.0),67,CROA,TOT,M,2025-02-01,129,AUD,3,,,129000
ABS:MERCH_IMP(1.0.0),67,CROA,TOT,M,2025-04-01,2,AUD,3,,,2000
ABS:MERCH_IMP(1.0.0),67,CROA,TOT,M,2025-06-01,43,AUD,3,,,43000
ABS:MERCH_IMP(1.0.0),67,CROA,TOT,M,2025-07-01,4,AUD,3,,,4000
ABS:MERCH_IMP(1.0.0),67,CROA,TOT,M,2025-08-01,53,AUD,3,,,53000
ABS:MERCH_IMP(1.0.0),67,CROA,TOT,M,2025-09-01,3,AUD,3,,,3000
ABS:MERCH_IMP(1.0.0),67,CROA,TOT,M,2025-10-01,7,AUD,3,,,7000
ABS:MERCH_IMP(1.0.0),67,CROA,TOT,M,2025-11-01,74,AUD,3,,,74000
ABS:MERCH_IMP(1.0.0),67,CROA,TOT,M,2025-12-01,2,AUD,3,,,2000
ABS:MERCH_IMP(1.0.0),67,CROA,TOT,M,2026-02-01,26,AUD,3,,,26000
ABS:MERCH_IMP(1.0.0),67,CROA,TOT,M,2026-03-01,1,AUD,3,,,1000
ABS:MERCH_IMP(1.0.0),67,CROA,TOT,M,2026-04-01,1,AUD,3,,,1000
ABS:MERCH_IMP(1.0.0),67,CROA,TOT,M,2026-06-01,66,AUD,3,,,66000
ABS:MERCH_IMP(1.0.0),67,TUNI,TOT,M,2016-07-01,2,AUD,3,,,2000
ABS:MERCH_IMP(1.0.0),67,TUNI,TOT,M,2017-02-01,2,AUD,3,,,2000
ABS:MERCH_IMP(1.0.0),67,TUNI,TOT,M,2017-04-01,2,AUD,3,,,2000
ABS:MERCH_IMP(1.0.0),67,TUNI,TOT,M,2019-08-01,2,AUD,3,,,2000
ABS:MERCH_IMP(1.0.0),67,TUNI,TOT,M,2020-03-01,3,AUD,3,,,3000
ABS:MERCH_IMP(1.0.0),67,TUNI,TOT,M,2021-02-01,1,AUD,3,,,1000
ABS:MERCH_IMP(1.0.0),67,TUNI,TOT,M,2021-10-01,11,AUD,3,,,11000
ABS:MERCH_IMP(1.0.0),67,TUNI,TOT,M,2022-01-01,38,AUD,3,,,38000
ABS:MERCH_IMP(1.0.0),67,TUNI,TOT,M,2022-02-01,116,AUD,3,,,116000
ABS:MERCH_IMP(1.0.0),67,TUNI,TOT,M,2022-05-01,43,AUD,3,,,43000
ABS:MERCH_IMP(1.0.0),67,TUNI,TOT,M,2022-10-01,3,AUD,3,,,3000
ABS:MERCH_IMP(1.0.0),67,TUNI,TOT,M,2022-11-01,2,AUD,3,,,2000
ABS:MERCH_IMP(1.0.0),67,TUNI,TOT,M,2026-04-01,1,AUD,3,,,1000
ABS:MERCH_IMP(1.0.0),67,CHRI,TOT,M,2016-02-01,2,AUD,3,,,2000
ABS:MERCH_IMP(1.0.0),67,PAKI,TOT,M,2015-01-01,175,AUD,3,,,175000
ABS:MERCH_IMP(1.0.0),67,PAKI,TOT,M,2015-02-01,143,AUD,3,,,143000
ABS:MERCH_IMP(1.0.0),67,PAKI,TOT,M,2015-03-01,48,AUD,3,,,48000
ABS:MERCH_IMP(1.0.0),67,PAKI,TOT,M,2015-04-01,443,AUD,3,,,443000
ABS:MERCH_IMP(1.0.0),67,PAKI,TOT,M,2015-05-01,69,AUD,3,,,69000
ABS:MERCH_IMP(1.0.0),67,PAKI,TOT,M,2015-06-01,120,AUD,3,,,120000
ABS:MERCH_IMP(1.0.0),67,PAKI,TOT,M,2015-07-01,248,AUD,3,,,248000
ABS:MERCH_IMP(1.0.0),67,PAKI,TOT,M,2015-08-01,176,AUD,3,,,176000
ABS:MERCH_IMP(1.0.0),67,PAKI,TOT,M,2015-09-01,284,AUD,3,,,284000
ABS:MERCH_IMP(1.0.0),67,PAKI,TOT,M,2015-10-01,275,AUD,3,,,275000
ABS:MERCH_IMP(1.0.0),67,PAKI,TOT,M,2015-11-01,300,AUD,3,,,300000
ABS:MERCH_IMP(1.0.0),67,PAKI,TOT,M,2015-12-01,286,AUD,3,,,286000
ABS:MERCH_IMP(1.0.0),67,PAKI,TOT,M,2016-01-01,307,AUD,3,,,307000
ABS:MERCH_IMP(1.0.0),67,PAKI,TOT,M,2016-02-01,78,AUD,3,,,78000
ABS:MERCH_IMP(1.0.0),67,PAKI,TOT,M,2016-03-01,502,AUD,3,,,502000
ABS:MERCH_IMP(1.0.0),67,PAKI,TOT,M,2016-04-01,590,AUD,3,,,590000
ABS:MERCH_IMP(1.0.0),67,PAKI,TOT,M,2016-05-01,330,AUD,3,,,330000
ABS:MERCH_IMP(1.0.0),67,PAKI,TOT,M,2016-06-01,584,AUD,3,,,584000
ABS:MERCH_IMP(1.0.0),67,PAKI,TOT,M,2016-07-01,423,AUD,3,,,423000
ABS:MERCH_IMP(1.0.0),67,PAKI,TOT,M,2016-08-01,530,AUD,3,,,530000
ABS:MERCH_IMP(1.0.0),67,PAKI,TOT,M,2016-09-01,533,AUD,3,,,533000
ABS:MERCH_IMP(1.0.0),67,PAKI,TOT,M,2016-10-01,2155,AUD,3,,,2155000
ABS:MERCH_IMP(1.0.0),67,PAKI,TOT,M,2016-11-01,780,AUD,3,,,780000
ABS:MERCH_IMP(1.0.0),67,PAKI,TOT,M,2016-12-01,1413,AUD,3,,,1413000
ABS:MERCH_IMP(1.0.0),67,PAKI,TOT,M,2017-01-01,671,AUD,3,,,671000
ABS:MERCH_IMP(1.0.0),67,PAKI,TOT,M,2017-02-01,750,AUD,3,,,750000
ABS:MERCH_IMP(1.0.0),67,PAKI,TOT,M,2017-03-01,1669,AUD,3,,,1669000
ABS:MERCH_IMP(1.0.0),67,PAKI,TOT,M,2017-04-01,1232,AUD,3,,,1232000
ABS:MERCH_IMP(1.0.0),67,PAKI,TOT,M,2017-05-01,556,AUD,3,,,556000
ABS:MERCH_IMP(1.0.0),67,PAKI,TOT,M,2017-06-01,1028,AUD,3,,,1028000
ABS:MERCH_IMP(1.0.0),67,PAKI,TOT,M,2017-07-01,852,AUD,3,,,852000
ABS:MERCH_IMP(1.0.0),67,PAKI,TOT,M,2017-08-01,1109,AUD,3,,,1109000
ABS:MERCH_IMP(1.0.0),67,PAKI,TOT,M,2017-09-01,1188,AUD,3,,,1188000
ABS:MERCH_IMP(1.0.0),67,PAKI,TOT,M,2017-10-01,632,AUD,3,,,632000
ABS:MERCH_IMP(1.0.0),67,PAKI,TOT,M,2017-11-01,2248,AUD,3,,,2248000
ABS:MERCH_IMP(1.0.0),67,PAKI,TOT,M,2017-12-01,1618,AUD,3,,,1618000
ABS:MERCH_IMP(1.0.0),67,PAKI,TOT,M,2018-01-01,426,AUD,3,,,426000
ABS:MERCH_IMP(1.0.0),67,PAKI,TOT,M,2018-02-01,1468,AUD,3,,,1468000
ABS:MERCH_IMP(1.0.0),67,PAKI,TOT,M,2018-03-01,1643,AUD,3,,,1643000
ABS:MERCH_IMP(1.0.0),67,PAKI,TOT,M,2018-04-01,1092,AUD,3,,,1092000
ABS:MERCH_IMP(1.0.0),67,PAKI,TOT,M,2018-05-01,1093,AUD,3,,,1093000
ABS:MERCH_IMP(1.0.0),67,PAKI,TOT,M,2018-06-01,313,AUD,3,,,313000
ABS:MERCH_IMP(1.0.0),67,PAKI,TOT,M,2018-07-01,1326,AUD,3,,,1326000
ABS:MERCH_IMP(1.0.0),67,PAKI,TOT,M,2018-08-01,946,AUD,3,,,946000
ABS:MERCH_IMP(1.0.0),67,PAKI,TOT,M,2018-09-01,1514,AUD,3,,,1514000
ABS:MERCH_IMP(1.0.0),67,PAKI,TOT,M,2018-10-01,1110,AUD,3,,,1110000
ABS:MERCH_IMP(1.0.0),67,PAKI,TOT,M,2018-11-01,952,AUD,3,,,952000
ABS:MERCH_IMP(1.0.0),67,PAKI,TOT,M,2018-12-01,586,AUD,3,,,586000
ABS:MERCH_IMP(1.0.0),67,PAKI,TOT,M,2019-01-01,790,AUD,3,,,790000
ABS:MERCH_IMP(1.0.0),67,PAKI,TOT,M,2019-02-01,234,AUD,3,,,234000
ABS:MERCH_IMP(1.0.0),67,PAKI,TOT,M,2019-03-01,216,AUD,3,,,216000
ABS:MERCH_IMP(1.0.0),67,PAKI,TOT,M,2019-04-01,281,AUD,3,,,281000
ABS:MERCH_IMP(1.0.0),67,PAKI,TOT,M,2019-05-01,610,AUD,3,,,610000
ABS:MERCH_IMP(1.0.0),67,PAKI,TOT,M,2019-06-01,516,AUD,3,,,516000
ABS:MERCH_IMP(1.0.0),67,PAKI,TOT,M,2019-07-01,509,AUD,3,,,509000
ABS:MERCH_IMP(1.0.0),67,PAKI,TOT,M,2019-08-01,397,AUD,3,,,397000
ABS:MERCH_IMP(1.0.0),67,PAKI,TOT,M,2019-09-01,2,AUD,3,,,2000
ABS:MERCH_IMP(1.0.0),67,PAKI,TOT,M,2019-10-01,1123,AUD,3,,,1123000
ABS:MERCH_IMP(1.0.0),67,PAKI,TOT,M,2019-11-01,695,AUD,3,,,695000
ABS:MERCH_IMP(1.0.0),67,PAKI,TOT,M,2019-12-01,546,AUD,3,,,546000
ABS:MERCH_IMP(1.0.0),67,PAKI,TOT,M,2020-01-01,407,AUD,3,,,407000
ABS:MERCH_IMP(1.0.0),67,PAKI,TOT,M,2020-02-01,23,AUD,3,,,23000
ABS:MERCH_IMP(1.0.0),67,PAKI,TOT,M,2020-03-01,253,AUD,3,,,253000
ABS:MERCH_IMP(1.0.0),67,PAKI,TOT,M,2020-04-01,63,AUD,3,,,63000
ABS:MERCH_IMP(1.0.0),67,PAKI,TOT,M,2020-05-01,468,AUD,3,,,468000
ABS:MERCH_IMP(1.0.0),67,PAKI,TOT,M,2020-06-01,965,AUD,3,,,965000
ABS:MERCH_IMP(1.0.0),67,PAKI,TOT,M,2020-07-01,730,AUD,3,,,730000
ABS:MERCH_IMP(1.0.0),67,PAKI,TOT,M,2020-08-01,431,AUD,3,,,431000
ABS:MERCH_IMP(1.0.0),67,PAKI,TOT,M,2020-09-01,357,AUD,3,,,357000
ABS:MERCH_IMP(1.0.0),67,PAKI,TOT,M,2020-10-01,443,AUD,3,,,443000
ABS:MERCH_IMP(1.0.0),67,PAKI,TOT,M,2020-11-01,944,AUD,3,,,944000
ABS:MERCH_IMP(1.0.0),67,PAKI,TOT,M,2020-12-01,923,AUD,3,,,923000
ABS:MERCH_IMP(1.0.0),67,PAKI,TOT,M,2021-01-01,1266,AUD,3,,,1266000
ABS:MERCH_IMP(1.0.0),67,PAKI,TOT,M,2021-02-01,1477,AUD,3,,,1477000
ABS:MERCH_IMP(1.0.0),67,PAKI,TOT,M,2021-03-01,1088,AUD,3,,,1088000
ABS:MERCH_IMP(1.0.0),67,PAKI,TOT,M,2021-04-01,1333,AUD,3,,,1333000
ABS:MERCH_IMP(1.0.0),67,PAKI,TOT,M,2021-05-01,1470,AUD,3,,,1470000
ABS:MERCH_IMP(1.0.0),67,PAKI,TOT,M,2021-06-01,540,AUD,3,,,540000
ABS:MERCH_IMP(1.0.0),67,PAKI,TOT,M,2021-07-01,991,AUD,3,,,991000
ABS:MERCH_IMP(1.0.0),67,PAKI,TOT,M,2021-08-01,1608,AUD,3,,,1608000
ABS:MERCH_IMP(1.0.0),67,PAKI,TOT,M,2021-09-01,1052,AUD,3,,,1052000
ABS:MERCH_IMP(1.0.0),67,PAKI,TOT,M,2021-10-01,1736,AUD,3,,,1736000
ABS:MERCH_IMP(1.0.0),67,PAKI,TOT,M,2021-11-01,2603,AUD,3,,,2603000
ABS:MERCH_IMP(1.0.0),67,PAKI,TOT,M,2021-12-01,2021,AUD,3,,,2021000
ABS:MERCH_IMP(1.0.0),67,PAKI,TOT,M,2022-01-01,1584,AUD,3,,,1584000
ABS:MERCH_IMP(1.0.0),67,PAKI,TOT,M,2022-02-01,3269,AUD,3,,,3269000
ABS:MERCH_IMP(1.0.0),67,PAKI,TOT,M,2022-03-01,2108,AUD,3,,,2108000
ABS:MERCH_IMP(1.0.0),67,PAKI,TOT,M,2022-04-01,1114,AUD,3,,,1114000
ABS:MERCH_IMP(1.0.0),67,PAKI,TOT,M,2022-05-01,1167,AUD,3,,,1167000
ABS:MERCH_IMP(1.0.0),67,PAKI,TOT,M,2022-06-01,1535,AUD,3,,,1535000
ABS:MERCH_IMP(1.0.0),67,PAKI,TOT,M,2022-07-01,1648,AUD,3,,,1648000
ABS:MERCH_IMP(1.0.0),67,PAKI,TOT,M,2022-08-01,2256,AUD,3,,,2256000
ABS:MERCH_IMP(1.0.0),67,PAKI,TOT,M,2022-09-01,1691,AUD,3,,,1691000
ABS:MERCH_IMP(1.0.0),67,PAKI,TOT,M,2022-10-01,537,AUD,3,,,537000
ABS:MERCH_IMP(1.0.0),67,PAKI,TOT,M,2022-11-01,2270,AUD,3,,,2270000
ABS:MERCH_IMP(1.0.0),67,PAKI,TOT,M,2022-12-01,79,AUD,3,,,79000
ABS:MERCH_IMP(1.0.0),67,PAKI,TOT,M,2023-01-01,1065,AUD,3,,,1065000
ABS:MERCH_IMP(1.0.0),67,PAKI,TOT,M,2023-02-01,1409,AUD,3,,,1409000
ABS:MERCH_IMP(1.0.0),67,PAKI,TOT,M,2023-04-01,450,AUD,3,,,450000
ABS:MERCH_IMP(1.0.0),67,PAKI,TOT,M,2023-05-01,402,AUD,3,,,402000
ABS:MERCH_IMP(1.0.0),67,PAKI,TOT,M,2023-06-01,1199,AUD,3,,,1199000
ABS:MERCH_IMP(1.0.0),67,PAKI,TOT,M,2023-07-01,1044,AUD,3,,,1044000
ABS:MERCH_IMP(1.0.0),67,PAKI,TOT,M,2023-08-01,679,AUD,3,,,679000
ABS:MERCH_IMP(1.0.0),67,PAKI,TOT,M,2023-09-01,736,AUD,3,,,736000
ABS:MERCH_IMP(1.0.0),67,PAKI,TOT,M,2023-10-01,631,AUD,3,,,631000
ABS:MERCH_IMP(1.0.0),67,PAKI,TOT,M,2023-11-01,371,AUD,3,,,371000
ABS:MERCH_IMP(1.0.0),67,PAKI,TOT,M,2023-12-01,536,AUD,3,,,536000
ABS:MERCH_IMP(1.0.0),67,PAKI,TOT,M,2024-01-01,422,AUD,3,,,422000
ABS:MERCH_IMP(1.0.0),67,PAKI,TOT,M,2024-02-01,1529,AUD,3,,,1529000
ABS:MERCH_IMP(1.0.0),67,PAKI,TOT,M,2024-03-01,741,AUD,3,,,741000
ABS:MERCH_IMP(1.0.0),67,PAKI,TOT,M,2024-04-01,760,AUD,3,,,760000
ABS:MERCH_IMP(1.0.0),67,PAKI,TOT,M,2024-05-01,788,AUD,3,,,788000
ABS:MERCH_IMP(1.0.0),67,PAKI,TOT,M,2024-06-01,620,AUD,3,,,620000
ABS:MERCH_IMP(1.0.0),67,PAKI,TOT,M,2024-07-01,812,AUD,3,,,812000
ABS:MERCH_IMP(1.0.0),67,PAKI,TOT,M,2024-08-01,430,AUD,3,,,430000
ABS:MERCH_IMP(1.0.0),67,PAKI,TOT,M,2024-09-01,96,AUD,3,,,96000
ABS:MERCH_IMP(1.0.0),67,PAKI,TOT,M,2024-10-01,603,AUD,3,,,603000
ABS:MERCH_IMP(1.0.0),67,PAKI,TOT,M,2024-11-01,271,AUD,3,,,271000
ABS:MERCH_IMP(1.0.0),67,PAKI,TOT,M,2025-01-01,473,AUD,3,,,473000
ABS:MERCH_IMP(1.0.0),67,PAKI,TOT,M,2025-02-01,371,AUD,3,,,371000
ABS:MERCH_IMP(1.0.0),67,PAKI,TOT,M,2025-03-01,599,AUD,3,,,599000
ABS:MERCH_IMP(1.0.0),67,PAKI,TOT,M,2025-04-01,760,AUD,3,,,760000
ABS:MERCH_IMP(1.0.0),67,PAKI,TOT,M,2025-05-01,325,AUD,3,,,325000
ABS:MERCH_IMP(1.0.0),67,PAKI,TOT,M,2025-08-01,492,AUD,3,,,492000
ABS:MERCH_IMP(1.0.0),67,PAKI,TOT,M,2025-09-01,212,AUD,3,,,212000
ABS:MERCH_IMP(1.0.0),67,PAKI,TOT,M,2025-10-01,48,AUD,3,,,48000
ABS:MERCH_IMP(1.0.0),67,PAKI,TOT,M,2025-11-01,89,AUD,3,,,89000
ABS:MERCH_IMP(1.0.0),67,PAKI,TOT,M,2025-12-01,52,AUD,3,,,52000
ABS:MERCH_IMP(1.0.0),67,PAKI,TOT,M,2026-01-01,249,AUD,3,,,249000
ABS:MERCH_IMP(1.0.0),67,PAKI,TOT,M,2026-02-01,104,AUD,3,,,104000
ABS:MERCH_IMP(1.0.0),67,INDO,TOT,M,2015-01-01,2427,AUD,3,,,2427000
ABS:MERCH_IMP(1.0.0),67,INDO,TOT,M,2015-02-01,3162,AUD,3,,,3162000
ABS:MERCH_IMP(1.0.0),67,INDO,TOT,M,2015-03-01,2017,AUD,3,,,2017000
ABS:MERCH_IMP(1.0.0),67,INDO,TOT,M,2015-04-01,3084,AUD,3,,,3084000
ABS:MERCH_IMP(1.0.0),67,INDO,TOT,M,2015-05-01,5422,AUD,3,,,5422000
ABS:MERCH_IMP(1.0.0),67,INDO,TOT,M,2015-06-01,2417,AUD,3,,,2417000
ABS:MERCH_IMP(1.0.0),67,INDO,TOT,M,2015-07-01,5026,AUD,3,,,5026000
ABS:MERCH_IMP(1.0.0),67,INDO,TOT,M,2015-08-01,3837,AUD,3,,,3837000
ABS:MERCH_IMP(1.0.0),67,INDO,TOT,M,2015-09-01,4188,AUD,3,,,4188000
ABS:MERCH_IMP(1.0.0),67,INDO,TOT,M,2015-10-01,1739,AUD,3,,,1739000
ABS:MERCH_IMP(1.0.0),67,INDO,TOT,M,2015-11-01,2915,AUD,3,,,2915000
ABS:MERCH_IMP(1.0.0),67,INDO,TOT,M,2015-12-01,884,AUD,3,,,884000
ABS:MERCH_IMP(1.0.0),67,INDO,TOT,M,2016-01-01,2404,AUD,3,,,2404000
ABS:MERCH_IMP(1.0.0),67,INDO,TOT,M,2016-02-01,1622,AUD,3,,,1622000
ABS:MERCH_IMP(1.0.0),67,INDO,TOT,M,2016-03-01,4614,AUD,3,,,4614000
ABS:MERCH_IMP(1.0.0),67,INDO,TOT,M,2016-04-01,2278,AUD,3,,,2278000
ABS:MERCH_IMP(1.0.0),67,INDO,TOT,M,2016-05-01,1282,AUD,3,,,1282000
ABS:MERCH_IMP(1.0.0),67,INDO,TOT,M,2016-06-01,1008,AUD,3,,,1008000
ABS:MERCH_IMP(1.0.0),67,INDO,TOT,M,2016-07-01,1176,AUD,3,,,1176000
ABS:MERCH_IMP(1.0.0),67,INDO,TOT,M,2016-08-01,1259,AUD,3,,,1259000
ABS:MERCH_IMP(1.0.0),67,INDO,TOT,M,2016-09-01,1796,AUD,3,,,1796000
ABS:MERCH_IMP(1.0.0),67,INDO,TOT,M,2016-10-01,850,AUD,3,,,850000
ABS:MERCH_IMP(1.0.0),67,INDO,TOT,M,2016-11-01,4869,AUD,3,,,4869000
ABS:MERCH_IMP(1.0.0),67,INDO,TOT,M,2016-12-01,1136,AUD,3,,,1136000
ABS:MERCH_IMP(1.0.0),67,INDO,TOT,M,2017-01-01,1346,AUD,3,,,1346000
ABS:MERCH_IMP(1.0.0),67,INDO,TOT,M,2017-02-01,1116,AUD,3,,,1116000
ABS:MERCH_IMP(1.0.0),67,INDO,TOT,M,2017-03-01,2047,AUD,3,,,2047000
ABS:MERCH_IMP(1.0.0),67,INDO,TOT,M,2017-04-01,1476,AUD,3,,,1476000
ABS:MERCH_IMP(1.0.0),67,INDO,TOT,M,2017-05-01,1827,AUD,3,,,1827000
ABS:MERCH_IMP(1.0.0),67,INDO,TOT,M,2017-06-01,928,AUD,3,,,928000
ABS:MERCH_IMP(1.0.0),67,INDO,TOT,M,2017-07-01,445,AUD,3,,,445000
ABS:MERCH_IMP(1.0.0),67,INDO,TOT,M,2017-08-01,1115,AUD,3,,,1115000
ABS:MERCH_IMP(1.0.0),67,INDO,TOT,M,2017-09-01,314,AUD,3,,,314000
ABS:MERCH_IMP(1.0.0),67,INDO,TOT,M,2017-10-01,468,AUD,3,,,468000
ABS:MERCH_IMP(1.0.0),67,INDO,TOT,M,2017-11-01,942,AUD,3,,,942000
ABS:MERCH_IMP(1.0.0),67,INDO,TOT,M,2017-12-01,393,AUD,3,,,393000
ABS:MERCH_IMP(1.0.0),67,INDO,TOT,M,2018-01-01,1286,AUD,3,,,1286000
ABS:MERCH_IMP(1.0.0),67,INDO,TOT,M,2018-02-01,1315,AUD,3,,,1315000
ABS:MERCH_IMP(1.0.0),67,INDO,TOT,M,2018-03-01,3934,AUD,3,,,3934000
ABS:MERCH_IMP(1.0.0),67,INDO,TOT,M,2018-04-01,5197,AUD,3,,,5197000
ABS:MERCH_IMP(1.0.0),67,INDO,TOT,M,2018-05-01,1202,AUD,3,,,1202000
ABS:MERCH_IMP(1.0.0),67,INDO,TOT,M,2018-06-01,1376,AUD,3,,,1376000
ABS:MERCH_IMP(1.0.0),67,INDO,TOT,M,2018-07-01,690,AUD,3,,,690000
ABS:MERCH_IMP(1.0.0),67,INDO,TOT,M,2018-08-01,3958,AUD,3,,,3958000
ABS:MERCH_IMP(1.0.0),67,INDO,TOT,M,2018-09-01,1020,AUD,3,,,1020000
ABS:MERCH_IMP(1.0.0),67,INDO,TOT,M,2018-10-01,2612,AUD,3,,,2612000
ABS:MERCH_IMP(1.0.0),67,INDO,TOT,M,2018-11-01,1561,AUD,3,,,1561000
ABS:MERCH_IMP(1.0.0),67,INDO,TOT,M,2018-12-01,2762,AUD,3,,,2762000
ABS:MERCH_IMP(1.0.0),67,INDO,TOT,M,2019-01-01,891,AUD,3,,,891000
ABS:MERCH_IMP(1.0.0),67,INDO,TOT,M,2019-02-01,2072,AUD,3,,,2072000
ABS:MERCH_IMP(1.0.0),67,INDO,TOT,M,2019-03-01,2262,AUD,3,,,2262000
ABS:MERCH_IMP(1.0.0),67,INDO,TOT,M,2019-04-01,1181,AUD,3,,,1181000
ABS:MERCH_IMP(1.0.0),67,INDO,TOT,M,2019-05-01,1390,AUD,3,,,1390000
ABS:MERCH_IMP(1.0.0),67,INDO,TOT,M,2019-06-01,1100,AUD,3,,,1100000
ABS:MERCH_IMP(1.0.0),67,INDO,TOT,M,2019-07-01,2304,AUD,3,,,2304000
ABS:MERCH_IMP(1.0.0),67,INDO,TOT,M,2019-08-01,496,AUD,3,,,496000
ABS:MERCH_IMP(1.0.0),67,INDO,TOT,M,2019-09-01,1161,AUD,3,,,1161000
ABS:MERCH_IMP(1.0.0),67,INDO,TOT,M,2019-10-01,891,AUD,3,,,891000
ABS:MERCH_IMP(1.0.0),67,INDO,TOT,M,2019-11-01,2308,AUD,3,,,2308000
ABS:MERCH_IMP(1.0.0),67,INDO,TOT,M,2019-12-01,3132,AUD,3,,,3132000
ABS:MERCH_IMP(1.0.0),67,INDO,TOT,M,2020-01-01,5546,AUD,3,,,5546000
ABS:MERCH_IMP(1.0.0),67,INDO,TOT,M,2020-02-01,1695,AUD,3,,,1695000
ABS:MERCH_IMP(1.0.0),67,INDO,TOT,M,2020-03-01,1751,AUD,3,,,1751000
ABS:MERCH_IMP(1.0.0),67,INDO,TOT,M,2020-04-01,1512,AUD,3,,,1512000
ABS:MERCH_IMP(1.0.0),67,INDO,TOT,M,2020-05-01,2505,AUD,3,,,2505000
ABS:MERCH_IMP(1.0.0),67,INDO,TOT,M,2020-06-01,728,AUD,3,,,728000
ABS:MERCH_IMP(1.0.0),67,INDO,TOT,M,2020-07-01,2617,AUD,3,,,2617000
ABS:MERCH_IMP(1.0.0),67,INDO,TOT,M,2020-08-01,1544,AUD,3,,,1544000
ABS:MERCH_IMP(1.0.0),67,INDO,TOT,M,2020-09-01,1291,AUD,3,,,1291000
ABS:MERCH_IMP(1.0.0),67,INDO,TOT,M,2020-10-01,2339,AUD,3,,,2339000
ABS:MERCH_IMP(1.0.0),67,INDO,TOT,M,2020-11-01,2228,AUD,3,,,2228000
ABS:MERCH_IMP(1.0.0),67,INDO,TOT,M,2020-12-01,3372,AUD,3,,,3372000
ABS:MERCH_IMP(1.0.0),67,INDO,TOT,M,2021-01-01,487,AUD,3,,,487000
ABS:MERCH_IMP(1.0.0),67,INDO,TOT,M,2021-02-01,1101,AUD,3,,,1101000
ABS:MERCH_IMP(1.0.0),67,INDO,TOT,M,2021-03-01,1428,AUD,3,,,1428000
ABS:MERCH_IMP(1.0.0),67,INDO,TOT,M,2021-04-01,1278,AUD,3,,,1278000
ABS:MERCH_IMP(1.0.0),67,INDO,TOT,M,2021-05-01,379,AUD,3,,,379000
ABS:MERCH_IMP(1.0.0),67,INDO,TOT,M,2021-06-01,422,AUD,3,,,422000
ABS:MERCH_IMP(1.0.0),67,INDO,TOT,M,2021-07-01,264,AUD,3,,,264000
ABS:MERCH_IMP(1.0.0),67,INDO,TOT,M,2021-08-01,159,AUD,3,,,159000
ABS:MERCH_IMP(1.0.0),67,INDO,TOT,M,2021-09-01,16882,AUD,3,,,16882000
ABS:MERCH_IMP(1.0.0),67,INDO,TOT,M,2021-10-01,17281,AUD,3,,,17281000
ABS:MERCH_IMP(1.0.0),67,INDO,TOT,M,2021-11-01,20242,AUD,3,,,20242000
ABS:MERCH_IMP(1.0.0),67,INDO,TOT,M,2021-12-01,5864,AUD,3,,,5864000
ABS:MERCH_IMP(1.0.0),67,INDO,TOT,M,2022-01-01,5666,AUD,3,,,5666000
ABS:MERCH_IMP(1.0.0),67,INDO,TOT,M,2022-02-01,5834,AUD,3,,,5834000
ABS:MERCH_IMP(1.0.0),67,INDO,TOT,M,2022-03-01,9621,AUD,3,,,9621000
ABS:MERCH_IMP(1.0.0),67,INDO,TOT,M,2022-04-01,3003,AUD,3,,,3003000
ABS:MERCH_IMP(1.0.0),67,INDO,TOT,M,2022-05-01,3462,AUD,3,,,3462000
ABS:MERCH_IMP(1.0.0),67,INDO,TOT,M,2022-06-01,5019,AUD,3,,,5019000
ABS:MERCH_IMP(1.0.0),67,INDO,TOT,M,2022-07-01,2838,AUD,3,,,2838000
ABS:MERCH_IMP(1.0.0),67,INDO,TOT,M,2022-08-01,2711,AUD,3,,,2711000
ABS:MERCH_IMP(1.0.0),67,INDO,TOT,M,2022-09-01,2294,AUD,3,,,2294000
ABS:MERCH_IMP(1.0.0),67,INDO,TOT,M,2022-10-01,3878,AUD,3,,,3878000
ABS:MERCH_IMP(1.0.0),67,INDO,TOT,M,2022-11-01,4930,AUD,3,,,4930000
ABS:MERCH_IMP(1.0.0),67,INDO,TOT,M,2022-12-01,2211,AUD,3,,,2211000
ABS:MERCH_IMP(1.0.0),67,INDO,TOT,M,2023-01-01,5958,AUD,3,,,5958000
ABS:MERCH_IMP(1.0.0),67,INDO,TOT,M,2023-02-01,8448,AUD,3,,,8448000
ABS:MERCH_IMP(1.0.0),67,INDO,TOT,M,2023-03-01,10867,AUD,3,,,10867000
ABS:MERCH_IMP(1.0.0),67,INDO,TOT,M,2023-04-01,6431,AUD,3,,,6431000
ABS:MERCH_IMP(1.0.0),67,INDO,TOT,M,2023-05-01,10864,AUD,3,,,10864000
ABS:MERCH_IMP(1.0.0),67,INDO,TOT,M,2023-06-01,10425,AUD,3,,,10425000
ABS:MERCH_IMP(1.0.0),67,INDO,TOT,M,2023-07-01,25975,AUD,3,,,25975000
ABS:MERCH_IMP(1.0.0),67,INDO,TOT,M,2023-08-01,1264,AUD,3,,,1264000
ABS:MERCH_IMP(1.0.0),67,INDO,TOT,M,2023-09-01,2532,AUD,3,,,2532000
ABS:MERCH_IMP(1.0.0),67,INDO,TOT,M,2023-10-01,24639,AUD,3,,,24639000
ABS:MERCH_IMP(1.0.0),67,INDO,TOT,M,2023-11-01,38287,AUD,3,,,38287000
ABS:MERCH_IMP(1.0.0),67,INDO,TOT,M,2023-12-01,58025,AUD,3,,,58025000
ABS:MERCH_IMP(1.0.0),67,INDO,TOT,M,2024-01-01,36441,AUD,3,,,36441000
ABS:MERCH_IMP(1.0.0),67,INDO,TOT,M,2024-02-01,93854,AUD,3,,,93854000
ABS:MERCH_IMP(1.0.0),67,INDO,TOT,M,2024-03-01,84815,AUD,3,,,84815000
ABS:MERCH_IMP(1.0.0),67,INDO,TOT,M,2024-04-01,91015,AUD,3,,,91015000
ABS:MERCH_IMP(1.0.0),67,INDO,TOT,M,2024-05-01,189066,AUD,3,,,189066000
ABS:MERCH_IMP(1.0.0),67,INDO,TOT,M,2024-06-01,111105,AUD,3,,,111105000
ABS:MERCH_IMP(1.0.0),67,INDO,TOT,M,2024-07-01,95138,AUD,3,,,95138000
ABS:MERCH_IMP(1.0.0),67,INDO,TOT,M,2024-08-01,60889,AUD,3,,,60889000
ABS:MERCH_IMP(1.0.0),67,INDO,TOT,M,2024-09-01,62444,AUD,3,,,62444000
ABS:MERCH_IMP(1.0.0),67,INDO,TOT,M,2024-10-01,78995,AUD,3,,,78995000
ABS:MERCH_IMP(1.0.0),67,INDO,TOT,M,2024-11-01,20437,AUD,3,,,20437000
ABS:MERCH_IMP(1.0.0),67,INDO,TOT,M,2024-12-01,72427,AUD,3,,,72427000
ABS:MERCH_IMP(1.0.0),67,INDO,TOT,M,2025-01-01,2265,AUD,3,,,2265000
ABS:MERCH_IMP(1.0.0),67,INDO,TOT,M,2025-02-01,1831,AUD,3,,,1831000
ABS:MERCH_IMP(1.0.0),67,INDO,TOT,M,2025-03-01,1840,AUD,3,,,1840000
ABS:MERCH_IMP(1.0.0),67,INDO,TOT,M,2025-04-01,1170,AUD,3,,,1170000
ABS:MERCH_IMP(1.0.0),67,INDO,TOT,M,2025-05-01,1366,AUD,3,,,1366000
ABS:MERCH_IMP(1.0.0),67,INDO,TOT,M,2025-06-01,1981,AUD,3,,,1981000
ABS:MERCH_IMP(1.0.0),67,INDO,TOT,M,2025-07-01,1135,AUD,3,,,1135000
ABS:MERCH_IMP(1.0.0),67,INDO,TOT,M,2025-08-01,783,AUD,3,,,783000
ABS:MERCH_IMP(1.0.0),67,INDO,TOT,M,2025-09-01,3557,AUD,3,,,3557000
ABS:MERCH_IMP(1.0.0),67,INDO,TOT,M,2025-10-01,2886,AUD,3,,,2886000
ABS:MERCH_IMP(1.0.0),67,INDO,TOT,M,2025-11-01,360,AUD,3,,,360000
ABS:MERCH_IMP(1.0.0),67,INDO,TOT,M,2025-12-01,3225,AUD,3,,,3225000
ABS:MERCH_IMP(1.0.0),67,INDO,TOT,M,2026-01-01,1917,AUD,3,,,1917000
ABS:MERCH_IMP(1.0.0),67,INDO,TOT,M,2026-02-01,2493,AUD,3,,,2493000
ABS:MERCH_IMP(1.0.0),67,INDO,TOT,M,2026-03-01,2550,AUD,3,,,2550000
ABS:MERCH_IMP(1.0.0),67,INDO,TOT,M,2026-04-01,675,AUD,3,,,675000
ABS:MERCH_IMP(1.0.0),67,INDO,TOT,M,2026-05-01,1538,AUD,3,,,1538000
ABS:MERCH_IMP(1.0.0),67,INDO,TOT,M,2026-06-01,2259,AUD,3,,,2259000
ABS:MERCH_IMP(1.0.0),67,INDO,TOT,M,2026-07-01,1697,AUD,3,,,1697000
ABS:MERCH_IMP(1.0.0),67,BURM,TOT,M,2020-11-01,56,AUD,3,,,56000
ABS:MERCH_IMP(1.0.0),67,RICO,TOT,M,2015-06-01,1,AUD,3,,,1000
ABS:MERCH_IMP(1.0.0),67,RICO,TOT,M,2020-07-01,9,AUD,3,,,9000
ABS:MERCH_IMP(1.0.0),67,RICO,TOT,M,2024-03-01,3,AUD,3,,,3000
ABS:MERCH_IMP(1.0.0),67,UK,TOT,M,2015-01-01,2335,AUD,3,,,2335000
ABS:MERCH_IMP(1.0.0),67,UK,TOT,M,2015-02-01,2792,AUD,3,,,2792000
ABS:MERCH_IMP(1.0.0),67,UK,TOT,M,2015-03-01,3330,AUD,3,,,3330000
ABS:MERCH_IMP(1.0.0),67,UK,TOT,M,2015-04-01,2359,AUD,3,,,2359000
ABS:MERCH_IMP(1.0.0),67,UK,TOT,M,2015-05-01,2446,AUD,3,,,2446000
ABS:MERCH_IMP(1.0.0),67,UK,TOT,M,2015-06-01,3302,AUD,3,,,3302000
ABS:MERCH_IMP(1.0.0),67,UK,TOT,M,2015-07-01,3591,AUD,3,,,3591000
ABS:MERCH_IMP(1.0.0),67,UK,TOT,M,2015-08-01,4294,AUD,3,,,4294000
ABS:MERCH_IMP(1.0.0),67,UK,TOT,M,2015-09-01,3563,AUD,3,,,3563000
ABS:MERCH_IMP(1.0.0),67,UK,TOT,M,2015-10-01,2720,AUD,3,,,2720000
ABS:MERCH_IMP(1.0.0),67,UK,TOT,M,2015-11-01,2432,AUD,3,,,2432000
ABS:MERCH_IMP(1.0.0),67,UK,TOT,M,2015-12-01,2484,AUD,3,,,2484000
ABS:MERCH_IMP(1.0.0),67,UK,TOT,M,2016-01-01,1763,AUD,3,,,1763000
ABS:MERCH_IMP(1.0.0),67,UK,TOT,M,2016-02-01,1570,AUD,3,,,1570000
ABS:MERCH_IMP(1.0.0),67,UK,TOT,M,2016-03-01,2742,AUD,3,,,2742000
ABS:MERCH_IMP(1.0.0),67,UK,TOT,M,2016-04-01,5140,AUD,3,,,5140000
ABS:MERCH_IMP(1.0.0),67,UK,TOT,M,2016-05-01,3231,AUD,3,,,3231000
ABS:MERCH_IMP(1.0.0),67,UK,TOT,M,2016-06-01,2278,AUD,3,,,2278000
ABS:MERCH_IMP(1.0.0),67,UK,TOT,M,2016-07-01,2122,AUD,3,,,2122000
ABS:MERCH_IMP(1.0.0),67,UK,TOT,M,2016-08-01,2551,AUD,3,,,2551000
ABS:MERCH_IMP(1.0.0),67,UK,TOT,M,2016-09-01,2433,AUD,3,,,2433000
ABS:MERCH_IMP(1.0.0),67,UK,TOT,M,2016-10-01,2055,AUD,3,,,2055000
ABS:MERCH_IMP(1.0.0),67,UK,TOT,M,2016-11-01,2714,AUD,3,,,2714000
ABS:MERCH_IMP(1.0.0),67,UK,TOT,M,2016-12-01,2392,AUD,3,,,2392000
ABS:MERCH_IMP(1.0.0),67,UK,TOT,M,2017-01-01,2493,AUD,3,,,2493000
ABS:MERCH_IMP(1.0.0),67,UK,TOT,M,2017-02-01,2342,AUD,3,,,2342000
ABS:MERCH_IMP(1.0.0),67,UK,TOT,M,2017-03-01,2141,AUD,3,,,2141000
ABS:MERCH_IMP(1.0.0),67,UK,TOT,M,2017-04-01,2936,AUD,3,,,2936000
ABS:MERCH_IMP(1.0.0),67,UK,TOT,M,2017-05-01,2787,AUD,3,,,2787000
ABS:MERCH_IMP(1.0.0),67,UK,TOT,M,2017-06-01,2874,AUD,3,,,2874000
ABS:MERCH_IMP(1.0.0),67,UK,TOT,M,2017-07-01,1764,AUD,3,,,1764000
ABS:MERCH_IMP(1.0.0),67,UK,TOT,M,2017-08-01,1863,AUD,3,,,1863000
ABS:MERCH_IMP(1.0.0),67,UK,TOT,M,2017-09-01,1874,AUD,3,,,1874000
ABS:MERCH_IMP(1.0.0),67,UK,TOT,M,2017-10-01,6812,AUD,3,,,6812000
ABS:MERCH_IMP(1.0.0),67,UK,TOT,M,2017-11-01,1589,AUD,3,,,1589000
ABS:MERCH_IMP(1.0.0),67,UK,TOT,M,2017-12-01,2889,AUD,3,,,2889000
ABS:MERCH_IMP(1.0.0),67,UK,TOT,M,2018-01-01,3484,AUD,3,,,3484000
ABS:MERCH_IMP(1.0.0),67,UK,TOT,M,2018-02-01,1854,AUD,3,,,1854000
ABS:MERCH_IMP(1.0.0),67,UK,TOT,M,2018-03-01,2352,AUD,3,,,2352000
ABS:MERCH_IMP(1.0.0),67,UK,TOT,M,2018-04-01,3756,AUD,3,,,3756000
ABS:MERCH_IMP(1.0.0),67,UK,TOT,M,2018-05-01,2385,AUD,3,,,2385000
ABS:MERCH_IMP(1.0.0),67,UK,TOT,M,2018-06-01,4477,AUD,3,,,4477000
ABS:MERCH_IMP(1.0.0),67,UK,TOT,M,2018-07-01,2532,AUD,3,,,2532000
ABS:MERCH_IMP(1.0.0),67,UK,TOT,M,2018-08-01,2541,AUD,3,,,2541000
ABS:MERCH_IMP(1.0.0),67,UK,TOT,M,2018-09-01,2873,AUD,3,,,2873000
ABS:MERCH_IMP(1.0.0),67,UK,TOT,M,2018-10-01,2309,AUD,3,,,2309000
ABS:MERCH_IMP(1.0.0),67,UK,TOT,M,2018-11-01,2490,AUD,3,,,2490000
ABS:MERCH_IMP(1.0.0),67,UK,TOT,M,2018-12-01,2448,AUD,3,,,2448000
ABS:MERCH_IMP(1.0.0),67,UK,TOT,M,2019-01-01,2464,AUD,3,,,2464000
ABS:MERCH_IMP(1.0.0),67,UK,TOT,M,2019-02-01,2032,AUD,3,,,2032000
ABS:MERCH_IMP(1.0.0),67,UK,TOT,M,2019-03-01,2986,AUD,3,,,2986000
ABS:MERCH_IMP(1.0.0),67,UK,TOT,M,2019-04-01,2768,AUD,3,,,2768000
ABS:MERCH_IMP(1.0.0),67,UK,TOT,M,2019-05-01,3142,AUD,3,,,3142000
ABS:MERCH_IMP(1.0.0),67,UK,TOT,M,2019-06-01,3323,AUD,3,,,3323000
ABS:MERCH_IMP(1.0.0),67,UK,TOT,M,2019-07-01,2122,AUD,3,,,2122000
ABS:MERCH_IMP(1.0.0),67,UK,TOT,M,2019-08-01,2682,AUD,3,,,2682000
ABS:MERCH_IMP(1.0.0),67,UK,TOT,M,2019-09-01,2328,AUD,3,,,2328000
ABS:MERCH_IMP(1.0.0),67,UK,TOT,M,2019-10-01,1938,AUD,3,,,1938000
ABS:MERCH_IMP(1.0.0),67,UK,TOT,M,2019-11-01,2101,AUD,3,,,2101000
ABS:MERCH_IMP(1.0.0),67,UK,TOT,M,2019-12-01,3538,AUD,3,,,3538000
ABS:MERCH_IMP(1.0.0),67,UK,TOT,M,2020-01-01,2569,AUD,3,,,2569000
ABS:MERCH_IMP(1.0.0),67,UK,TOT,M,2020-02-01,2603,AUD,3,,,2603000
ABS:MERCH_IMP(1.0.0),67,UK,TOT,M,2020-03-01,3457,AUD,3,,,3457000
ABS:MERCH_IMP(1.0.0),67,UK,TOT,M,2020-04-01,2581,AUD,3,,,2581000
ABS:MERCH_IMP(1.0.0),67,UK,TOT,M,2020-05-01,2045,AUD,3,,,2045000
ABS:MERCH_IMP(1.0.0),67,UK,TOT,M,2020-06-01,3816,AUD,3,,,3816000
ABS:MERCH_IMP(1.0.0),67,UK,TOT,M,2020-07-01,2953,AUD,3,,,2953000
ABS:MERCH_IMP(1.0.0),67,UK,TOT,M,2020-08-01,2112,AUD,3,,,2112000
ABS:MERCH_IMP(1.0.0),67,UK,TOT,M,2020-09-01,3141,AUD,3,,,3141000
ABS:MERCH_IMP(1.0.0),67,UK,TOT,M,2020-10-01,3442,AUD,3,,,3442000
ABS:MERCH_IMP(1.0.0),67,UK,TOT,M,2020-11-01,1939,AUD,3,,,1939000
ABS:MERCH_IMP(1.0.0),67,UK,TOT,M,2020-12-01,2935,AUD,3,,,2935000
ABS:MERCH_IMP(1.0.0),67,UK,TOT,M,2021-01-01,2732,AUD,3,,,2732000
ABS:MERCH_IMP(1.0.0),67,UK,TOT,M,2021-02-01,1680,AUD,3,,,1680000
ABS:MERCH_IMP(1.0.0),67,UK,TOT,M,2021-03-01,2731,AUD,3,,,2731000
ABS:MERCH_IMP(1.0.0),67,UK,TOT,M,2021-04-01,2010,AUD,3,,,2010000
ABS:MERCH_IMP(1.0.0),67,UK,TOT,M,2021-05-01,3357,AUD,3,,,3357000
ABS:MERCH_IMP(1.0.0),67,UK,TOT,M,2021-06-01,4189,AUD,3,,,4189000
ABS:MERCH_IMP(1.0.0),67,UK,TOT,M,2021-07-01,3547,AUD,3,,,3547000
ABS:MERCH_IMP(1.0.0),67,UK,TOT,M,2021-08-01,2860,AUD,3,,,2860000
ABS:MERCH_IMP(1.0.0),67,UK,TOT,M,2021-09-01,1635,AUD,3,,,1635000
ABS:MERCH_IMP(1.0.0),67,UK,TOT,M,2021-10-01,2035,AUD,3,,,2035000
ABS:MERCH_IMP(1.0.0),67,UK,TOT,M,2021-11-01,2665,AUD,3,,,2665000
ABS:MERCH_IMP(1.0.0),67,UK,TOT,M,2021-12-01,2743,AUD,3,,,2743000
ABS:MERCH_IMP(1.0.0),67,UK,TOT,M,2022-01-01,3850,AUD,3,,,3850000
ABS:MERCH_IMP(1.0.0),67,UK,TOT,M,2022-02-01,1611,AUD,3,,,1611000
ABS:MERCH_IMP(1.0.0),67,UK,TOT,M,2022-03-01,4347,AUD,3,,,4347000
ABS:MERCH_IMP(1.0.0),67,UK,TOT,M,2022-04-01,3834,AUD,3,,,3834000
ABS:MERCH_IMP(1.0.0),67,UK,TOT,M,2022-05-01,7656,AUD,3,,,7656000
ABS:MERCH_IMP(1.0.0),67,UK,TOT,M,2022-06-01,4197,AUD,3,,,4197000
ABS:MERCH_IMP(1.0.0),67,UK,TOT,M,2022-07-01,3967,AUD,3,,,3967000
ABS:MERCH_IMP(1.0.0),67,UK,TOT,M,2022-08-01,4672,AUD,3,,,4672000
ABS:MERCH_IMP(1.0.0),67,UK,TOT,M,2022-09-01,4584,AUD,3,,,4584000
ABS:MERCH_IMP(1.0.0),67,UK,TOT,M,2022-10-01,3415,AUD,3,,,3415000
ABS:MERCH_IMP(1.0.0),67,UK,TOT,M,2022-11-01,2581,AUD,3,,,2581000
ABS:MERCH_IMP(1.0.0),67,UK,TOT,M,2022-12-01,2421,AUD,3,,,2421000
ABS:MERCH_IMP(1.0.0),67,UK,TOT,M,2023-01-01,3640,AUD,3,,,3640000
ABS:MERCH_IMP(1.0.0),67,UK,TOT,M,2023-02-01,3170,AUD,3,,,3170000
ABS:MERCH_IMP(1.0.0),67,UK,TOT,M,2023-03-01,3712,AUD,3,,,3712000
ABS:MERCH_IMP(1.0.0),67,UK,TOT,M,2023-04-01,1585,AUD,3,,,1585000
ABS:MERCH_IMP(1.0.0),67,UK,TOT,M,2023-05-01,3361,AUD,3,,,3361000
ABS:MERCH_IMP(1.0.0),67,UK,TOT,M,2023-06-01,2991,AUD,3,,,2991000
ABS:MERCH_IMP(1.0.0),67,UK,TOT,M,2023-07-01,1872,AUD,3,,,1872000
ABS:MERCH_IMP(1.0.0),67,UK,TOT,M,2023-08-01,2649,AUD,3,,,2649000
ABS:MERCH_IMP(1.0.0),67,UK,TOT,M,2023-09-01,3336,AUD,3,,,3336000
ABS:MERCH_IMP(1.0.0),67,UK,TOT,M,2023-10-01,3371,AUD,3,,,3371000
ABS:MERCH_IMP(1.0.0),67,UK,TOT,M,2023-11-01,2289,AUD,3,,,2289000
ABS:MERCH_IMP(1.0.0),67,UK,TOT,M,2023-12-01,2113,AUD,3,,,2113000
ABS:MERCH_IMP(1.0.0),67,UK,TOT,M,2024-01-01,1784,AUD,3,,,1784000
ABS:MERCH_IMP(1.0.0),67,UK,TOT,M,2024-02-01,1577,AUD,3,,,1577000
ABS:MERCH_IMP(1.0.0),67,UK,TOT,M,2024-03-01,2100,AUD,3,,,2100000
ABS:MERCH_IMP(1.0.0),67,UK,TOT,M,2024-04-01,3483,AUD,3,,,3483000
ABS:MERCH_IMP(1.0.0),67,UK,TOT,M,2024-05-01,3855,AUD,3,,,3855000
ABS:MERCH_IMP(1.0.0),67,UK,TOT,M,2024-06-01,3039,AUD,3,,,3039000
ABS:MERCH_IMP(1.0.0),67,UK,TOT,M,2024-07-01,2432,AUD,3,,,2432000
ABS:MERCH_IMP(1.0.0),67,UK,TOT,M,2024-08-01,2776,AUD,3,,,2776000
ABS:MERCH_IMP(1.0.0),67,UK,TOT,M,2024-09-01,3508,AUD,3,,,3508000
ABS:MERCH_IMP(1.0.0),67,UK,TOT,M,2024-10-01,3170,AUD,3,,,3170000
ABS:MERCH_IMP(1.0.0),67,UK,TOT,M,2024-11-01,3820,AUD,3,,,3820000
ABS:MERCH_IMP(1.0.0),67,UK,TOT,M,2024-12-01,3719,AUD,3,,,3719000
ABS:MERCH_IMP(1.0.0),67,UK,TOT,M,2025-01-01,2918,AUD,3,,,2918000
ABS:MERCH_IMP(1.0.0),67,UK,TOT,M,2025-02-01,2382,AUD,3,,,2382000
ABS:MERCH_IMP(1.0.0),67,UK,TOT,M,2025-03-01,3328,AUD,3,,,3328000
ABS:MERCH_IMP(1.0.0),67,UK,TOT,M,2025-04-01,2463,AUD,3,,,2463000
ABS:MERCH_IMP(1.0.0),67,UK,TOT,M,2025-05-01,2403,AUD,3,,,2403000
ABS:MERCH_IMP(1.0.0),67,UK,TOT,M,2025-06-01,5058,AUD,3,,,5058000
ABS:MERCH_IMP(1.0.0),67,UK,TOT,M,2025-07-01,2776,AUD,3,,,2776000
ABS:MERCH_IMP(1.0.0),67,UK,TOT,M,2025-08-01,1901,AUD,3,,,1901000
ABS:MERCH_IMP(1.0.0),67,UK,TOT,M,2025-09-01,2302,AUD,3,,,2302000
ABS:MERCH_IMP(1.0.0),67,UK,TOT,M,2025-10-01,2269,AUD,3,,,2269000
ABS:MERCH_IMP(1.0.0),67,UK,TOT,M,2025-11-01,2443,AUD,3,,,2443000
ABS:MERCH_IMP(1.0.0),67,UK,TOT,M,2025-12-01,2664,AUD,3,,,2664000
ABS:MERCH_IMP(1.0.0),67,UK,TOT,M,2026-01-01,5328,AUD,3,,,5328000
ABS:MERCH_IMP(1.0.0),67,UK,TOT,M,2026-02-01,10157,AUD,3,,,10157000
ABS:MERCH_IMP(1.0.0),67,UK,TOT,M,2026-03-01,4440,AUD,3,,,4440000
ABS:MERCH_IMP(1.0.0),67,UK,TOT,M,2026-04-01,3646,AUD,3,,,3646000
ABS:MERCH_IMP(1.0.0),67,UK,TOT,M,2026-05-01,4145,AUD,3,,,4145000
ABS:MERCH_IMP(1.0.0),67,UK,TOT,M,2026-06-01,3410,AUD,3,,,3410000
ABS:MERCH_IMP(1.0.0),67,UK,TOT,M,2026-07-01,1829,AUD,3,,,1829000
ABS:MERCH_IMP(1.0.0),67,CEAR,TOT,M,2018-07-01,3,AUD,3,,,3000
ABS:MERCH_IMP(1.0.0),67,SAMO,TOT,M,2015-08-01,3,AUD,3,,,3000
ABS:MERCH_IMP(1.0.0),67,SAMO,TOT,M,2015-11-01,1,AUD,3,,,1000
ABS:MERCH_IMP(1.0.0),67,SAMO,TOT,M,2016-07-01,2,AUD,3,,,2000
ABS:MERCH_IMP(1.0.0),67,SAMO,TOT,M,2016-11-01,3,AUD,3,,,3000
ABS:MERCH_IMP(1.0.0),67,SAMO,TOT,M,2017-06-01,1,AUD,3,,,1000
ABS:MERCH_IMP(1.0.0),67,SAMO,TOT,M,2017-11-01,4,AUD,3,,,4000
ABS:MERCH_IMP(1.0.0),67,SAMO,TOT,M,2019-07-01,11,AUD,3,,,11000
ABS:MERCH_IMP(1.0.0),67,SAMO,TOT,M,2019-09-01,128,AUD,3,,,128000
ABS:MERCH_IMP(1.0.0),67,SAMO,TOT,M,2019-10-01,1,AUD,3,,,1000
ABS:MERCH_IMP(1.0.0),67,SAMO,TOT,M,2023-05-01,2,AUD,3,,,2000
ABS:MERCH_IMP(1.0.0),67,SAMO,TOT,M,2023-07-01,4,AUD,3,,,4000
ABS:MERCH_IMP(1.0.0),67,SAMO,TOT,M,2025-04-01,17,AUD,3,,,17000
ABS:MERCH_IMP(1.0.0),67,SAMO,TOT,M,2025-09-01,79,AUD,3,,,79000
ABS:MERCH_IMP(1.0.0),67,SAMO,TOT,M,2025-11-01,3,AUD,3,,,3000
ABS:MERCH_IMP(1.0.0),67,SAMO,TOT,M,2026-03-01,22,AUD,3,,,22000
ABS:MERCH_IMP(1.0.0),67,RUSS,TOT,M,2015-01-01,1439,AUD,3,,,1439000
ABS:MERCH_IMP(1.0.0),67,RUSS,TOT,M,2015-02-01,1094,AUD,3,,,1094000
ABS:MERCH_IMP(1.0.0),67,RUSS,TOT,M,2015-03-01,1280,AUD,3,,,1280000
ABS:MERCH_IMP(1.0.0),67,RUSS,TOT,M,2015-04-01,985,AUD,3,,,985000
ABS:MERCH_IMP(1.0.0),67,RUSS,TOT,M,2015-05-01,210,AUD,3,,,210000
ABS:MERCH_IMP(1.0.0),67,RUSS,TOT,M,2015-06-01,389,AUD,3,,,389000
ABS:MERCH_IMP(1.0.0),67,RUSS,TOT,M,2015-07-01,100,AUD,3,,,100000
ABS:MERCH_IMP(1.0.0),67,RUSS,TOT,M,2015-08-01,1059,AUD,3,,,1059000
ABS:MERCH_IMP(1.0.0),67,RUSS,TOT,M,2015-09-01,963,AUD,3,,,963000
ABS:MERCH_IMP(1.0.0),67,RUSS,TOT,M,2015-10-01,946,AUD,3,,,946000
ABS:MERCH_IMP(1.0.0),67,RUSS,TOT,M,2015-11-01,1887,AUD,3,,,1887000
ABS:MERCH_IMP(1.0.0),67,RUSS,TOT,M,2015-12-01,1817,AUD,3,,,1817000
ABS:MERCH_IMP(1.0.0),67,RUSS,TOT,M,2016-01-01,1924,AUD,3,,,1924000
ABS:MERCH_IMP(1.0.0),67,RUSS,TOT,M,2016-02-01,1815,AUD,3,,,1815000
ABS:MERCH_IMP(1.0.0),67,RUSS,TOT,M,2016-03-01,807,AUD,3,,,807000
ABS:MERCH_IMP(1.0.0),67,RUSS,TOT,M,2016-04-01,1486,AUD,3,,,1486000
ABS:MERCH_IMP(1.0.0),67,RUSS,TOT,M,2016-05-01,278,AUD,3,,,278000
ABS:MERCH_IMP(1.0.0),67,RUSS,TOT,M,2016-06-01,416,AUD,3,,,416000
ABS:MERCH_IMP(1.0.0),67,RUSS,TOT,M,2016-07-01,632,AUD,3,,,632000
ABS:MERCH_IMP(1.0.0),67,RUSS,TOT,M,2016-08-01,820,AUD,3,,,820000
ABS:MERCH_IMP(1.0.0),67,RUSS,TOT,M,2016-09-01,351,AUD,3,,,351000
ABS:MERCH_IMP(1.0.0),67,RUSS,TOT,M,2016-10-01,164,AUD,3,,,164000
ABS:MERCH_IMP(1.0.0),67,RUSS,TOT,M,2016-11-01,501,AUD,3,,,501000
ABS:MERCH_IMP(1.0.0),67,RUSS,TOT,M,2016-12-01,323,AUD,3,,,323000
ABS:MERCH_IMP(1.0.0),67,RUSS,TOT,M,2017-01-01,721,AUD,3,,,721000
ABS:MERCH_IMP(1.0.0),67,RUSS,TOT,M,2017-02-01,567,AUD,3,,,567000
ABS:MERCH_IMP(1.0.0),67,RUSS,TOT,M,2017-03-01,384,AUD,3,,,384000
ABS:MERCH_IMP(1.0.0),67,RUSS,TOT,M,2017-04-01,3,AUD,3,,,3000
ABS:MERCH_IMP(1.0.0),67,RUSS,TOT,M,2017-05-01,810,AUD,3,,,810000
ABS:MERCH_IMP(1.0.0),67,RUSS,TOT,M,2017-06-01,150,AUD,3,,,150000
ABS:MERCH_IMP(1.0.0),67,RUSS,TOT,M,2017-07-01,346,AUD,3,,,346000
ABS:MERCH_IMP(1.0.0),67,RUSS,TOT,M,2017-08-01,314,AUD,3,,,314000
ABS:MERCH_IMP(1.0.0),67,RUSS,TOT,M,2017-09-01,301,AUD,3,,,301000
ABS:MERCH_IMP(1.0.0),67,RUSS,TOT,M,2017-10-01,693,AUD,3,,,693000
ABS:MERCH_IMP(1.0.0),67,RUSS,TOT,M,2017-11-01,242,AUD,3,,,242000
ABS:MERCH_IMP(1.0.0),67,RUSS,TOT,M,2017-12-01,463,AUD,3,,,463000
ABS:MERCH_IMP(1.0.0),67,RUSS,TOT,M,2018-01-01,508,AUD,3,,,508000
ABS:MERCH_IMP(1.0.0),67,RUSS,TOT,M,2018-02-01,456,AUD,3,,,456000
ABS:MERCH_IMP(1.0.0),67,RUSS,TOT,M,2018-03-01,305,AUD,3,,,305000
ABS:MERCH_IMP(1.0.0),67,RUSS,TOT,M,2018-04-01,268,AUD,3,,,268000
ABS:MERCH_IMP(1.0.0),67,RUSS,TOT,M,2018-05-01,660,AUD,3,,,660000
ABS:MERCH_IMP(1.0.0),67,RUSS,TOT,M,2018-06-01,251,AUD,3,,,251000
ABS:MERCH_IMP(1.0.0),67,RUSS,TOT,M,2018-07-01,686,AUD,3,,,686000
ABS:MERCH_IMP(1.0.0),67,RUSS,TOT,M,2018-08-01,272,AUD,3,,,272000
ABS:MERCH_IMP(1.0.0),67,RUSS,TOT,M,2018-09-01,669,AUD,3,,,669000
ABS:MERCH_IMP(1.0.0),67,RUSS,TOT,M,2018-10-01,315,AUD,3,,,315000
ABS:MERCH_IMP(1.0.0),67,RUSS,TOT,M,2018-11-01,725,AUD,3,,,725000
ABS:MERCH_IMP(1.0.0),67,RUSS,TOT,M,2018-12-01,582,AUD,3,,,582000
ABS:MERCH_IMP(1.0.0),67,RUSS,TOT,M,2019-01-01,1142,AUD,3,,,1142000
ABS:MERCH_IMP(1.0.0),67,RUSS,TOT,M,2019-02-01,455,AUD,3,,,455000
ABS:MERCH_IMP(1.0.0),67,RUSS,TOT,M,2019-03-01,421,AUD,3,,,421000
ABS:MERCH_IMP(1.0.0),67,RUSS,TOT,M,2019-04-01,999,AUD,3,,,999000
ABS:MERCH_IMP(1.0.0),67,RUSS,TOT,M,2019-05-01,317,AUD,3,,,317000
ABS:MERCH_IMP(1.0.0),67,RUSS,TOT,M,2019-06-01,457,AUD,3,,,457000
ABS:MERCH_IMP(1.0.0),67,RUSS,TOT,M,2019-07-01,425,AUD,3,,,425000
ABS:MERCH_IMP(1.0.0),67,RUSS,TOT,M,2019-08-01,687,AUD,3,,,687000
ABS:MERCH_IMP(1.0.0),67,RUSS,TOT,M,2019-10-01,562,AUD,3,,,562000
ABS:MERCH_IMP(1.0.0),67,RUSS,TOT,M,2019-11-01,463,AUD,3,,,463000
ABS:MERCH_IMP(1.0.0),67,RUSS,TOT,M,2019-12-01,849,AUD,3,,,849000
ABS:MERCH_IMP(1.0.0),67,RUSS,TOT,M,2020-01-01,409,AUD,3,,,409000
ABS:MERCH_IMP(1.0.0),67,RUSS,TOT,M,2020-02-01,409,AUD,3,,,409000
ABS:MERCH_IMP(1.0.0),67,RUSS,TOT,M,2020-03-01,272,AUD,3,,,272000
ABS:MERCH_IMP(1.0.0),67,RUSS,TOT,M,2020-04-01,455,AUD,3,,,455000
ABS:MERCH_IMP(1.0.0),67,RUSS,TOT,M,2020-05-01,1571,AUD,3,,,1571000
ABS:MERCH_IMP(1.0.0),67,RUSS,TOT,M,2020-06-01,242,AUD,3,,,242000
ABS:MERCH_IMP(1.0.0),67,RUSS,TOT,M,2020-07-01,1082,AUD,3,,,1082000
ABS:MERCH_IMP(1.0.0),67,RUSS,TOT,M,2020-08-01,368,AUD,3,,,368000
ABS:MERCH_IMP(1.0.0),67,RUSS,TOT,M,2020-09-01,90,AUD,3,,,90000
ABS:MERCH_IMP(1.0.0),67,RUSS,TOT,M,2020-10-01,431,AUD,3,,,431000
ABS:MERCH_IMP(1.0.0),67,RUSS,TOT,M,2020-11-01,362,AUD,3,,,362000
ABS:MERCH_IMP(1.0.0),67,RUSS,TOT,M,2020-12-01,492,AUD,3,,,492000
ABS:MERCH_IMP(1.0.0),67,RUSS,TOT,M,2021-01-01,178,AUD,3,,,178000
ABS:MERCH_IMP(1.0.0),67,RUSS,TOT,M,2021-02-01,269,AUD,3,,,269000
ABS:MERCH_IMP(1.0.0),67,RUSS,TOT,M,2021-03-01,258,AUD,3,,,258000
ABS:MERCH_IMP(1.0.0),67,RUSS,TOT,M,2021-04-01,283,AUD,3,,,283000
ABS:MERCH_IMP(1.0.0),67,RUSS,TOT,M,2021-05-01,872,AUD,3,,,872000
ABS:MERCH_IMP(1.0.0),67,RUSS,TOT,M,2021-06-01,404,AUD,3,,,404000
ABS:MERCH_IMP(1.0.0),67,RUSS,TOT,M,2021-07-01,1111,AUD,3,,,1111000
ABS:MERCH_IMP(1.0.0),67,RUSS,TOT,M,2021-08-01,513,AUD,3,,,513000
ABS:MERCH_IMP(1.0.0),67,RUSS,TOT,M,2021-09-01,30618,AUD,3,,,30618000
ABS:MERCH_IMP(1.0.0),67,RUSS,TOT,M,2021-10-01,493,AUD,3,,,493000
ABS:MERCH_IMP(1.0.0),67,RUSS,TOT,M,2021-11-01,1092,AUD,3,,,1092000
ABS:MERCH_IMP(1.0.0),67,RUSS,TOT,M,2021-12-01,33380,AUD,3,,,33380000
ABS:MERCH_IMP(1.0.0),67,RUSS,TOT,M,2022-01-01,33391,AUD,3,,,33391000
ABS:MERCH_IMP(1.0.0),67,RUSS,TOT,M,2022-02-01,2736,AUD,3,,,2736000
ABS:MERCH_IMP(1.0.0),67,RUSS,TOT,M,2022-03-01,1599,AUD,3,,,1599000
ABS:MERCH_IMP(1.0.0),67,RUSS,TOT,M,2022-04-01,2571,AUD,3,,,2571000
ABS:MERCH_IMP(1.0.0),67,RUSS,TOT,M,2022-05-01,1025,AUD,3,,,1025000
ABS:MERCH_IMP(1.0.0),67,RUSS,TOT,M,2022-06-01,678,AUD,3,,,678000
ABS:MERCH_IMP(1.0.0),67,RUSS,TOT,M,2022-07-01,299,AUD,3,,,299000
ABS:MERCH_IMP(1.0.0),67,RUSS,TOT,M,2022-08-01,380,AUD,3,,,380000
ABS:MERCH_IMP(1.0.0),67,RUSS,TOT,M,2023-01-01,4336,AUD,3,,,4336000
ABS:MERCH_IMP(1.0.0),67,RUSS,TOT,M,2023-05-01,2,AUD,3,,,2000
ABS:MERCH_IMP(1.0.0),67,RUSS,TOT,M,2023-06-01,143,AUD,3,,,143000
ABS:MERCH_IMP(1.0.0),67,IRE,TOT,M,2015-02-01,15,AUD,3,,,15000
ABS:MERCH_IMP(1.0.0),67,IRE,TOT,M,2015-04-01,19,AUD,3,,,19000
ABS:MERCH_IMP(1.0.0),67,IRE,TOT,M,2015-06-01,18,AUD,3,,,18000
ABS:MERCH_IMP(1.0.0),67,IRE,TOT,M,2015-07-01,6,AUD,3,,,6000
ABS:MERCH_IMP(1.0.0),67,IRE,TOT,M,2015-08-01,21,AUD,3,,,21000
ABS:MERCH_IMP(1.0.0),67,IRE,TOT,M,2015-09-01,9,AUD,3,,,9000
ABS:MERCH_IMP(1.0.0),67,IRE,TOT,M,2015-10-01,21,AUD,3,,,21000
ABS:MERCH_IMP(1.0.0),67,IRE,TOT,M,2015-11-01,51,AUD,3,,,51000
ABS:MERCH_IMP(1.0.0),67,IRE,TOT,M,2015-12-01,15,AUD,3,,,15000
ABS:MERCH_IMP(1.0.0),67,IRE,TOT,M,2016-01-01,10,AUD,3,,,10000
ABS:MERCH_IMP(1.0.0),67,IRE,TOT,M,2016-02-01,9,AUD,3,,,9000
ABS:MERCH_IMP(1.0.0),67,IRE,TOT,M,2016-03-01,55,AUD,3,,,55000
ABS:MERCH_IMP(1.0.0),67,IRE,TOT,M,2016-04-01,24,AUD,3,,,24000
ABS:MERCH_IMP(1.0.0),67,IRE,TOT,M,2016-05-01,43,AUD,3,,,43000
ABS:MERCH_IMP(1.0.0),67,IRE,TOT,M,2016-06-01,44,AUD,3,,,44000
ABS:MERCH_IMP(1.0.0),67,IRE,TOT,M,2016-07-01,25,AUD,3,,,25000
ABS:MERCH_IMP(1.0.0),67,IRE,TOT,M,2016-10-01,13,AUD,3,,,13000
ABS:MERCH_IMP(1.0.0),67,IRE,TOT,M,2016-11-01,19,AUD,3,,,19000
ABS:MERCH_IMP(1.0.0),67,IRE,TOT,M,2017-01-01,45,AUD,3,,,45000
ABS:MERCH_IMP(1.0.0),67,IRE,TOT,M,2017-04-01,9,AUD,3,,,9000
ABS:MERCH_IMP(1.0.0),67,IRE,TOT,M,2017-06-01,266,AUD,3,,,266000
ABS:MERCH_IMP(1.0.0),67,IRE,TOT,M,2017-07-01,146,AUD,3,,,146000
ABS:MERCH_IMP(1.0.0),67,IRE,TOT,M,2017-08-01,24,AUD,3,,,24000
ABS:MERCH_IMP(1.0.0),67,IRE,TOT,M,2017-09-01,109,AUD,3,,,109000
ABS:MERCH_IMP(1.0.0),67,IRE,TOT,M,2017-10-01,57,AUD,3,,,57000
ABS:MERCH_IMP(1.0.0),67,IRE,TOT,M,2017-12-01,9,AUD,3,,,9000
ABS:MERCH_IMP(1.0.0),67,IRE,TOT,M,2018-01-01,16,AUD,3,,,16000
ABS:MERCH_IMP(1.0.0),67,IRE,TOT,M,2018-02-01,126,AUD,3,,,126000
ABS:MERCH_IMP(1.0.0),67,IRE,TOT,M,2018-03-01,173,AUD,3,,,173000
ABS:MERCH_IMP(1.0.0),67,IRE,TOT,M,2018-04-01,104,AUD,3,,,104000
ABS:MERCH_IMP(1.0.0),67,IRE,TOT,M,2018-05-01,84,AUD,3,,,84000
ABS:MERCH_IMP(1.0.0),67,IRE,TOT,M,2018-06-01,6,AUD,3,,,6000
ABS:MERCH_IMP(1.0.0),67,IRE,TOT,M,2018-07-01,117,AUD,3,,,117000
ABS:MERCH_IMP(1.0.0),67,IRE,TOT,M,2018-09-01,3,AUD,3,,,3000
ABS:MERCH_IMP(1.0.0),67,IRE,TOT,M,2018-10-01,102,AUD,3,,,102000
ABS:MERCH_IMP(1.0.0),67,IRE,TOT,M,2019-02-01,10,AUD,3,,,10000
ABS:MERCH_IMP(1.0.0),67,IRE,TOT,M,2019-04-01,12,AUD,3,,,12000
ABS:MERCH_IMP(1.0.0),67,IRE,TOT,M,2019-08-01,14,AUD,3,,,14000
ABS:MERCH_IMP(1.0.0),67,IRE,TOT,M,2019-09-01,4,AUD,3,,,4000
ABS:MERCH_IMP(1.0.0),67,IRE,TOT,M,2019-12-01,4,AUD,3,,,4000
ABS:MERCH_IMP(1.0.0),67,IRE,TOT,M,2020-01-01,4,AUD,3,,,4000
ABS:MERCH_IMP(1.0.0),67,IRE,TOT,M,2020-02-01,33,AUD,3,,,33000
ABS:MERCH_IMP(1.0.0),67,IRE,TOT,M,2020-04-01,3,AUD,3,,,3000
ABS:MERCH_IMP(1.0.0),67,IRE,TOT,M,2020-06-01,7,AUD,3,,,7000
ABS:MERCH_IMP(1.0.0),67,IRE,TOT,M,2020-10-01,15,AUD,3,,,15000
ABS:MERCH_IMP(1.0.0),67,IRE,TOT,M,2020-11-01,2,AUD,3,,,2000
ABS:MERCH_IMP(1.0.0),67,IRE,TOT,M,2020-12-01,15,AUD,3,,,15000
ABS:MERCH_IMP(1.0.0),67,IRE,TOT,M,2021-02-01,3,AUD,3,,,3000
ABS:MERCH_IMP(1.0.0),67,IRE,TOT,M,2021-03-01,1,AUD,3,,,1000
ABS:MERCH_IMP(1.0.0),67,IRE,TOT,M,2021-04-01,6,AUD,3,,,6000
ABS:MERCH_IMP(1.0.0),67,IRE,TOT,M,2021-05-01,4,AUD,3,,,4000
ABS:MERCH_IMP(1.0.0),67,IRE,TOT,M,2021-07-01,6,AUD,3,,,6000
ABS:MERCH_IMP(1.0.0),67,IRE,TOT,M,2021-10-01,1,AUD,3,,,1000
ABS:MERCH_IMP(1.0.0),67,IRE,TOT,M,2021-12-01,25,AUD,3,,,25000
ABS:MERCH_IMP(1.0.0),67,IRE,TOT,M,2022-01-01,2,AUD,3,,,2000
ABS:MERCH_IMP(1.0.0),67,IRE,TOT,M,2022-03-01,5,AUD,3,,,5000
ABS:MERCH_IMP(1.0.0),67,IRE,TOT,M,2022-04-01,5,AUD,3,,,5000
ABS:MERCH_IMP(1.0.0),67,IRE,TOT,M,2022-05-01,11,AUD,3,,,11000
ABS:MERCH_IMP(1.0.0),67,IRE,TOT,M,2022-06-01,12,AUD,3,,,12000
ABS:MERCH_IMP(1.0.0),67,IRE,TOT,M,2022-07-01,12,AUD,3,,,12000
ABS:MERCH_IMP(1.0.0),67,IRE,TOT,M,2022-11-01,3,AUD,3,,,3000
ABS:MERCH_IMP(1.0.0),67,IRE,TOT,M,2023-01-01,2,AUD,3,,,2000
ABS:MERCH_IMP(1.0.0),67,IRE,TOT,M,2023-02-01,2,AUD,3,,,2000
ABS:MERCH_IMP(1.0.0),67,IRE,TOT,M,2023-03-01,7,AUD,3,,,7000
ABS:MERCH_IMP(1.0.0),67,IRE,TOT,M,2023-04-01,7,AUD,3,,,7000
ABS:MERCH_IMP(1.0.0),67,IRE,TOT,M,2023-05-01,12,AUD,3,,,12000
ABS:MERCH_IMP(1.0.0),67,IRE,TOT,M,2023-06-01,9,AUD,3,,,9000
ABS:MERCH_IMP(1.0.0),67,IRE,TOT,M,2023-07-01,5,AUD,3,,,5000
ABS:MERCH_IMP(1.0.0),67,IRE,TOT,M,2023-08-01,12,AUD,3,,,12000
ABS:MERCH_IMP(1.0.0),67,IRE,TOT,M,2023-09-01,1,AUD,3,,,1000
ABS:MERCH_IMP(1.0.0),67,IRE,TOT,M,2023-10-01,8,AUD,3,,,8000
ABS:MERCH_IMP(1.0.0),67,IRE,TOT,M,2023-11-01,9,AUD,3,,,9000
ABS:MERCH_IMP(1.0.0),67,IRE,TOT,M,2023-12-01,3,AUD,3,,,3000
ABS:MERCH_IMP(1.0.0),67,IRE,TOT,M,2024-02-01,12,AUD,3,,,12000
ABS:MERCH_IMP(1.0.0),67,IRE,TOT,M,2024-03-01,283,AUD,3,,,283000
ABS:MERCH_IMP(1.0.0),67,IRE,TOT,M,2024-04-01,4,AUD,3,,,4000
ABS:MERCH_IMP(1.0.0),67,IRE,TOT,M,2024-05-01,1,AUD,3,,,1000
ABS:MERCH_IMP(1.0.0),67,IRE,TOT,M,2024-06-01,11,AUD,3,,,11000
ABS:MERCH_IMP(1.0.0),67,IRE,TOT,M,2024-07-01,5,AUD,3,,,5000
ABS:MERCH_IMP(1.0.0),67,IRE,TOT,M,2024-09-01,23,AUD,3,,,23000
ABS:MERCH_IMP(1.0.0),67,IRE,TOT,M,2024-10-01,13,AUD,3,,,13000
ABS:MERCH_IMP(1.0.0),67,IRE,TOT,M,2024-11-01,8,AUD,3,,,8000
ABS:MERCH_IMP(1.0.0),67,IRE,TOT,M,2024-12-01,3,AUD,3,,,3000
ABS:MERCH_IMP(1.0.0),67,IRE,TOT,M,2025-01-01,65,AUD,3,,,65000
ABS:MERCH_IMP(1.0.0),67,IRE,TOT,M,2025-02-01,11,AUD,3,,,11000
ABS:MERCH_IMP(1.0.0),67,IRE,TOT,M,2025-03-01,4,AUD,3,,,4000
ABS:MERCH_IMP(1.0.0),67,IRE,TOT,M,2025-04-01,17,AUD,3,,,17000
ABS:MERCH_IMP(1.0.0),67,IRE,TOT,M,2025-05-01,18,AUD,3,,,18000
ABS:MERCH_IMP(1.0.0),67,IRE,TOT,M,2025-06-01,12,AUD,3,,,12000
ABS:MERCH_IMP(1.0.0),67,IRE,TOT,M,2025-07-01,10,AUD,3,,,10000
ABS:MERCH_IMP(1.0.0),67,IRE,TOT,M,2025-09-01,3,AUD,3,,,3000
ABS:MERCH_IMP(1.0.0),67,IRE,TOT,M,2025-11-01,4,AUD,3,,,4000
ABS:MERCH_IMP(1.0.0),67,IRE,TOT,M,2026-01-01,5,AUD,3,,,5000
ABS:MERCH_IMP(1.0.0),67,IRE,TOT,M,2026-02-01,3,AUD,3,,,3000
ABS:MERCH_IMP(1.0.0),67,IRE,TOT,M,2026-03-01,6,AUD,3,,,6000
ABS:MERCH_IMP(1.0.0),67,IRE,TOT,M,2026-04-01,15,AUD,3,,,15000
ABS:MERCH_IMP(1.0.0),67,IRE,TOT,M,2026-06-01,2,AUD,3,,,2000
ABS:MERCH_IMP(1.0.0),67,IRE,TOT,M,2026-07-01,7,AUD,3,,,7000
ABS:MERCH_IMP(1.0.0),67,VENZ,TOT,M,2018-10-01,1,AUD,3,,,1000
ABS:MERCH_IMP(1.0.0),67,BULG,TOT,M,2015-07-01,4,AUD,3,,,4000
ABS:MERCH_IMP(1.0.0),67,BULG,TOT,M,2015-10-01,1,AUD,3,,,1000
ABS:MERCH_IMP(1.0.0),67,BULG,TOT,M,2015-11-01,4,AUD,3,,,4000
ABS:MERCH_IMP(1.0.0),67,BULG,TOT,M,2016-05-01,2,AUD,3,,,2000
ABS:MERCH_IMP(1.0.0),67,BULG,TOT,M,2016-11-01,12,AUD,3,,,12000
ABS:MERCH_IMP(1.0.0),67,BULG,TOT,M,2016-12-01,12,AUD,3,,,12000
ABS:MERCH_IMP(1.0.0),67,BULG,TOT,M,2017-04-01,1,AUD,3,,,1000
ABS:MERCH_IMP(1.0.0),67,BULG,TOT,M,2017-05-01,2,AUD,3,,,2000
ABS:MERCH_IMP(1.0.0),67,BULG,TOT,M,2017-09-01,1,AUD,3,,,1000
ABS:MERCH_IMP(1.0.0),67,BULG,TOT,M,2018-02-01,1,AUD,3,,,1000
ABS:MERCH_IMP(1.0.0),67,BULG,TOT,M,2018-03-01,3,AUD,3,,,3000
ABS:MERCH_IMP(1.0.0),67,BULG,TOT,M,2018-08-01,5,AUD,3,,,5000
ABS:MERCH_IMP(1.0.0),67,BULG,TOT,M,2018-09-01,8,AUD,3,,,8000
ABS:MERCH_IMP(1.0.0),67,BULG,TOT,M,2018-10-01,6,AUD,3,,,6000
ABS:MERCH_IMP(1.0.0),67,BULG,TOT,M,2019-02-01,6,AUD,3,,,6000
ABS:MERCH_IMP(1.0.0),67,BULG,TOT,M,2019-03-01,1,AUD,3,,,1000
ABS:MERCH_IMP(1.0.0),67,BULG,TOT,M,2019-06-01,2,AUD,3,,,2000
ABS:MERCH_IMP(1.0.0),67,BULG,TOT,M,2019-07-01,1,AUD,3,,,1000
ABS:MERCH_IMP(1.0.0),67,BULG,TOT,M,2019-10-01,17,AUD,3,,,17000
ABS:MERCH_IMP(1.0.0),67,BULG,TOT,M,2019-11-01,2,AUD,3,,,2000
ABS:MERCH_IMP(1.0.0),67,BULG,TOT,M,2020-03-01,3,AUD,3,,,3000
ABS:MERCH_IMP(1.0.0),67,BULG,TOT,M,2020-05-01,2,AUD,3,,,2000
ABS:MERCH_IMP(1.0.0),67,BULG,TOT,M,2020-08-01,5,AUD,3,,,5000
ABS:MERCH_IMP(1.0.0),67,BULG,TOT,M,2020-09-01,1,AUD,3,,,1000
ABS:MERCH_IMP(1.0.0),67,BULG,TOT,M,2020-10-01,1,AUD,3,,,1000
ABS:MERCH_IMP(1.0.0),67,BULG,TOT,M,2020-12-01,2,AUD,3,,,2000
ABS:MERCH_IMP(1.0.0),67,BULG,TOT,M,2021-01-01,1,AUD,3,,,1000
ABS:MERCH_IMP(1.0.0),67,BULG,TOT,M,2021-02-01,11,AUD,3,,,11000
ABS:MERCH_IMP(1.0.0),67,BULG,TOT,M,2021-03-01,2,AUD,3,,,2000
ABS:MERCH_IMP(1.0.0),67,BULG,TOT,M,2021-04-01,12,AUD,3,,,12000
ABS:MERCH_IMP(1.0.0),67,BULG,TOT,M,2021-07-01,2,AUD,3,,,2000
ABS:MERCH_IMP(1.0.0),67,BULG,TOT,M,2021-08-01,3,AUD,3,,,3000
ABS:MERCH_IMP(1.0.0),67,BULG,TOT,M,2021-09-01,4,AUD,3,,,4000
ABS:MERCH_IMP(1.0.0),67,BULG,TOT,M,2021-10-01,9,AUD,3,,,9000
ABS:MERCH_IMP(1.0.0),67,BULG,TOT,M,2021-11-01,2,AUD,3,,,2000
ABS:MERCH_IMP(1.0.0),67,BULG,TOT,M,2021-12-01,2,AUD,3,,,2000
ABS:MERCH_IMP(1.0.0),67,BULG,TOT,M,2022-01-01,5,AUD,3,,,5000
ABS:MERCH_IMP(1.0.0),67,BULG,TOT,M,2022-02-01,1,AUD,3,,,1000
ABS:MERCH_IMP(1.0.0),67,BULG,TOT,M,2022-03-01,4,AUD,3,,,4000
ABS:MERCH_IMP(1.0.0),67,BULG,TOT,M,2022-05-01,2,AUD,3,,,2000
ABS:MERCH_IMP(1.0.0),67,BULG,TOT,M,2022-06-01,8,AUD,3,,,8000
ABS:MERCH_IMP(1.0.0),67,BULG,TOT,M,2022-07-01,3,AUD,3,,,3000
ABS:MERCH_IMP(1.0.0),67,BULG,TOT,M,2022-08-01,2,AUD,3,,,2000
ABS:MERCH_IMP(1.0.0),67,BULG,TOT,M,2022-10-01,8,AUD,3,,,8000
ABS:MERCH_IMP(1.0.0),67,BULG,TOT,M,2022-11-01,2,AUD,3,,,2000
ABS:MERCH_IMP(1.0.0),67,BULG,TOT,M,2022-12-01,4,AUD,3,,,4000
ABS:MERCH_IMP(1.0.0),67,BULG,TOT,M,2023-01-01,1,AUD,3,,,1000
ABS:MERCH_IMP(1.0.0),67,BULG,TOT,M,2023-03-01,1,AUD,3,,,1000
ABS:MERCH_IMP(1.0.0),67,BULG,TOT,M,2023-04-01,1,AUD,3,,,1000
ABS:MERCH_IMP(1.0.0),67,BULG,TOT,M,2023-05-01,4,AUD,3,,,4000
ABS:MERCH_IMP(1.0.0),67,BULG,TOT,M,2023-06-01,2,AUD,3,,,2000
ABS:MERCH_IMP(1.0.0),67,BULG,TOT,M,2023-07-01,2,AUD,3,,,2000
ABS:MERCH_IMP(1.0.0),67,BULG,TOT,M,2023-09-01,4,AUD,3,,,4000
ABS:MERCH_IMP(1.0.0),67,BULG,TOT,M,2023-11-01,2,AUD,3,,,2000
ABS:MERCH_IMP(1.0.0),67,BULG,TOT,M,2024-02-01,1,AUD,3,,,1000
ABS:MERCH_IMP(1.0.0),67,BULG,TOT,M,2024-03-01,2,AUD,3,,,2000
ABS:MERCH_IMP(1.0.0),67,BULG,TOT,M,2024-05-01,9,AUD,3,,,9000
ABS:MERCH_IMP(1.0.0),67,BULG,TOT,M,2024-06-01,1,AUD,3,,,1000
ABS:MERCH_IMP(1.0.0),67,BULG,TOT,M,2024-07-01,8,AUD,3,,,8000
ABS:MERCH_IMP(1.0.0),67,BULG,TOT,M,2024-08-01,9,AUD,3,,,9000
ABS:MERCH_IMP(1.0.0),67,BULG,TOT,M,2024-09-01,6,AUD,3,,,6000
ABS:MERCH_IMP(1.0.0),67,BULG,TOT,M,2024-10-01,1,AUD,3,,,1000
ABS:MERCH_IMP(1.0.0),67,BULG,TOT,M,2024-11-01,1,AUD,3,,,1000
ABS:MERCH_IMP(1.0.0),67,BULG,TOT,M,2024-12-01,1,AUD,3,,,1000
ABS:MERCH_IMP(1.0.0),67,BULG,TOT,M,2025-01-01,3,AUD,3,,,3000
ABS:MERCH_IMP(1.0.0),67,BULG,TOT,M,2025-03-01,2,AUD,3,,,2000
ABS:MERCH_IMP(1.0.0),67,BULG,TOT,M,2025-04-01,9,AUD,3,,,9000
ABS:MERCH_IMP(1.0.0),67,BULG,TOT,M,2025-05-01,8,AUD,3,,,8000
ABS:MERCH_IMP(1.0.0),67,BULG,TOT,M,2025-06-01,3,AUD,3,,,3000
ABS:MERCH_IMP(1.0.0),67,BULG,TOT,M,2025-07-01,6,AUD,3,,,6000
ABS:MERCH_IMP(1.0.0),67,BULG,TOT,M,2025-09-01,13,AUD,3,,,13000
ABS:MERCH_IMP(1.0.0),67,BULG,TOT,M,2025-10-01,5,AUD,3,,,5000
ABS:MERCH_IMP(1.0.0),67,BULG,TOT,M,2025-11-01,56,AUD,3,,,56000
ABS:MERCH_IMP(1.0.0),67,BULG,TOT,M,2025-12-01,28,AUD,3,,,28000
ABS:MERCH_IMP(1.0.0),67,BULG,TOT,M,2026-01-01,5,AUD,3,,,5000
ABS:MERCH_IMP(1.0.0),67,BULG,TOT,M,2026-02-01,8,AUD,3,,,8000
ABS:MERCH_IMP(1.0.0),67,BULG,TOT,M,2026-03-01,4,AUD,3,,,4000
ABS:MERCH_IMP(1.0.0),67,BULG,TOT,M,2026-04-01,3,AUD,3,,,3000
ABS:MERCH_IMP(1.0.0),67,BULG,TOT,M,2026-06-01,13,AUD,3,,,13000
ABS:MERCH_IMP(1.0.0),67,BULG,TOT,M,2026-07-01,18,AUD,3,,,18000
ABS:MERCH_IMP(1.0.0),67,SING,TOT,M,2015-01-01,4146,AUD,3,,,4146000
ABS:MERCH_IMP(1.0.0),67,SING,TOT,M,2015-02-01,6069,AUD,3,,,6069000
ABS:MERCH_IMP(1.0.0),67,SING,TOT,M,2015-03-01,7435,AUD,3,,,7435000
ABS:MERCH_IMP(1.0.0),67,SING,TOT,M,2015-04-01,3696,AUD,3,,,3696000
ABS:MERCH_IMP(1.0.0),67,SING,TOT,M,2015-05-01,37506,AUD,3,,,37506000
ABS:MERCH_IMP(1.0.0),67,SING,TOT,M,2015-06-01,5430,AUD,3,,,5430000
ABS:MERCH_IMP(1.0.0),67,SING,TOT,M,2015-07-01,6062,AUD,3,,,6062000
ABS:MERCH_IMP(1.0.0),67,SING,TOT,M,2015-08-01,4050,AUD,3,,,4050000
ABS:MERCH_IMP(1.0.0),67,SING,TOT,M,2015-09-01,6742,AUD,3,,,6742000
ABS:MERCH_IMP(1.0.0),67,SING,TOT,M,2015-10-01,4415,AUD,3,,,4415000
ABS:MERCH_IMP(1.0.0),67,SING,TOT,M,2015-11-01,3170,AUD,3,,,3170000
ABS:MERCH_IMP(1.0.0),67,SING,TOT,M,2015-12-01,3707,AUD,3,,,3707000
ABS:MERCH_IMP(1.0.0),67,SING,TOT,M,2016-01-01,3547,AUD,3,,,3547000
ABS:MERCH_IMP(1.0.0),67,SING,TOT,M,2016-02-01,3576,AUD,3,,,3576000
ABS:MERCH_IMP(1.0.0),67,SING,TOT,M,2016-03-01,5468,AUD,3,,,5468000
ABS:MERCH_IMP(1.0.0),67,SING,TOT,M,2016-04-01,3799,AUD,3,,,3799000
ABS:MERCH_IMP(1.0.0),67,SING,TOT,M,2016-05-01,4968,AUD,3,,,4968000
ABS:MERCH_IMP(1.0.0),67,SING,TOT,M,2016-06-01,4574,AUD,3,,,4574000
ABS:MERCH_IMP(1.0.0),67,SING,TOT,M,2016-07-01,9738,AUD,3,,,9738000
ABS:MERCH_IMP(1.0.0),67,SING,TOT,M,2016-08-01,3802,AUD,3,,,3802000
ABS:MERCH_IMP(1.0.0),67,SING,TOT,M,2016-09-01,2932,AUD,3,,,2932000
ABS:MERCH_IMP(1.0.0),67,SING,TOT,M,2016-10-01,3235,AUD,3,,,3235000
ABS:MERCH_IMP(1.0.0),67,SING,TOT,M,2016-11-01,3713,AUD,3,,,3713000
ABS:MERCH_IMP(1.0.0),67,SING,TOT,M,2016-12-01,3505,AUD,3,,,3505000
ABS:MERCH_IMP(1.0.0),67,SING,TOT,M,2017-01-01,4620,AUD,3,,,4620000
ABS:MERCH_IMP(1.0.0),67,SING,TOT,M,2017-02-01,3671,AUD,3,,,3671000
ABS:MERCH_IMP(1.0.0),67,SING,TOT,M,2017-03-01,3448,AUD,3,,,3448000
ABS:MERCH_IMP(1.0.0),67,SING,TOT,M,2017-04-01,3037,AUD,3,,,3037000
ABS:MERCH_IMP(1.0.0),67,SING,TOT,M,2017-05-01,5718,AUD,3,,,5718000
ABS:MERCH_IMP(1.0.0),67,SING,TOT,M,2017-06-01,4582,AUD,3,,,4582000
ABS:MERCH_IMP(1.0.0),67,SING,TOT,M,2017-07-01,9940,AUD,3,,,9940000
ABS:MERCH_IMP(1.0.0),67,SING,TOT,M,2017-08-01,9241,AUD,3,,,9241000
ABS:MERCH_IMP(1.0.0),67,SING,TOT,M,2017-09-01,9622,AUD,3,,,9622000
ABS:MERCH_IMP(1.0.0),67,SING,TOT,M,2017-10-01,16641,AUD,3,,,16641000
ABS:MERCH_IMP(1.0.0),67,SING,TOT,M,2017-11-01,9152,AUD,3,,,9152000
ABS:MERCH_IMP(1.0.0),67,SING,TOT,M,2017-12-01,11119,AUD,3,,,11119000
ABS:MERCH_IMP(1.0.0),67,SING,TOT,M,2018-01-01,14582,AUD,3,,,14582000
ABS:MERCH_IMP(1.0.0),67,SING,TOT,M,2018-02-01,9029,AUD,3,,,9029000
ABS:MERCH_IMP(1.0.0),67,SING,TOT,M,2018-03-01,15774,AUD,3,,,15774000
ABS:MERCH_IMP(1.0.0),67,SING,TOT,M,2018-04-01,16398,AUD,3,,,16398000
ABS:MERCH_IMP(1.0.0),67,SING,TOT,M,2018-05-01,21934,AUD,3,,,21934000
ABS:MERCH_IMP(1.0.0),67,SING,TOT,M,2018-06-01,10642,AUD,3,,,10642000
ABS:MERCH_IMP(1.0.0),67,SING,TOT,M,2018-07-01,8886,AUD,3,,,8886000
ABS:MERCH_IMP(1.0.0),67,SING,TOT,M,2018-08-01,3441,AUD,3,,,3441000
ABS:MERCH_IMP(1.0.0),67,SING,TOT,M,2018-09-01,5188,AUD,3,,,5188000
ABS:MERCH_IMP(1.0.0),67,SING,TOT,M,2018-10-01,6845,AUD,3,,,6845000
ABS:MERCH_IMP(1.0.0),67,SING,TOT,M,2018-11-01,7226,AUD,3,,,7226000
ABS:MERCH_IMP(1.0.0),67,SING,TOT,M,2018-12-01,7483,AUD,3,,,7483000
ABS:MERCH_IMP(1.0.0),67,SING,TOT,M,2019-01-01,7801,AUD,3,,,7801000
ABS:MERCH_IMP(1.0.0),67,SING,TOT,M,2019-02-01,7618,AUD,3,,,7618000
ABS:MERCH_IMP(1.0.0),67,SING,TOT,M,2019-03-01,7388,AUD,3,,,7388000
ABS:MERCH_IMP(1.0.0),67,SING,TOT,M,2019-04-01,5319,AUD,3,,,5319000
ABS:MERCH_IMP(1.0.0),67,SING,TOT,M,2019-05-01,3805,AUD,3,,,3805000
ABS:MERCH_IMP(1.0.0),67,SING,TOT,M,2019-06-01,4191,AUD,3,,,4191000
ABS:MERCH_IMP(1.0.0),67,SING,TOT,M,2019-07-01,2939,AUD,3,,,2939000
ABS:MERCH_IMP(1.0.0),67,SING,TOT,M,2019-08-01,4892,AUD,3,,,4892000
ABS:MERCH_IMP(1.0.0),67,SING,TOT,M,2019-09-01,5132,AUD,3,,,5132000
ABS:MERCH_IMP(1.0.0),67,SING,TOT,M,2019-10-01,3666,AUD,3,,,3666000
ABS:MERCH_IMP(1.0.0),67,SING,TOT,M,2019-11-01,3006,AUD,3,,,3006000
ABS:MERCH_IMP(1.0.0),67,SING,TOT,M,2019-12-01,3204,AUD,3,,,3204000
ABS:MERCH_IMP(1.0.0),67,SING,TOT,M,2020-01-01,12221,AUD,3,,,12221000
ABS:MERCH_IMP(1.0.0),67,SING,TOT,M,2020-02-01,2462,AUD,3,,,2462000
ABS:MERCH_IMP(1.0.0),67,SING,TOT,M,2020-03-01,4442,AUD,3,,,4442000
ABS:MERCH_IMP(1.0.0),67,SING,TOT,M,2020-04-01,3225,AUD,3,,,3225000
ABS:MERCH_IMP(1.0.0),67,SING,TOT,M,2020-05-01,2074,AUD,3,,,2074000
ABS:MERCH_IMP(1.0.0),67,SING,TOT,M,2020-06-01,3134,AUD,3,,,3134000
ABS:MERCH_IMP(1.0.0),67,SING,TOT,M,2020-07-01,4983,AUD,3,,,4983000
ABS:MERCH_IMP(1.0.0),67,SING,TOT,M,2020-08-01,2548,AUD,3,,,2548000
ABS:MERCH_IMP(1.0.0),67,SING,TOT,M,2020-09-01,2342,AUD,3,,,2342000
ABS:MERCH_IMP(1.0.0),67,SING,TOT,M,2020-10-01,4104,AUD,3,,,4104000
ABS:MERCH_IMP(1.0.0),67,SING,TOT,M,2020-11-01,2516,AUD,3,,,2516000
ABS:MERCH_IMP(1.0.0),67,SING,TOT,M,2020-12-01,3642,AUD,3,,,3642000
ABS:MERCH_IMP(1.0.0),67,SING,TOT,M,2021-01-01,3025,AUD,3,,,3025000
ABS:MERCH_IMP(1.0.0),67,SING,TOT,M,2021-02-01,2967,AUD,3,,,2967000
ABS:MERCH_IMP(1.0.0),67,SING,TOT,M,2021-03-01,5120,AUD,3,,,5120000
ABS:MERCH_IMP(1.0.0),67,SING,TOT,M,2021-04-01,6225,AUD,3,,,6225000
ABS:MERCH_IMP(1.0.0),67,SING,TOT,M,2021-05-01,4388,AUD,3,,,4388000
ABS:MERCH_IMP(1.0.0),67,SING,TOT,M,2021-06-01,4960,AUD,3,,,4960000
ABS:MERCH_IMP(1.0.0),67,SING,TOT,M,2021-07-01,4837,AUD,3,,,4837000
ABS:MERCH_IMP(1.0.0),67,SING,TOT,M,2021-08-01,6254,AUD,3,,,6254000
ABS:MERCH_IMP(1.0.0),67,SING,TOT,M,2021-09-01,5151,AUD,3,,,5151000
ABS:MERCH_IMP(1.0.0),67,SING,TOT,M,2021-10-01,5093,AUD,3,,,5093000
ABS:MERCH_IMP(1.0.0),67,SING,TOT,M,2021-11-01,4725,AUD,3,,,4725000
ABS:MERCH_IMP(1.0.0),67,SING,TOT,M,2021-12-01,4735,AUD,3,,,4735000
ABS:MERCH_IMP(1.0.0),67,SING,TOT,M,2022-01-01,4137,AUD,3,,,4137000
ABS:MERCH_IMP(1.0.0),67,SING,TOT,M,2022-02-01,3479,AUD,3,,,3479000
ABS:MERCH_IMP(1.0.0),67,SING,TOT,M,2022-03-01,3763,AUD,3,,,3763000
ABS:MERCH_IMP(1.0.0),67,SING,TOT,M,2022-04-01,6875,AUD,3,,,6875000
ABS:MERCH_IMP(1.0.0),67,SING,TOT,M,2022-05-01,2685,AUD,3,,,2685000
ABS:MERCH_IMP(1.0.0),67,SING,TOT,M,2022-06-01,5655,AUD,3,,,5655000
ABS:MERCH_IMP(1.0.0),67,SING,TOT,M,2022-07-01,3675,AUD,3,,,3675000
ABS:MERCH_IMP(1.0.0),67,SING,TOT,M,2022-08-01,6819,AUD,3,,,6819000
ABS:MERCH_IMP(1.0.0),67,SING,TOT,M,2022-09-01,2300,AUD,3,,,2300000
ABS:MERCH_IMP(1.0.0),67,SING,TOT,M,2022-10-01,5107,AUD,3,,,5107000
ABS:MERCH_IMP(1.0.0),67,SING,TOT,M,2022-11-01,6510,AUD,3,,,6510000
ABS:MERCH_IMP(1.0.0),67,SING,TOT,M,2022-12-01,7458,AUD,3,,,7458000
ABS:MERCH_IMP(1.0.0),67,SING,TOT,M,2023-01-01,6090,AUD,3,,,6090000
ABS:MERCH_IMP(1.0.0),67,SING,TOT,M,2023-02-01,3670,AUD,3,,,3670000
ABS:MERCH_IMP(1.0.0),67,SING,TOT,M,2023-03-01,4336,AUD,3,,,4336000
ABS:MERCH_IMP(1.0.0),67,SING,TOT,M,2023-04-01,4359,AUD,3,,,4359000
ABS:MERCH_IMP(1.0.0),67,SING,TOT,M,2023-05-01,9073,AUD,3,,,9073000
ABS:MERCH_IMP(1.0.0),67,SING,TOT,M,2023-06-01,6823,AUD,3,,,6823000
ABS:MERCH_IMP(1.0.0),67,SING,TOT,M,2023-07-01,5771,AUD,3,,,5771000
ABS:MERCH_IMP(1.0.0),67,SING,TOT,M,2023-08-01,3856,AUD,3,,,3856000
ABS:MERCH_IMP(1.0.0),67,SING,TOT,M,2023-09-01,3459,AUD,3,,,3459000
ABS:MERCH_IMP(1.0.0),67,SING,TOT,M,2023-10-01,3160,AUD,3,,,3160000
ABS:MERCH_IMP(1.0.0),67,SING,TOT,M,2023-11-01,3029,AUD,3,,,3029000
ABS:MERCH_IMP(1.0.0),67,SING,TOT,M,2023-12-01,4450,AUD,3,,,4450000
ABS:MERCH_IMP(1.0.0),67,SING,TOT,M,2024-01-01,2844,AUD,3,,,2844000
ABS:MERCH_IMP(1.0.0),67,SING,TOT,M,2024-02-01,5024,AUD,3,,,5024000
ABS:MERCH_IMP(1.0.0),67,SING,TOT,M,2024-03-01,2709,AUD,3,,,2709000
ABS:MERCH_IMP(1.0.0),67,SING,TOT,M,2024-04-01,2206,AUD,3,,,2206000
ABS:MERCH_IMP(1.0.0),67,SING,TOT,M,2024-05-01,2826,AUD,3,,,2826000
ABS:MERCH_IMP(1.0.0),67,SING,TOT,M,2024-06-01,4494,AUD,3,,,4494000
ABS:MERCH_IMP(1.0.0),67,SING,TOT,M,2024-07-01,2844,AUD,3,,,2844000
ABS:MERCH_IMP(1.0.0),67,SING,TOT,M,2024-08-01,4440,AUD,3,,,4440000
ABS:MERCH_IMP(1.0.0),67,SING,TOT,M,2024-09-01,4738,AUD,3,,,4738000
ABS:MERCH_IMP(1.0.0),67,SING,TOT,M,2024-10-01,5098,AUD,3,,,5098000
ABS:MERCH_IMP(1.0.0),67,SING,TOT,M,2024-11-01,1387,AUD,3,,,1387000
ABS:MERCH_IMP(1.0.0),67,SING,TOT,M,2024-12-01,878,AUD,3,,,878000
ABS:MERCH_IMP(1.0.0),67,SING,TOT,M,2025-01-01,3979,AUD,3,,,3979000
ABS:MERCH_IMP(1.0.0),67,SING,TOT,M,2025-02-01,4794,AUD,3,,,4794000
ABS:MERCH_IMP(1.0.0),67,SING,TOT,M,2025-03-01,4192,AUD,3,,,4192000
ABS:MERCH_IMP(1.0.0),67,SING,TOT,M,2025-04-01,3164,AUD,3,,,3164000
ABS:MERCH_IMP(1.0.0),67,SING,TOT,M,2025-05-01,5436,AUD,3,,,5436000
ABS:MERCH_IMP(1.0.0),67,SING,TOT,M,2025-06-01,6029,AUD,3,,,6029000
ABS:MERCH_IMP(1.0.0),67,SING,TOT,M,2025-07-01,6865,AUD,3,,,6865000
ABS:MERCH_IMP(1.0.0),67,SING,TOT,M,2025-08-01,4506,AUD,3,,,4506000
ABS:MERCH_IMP(1.0.0),67,SING,TOT,M,2025-09-01,3099,AUD,3,,,3099000
ABS:MERCH_IMP(1.0.0),67,SING,TOT,M,2025-10-01,5624,AUD,3,,,5624000
ABS:MERCH_IMP(1.0.0),67,SING,TOT,M,2025-11-01,4604,AUD,3,,,4604000
ABS:MERCH_IMP(1.0.0),67,SING,TOT,M,2025-12-01,3289,AUD,3,,,3289000
ABS:MERCH_IMP(1.0.0),67,SING,TOT,M,2026-01-01,3976,AUD,3,,,3976000
ABS:MERCH_IMP(1.0.0),67,SING,TOT,M,2026-02-01,9006,AUD,3,,,9006000
ABS:MERCH_IMP(1.0.0),67,SING,TOT,M,2026-03-01,528,AUD,3,,,528000
ABS:MERCH_IMP(1.0.0),67,SING,TOT,M,2026-04-01,906,AUD,3,,,906000
ABS:MERCH_IMP(1.0.0),67,SING,TOT,M,2026-05-01,607,AUD,3,,,607000
ABS:MERCH_IMP(1.0.0),67,SING,TOT,M,2026-06-01,609,AUD,3,,,609000
ABS:MERCH_IMP(1.0.0),67,SING,TOT,M,2026-07-01,620,AUD,3,,,620000
ABS:MERCH_IMP(1.0.0),67,BELA,TOT,M,2020-10-01,15,AUD,3,,,15000
ABS:MERCH_IMP(1.0.0),67,BELA,TOT,M,2021-01-01,17,AUD,3,,,17000
ABS:MERCH_IMP(1.0.0),67,BELA,TOT,M,2021-06-01,15,AUD,3,,,15000
ABS:MERCH_IMP(1.0.0),67,BELA,TOT,M,2022-06-01,4,AUD,3,,,4000
ABS:MERCH_IMP(1.0.0),67,BELA,TOT,M,2022-10-01,1,AUD,3,,,1000
ABS:MERCH_IMP(1.0.0),67,BELA,TOT,M,2023-11-01,1,AUD,3,,,1000
ABS:MERCH_IMP(1.0.0),67,MASY,TOT,M,2015-03-01,5,AUD,3,,,5000
ABS:MERCH_IMP(1.0.0),67,ANTC,TOT,M,2018-07-01,2,AUD,3,,,2000
ABS:MERCH_IMP(1.0.0),67,BELG,TOT,M,2015-01-01,1827,AUD,3,,,1827000
ABS:MERCH_IMP(1.0.0),67,BELG,TOT,M,2015-02-01,2911,AUD,3,,,2911000
ABS:MERCH_IMP(1.0.0),67,BELG,TOT,M,2015-03-01,807,AUD,3,,,807000
ABS:MERCH_IMP(1.0.0),67,BELG,TOT,M,2015-04-01,3313,AUD,3,,,3313000
ABS:MERCH_IMP(1.0.0),67,BELG,TOT,M,2015-05-01,1420,AUD,3,,,1420000
ABS:MERCH_IMP(1.0.0),67,BELG,TOT,M,2015-06-01,2996,AUD,3,,,2996000
ABS:MERCH_IMP(1.0.0),67,BELG,TOT,M,2015-07-01,3364,AUD,3,,,3364000
ABS:MERCH_IMP(1.0.0),67,BELG,TOT,M,2015-08-01,2548,AUD,3,,,2548000
ABS:MERCH_IMP(1.0.0),67,BELG,TOT,M,2015-09-01,1123,AUD,3,,,1123000
ABS:MERCH_IMP(1.0.0),67,BELG,TOT,M,2015-10-01,3369,AUD,3,,,3369000
ABS:MERCH_IMP(1.0.0),67,BELG,TOT,M,2015-11-01,2393,AUD,3,,,2393000
ABS:MERCH_IMP(1.0.0),67,BELG,TOT,M,2015-12-01,968,AUD,3,,,968000
ABS:MERCH_IMP(1.0.0),67,BELG,TOT,M,2016-01-01,2695,AUD,3,,,2695000
ABS:MERCH_IMP(1.0.0),67,BELG,TOT,M,2016-02-01,2215,AUD,3,,,2215000
ABS:MERCH_IMP(1.0.0),67,BELG,TOT,M,2016-03-01,2581,AUD,3,,,2581000
ABS:MERCH_IMP(1.0.0),67,BELG,TOT,M,2016-04-01,2595,AUD,3,,,2595000
ABS:MERCH_IMP(1.0.0),67,BELG,TOT,M,2016-05-01,1552,AUD,3,,,1552000
ABS:MERCH_IMP(1.0.0),67,BELG,TOT,M,2016-06-01,1369,AUD,3,,,1369000
ABS:MERCH_IMP(1.0.0),67,BELG,TOT,M,2016-07-01,1743,AUD,3,,,1743000
ABS:MERCH_IMP(1.0.0),67,BELG,TOT,M,2016-08-01,1727,AUD,3,,,1727000
ABS:MERCH_IMP(1.0.0),67,BELG,TOT,M,2016-09-01,986,AUD,3,,,986000
ABS:MERCH_IMP(1.0.0),67,BELG,TOT,M,2016-10-01,1870,AUD,3,,,1870000
ABS:MERCH_IMP(1.0.0),67,BELG,TOT,M,2016-11-01,1889,AUD,3,,,1889000
ABS:MERCH_IMP(1.0.0),67,BELG,TOT,M,2016-12-01,2297,AUD,3,,,2297000
ABS:MERCH_IMP(1.0.0),67,BELG,TOT,M,2017-01-01,1687,AUD,3,,,1687000
ABS:MERCH_IMP(1.0.0),67,BELG,TOT,M,2017-02-01,1224,AUD,3,,,1224000
ABS:MERCH_IMP(1.0.0),67,BELG,TOT,M,2017-03-01,932,AUD,3,,,932000
ABS:MERCH_IMP(1.0.0),67,BELG,TOT,M,2017-04-01,1574,AUD,3,,,1574000
ABS:MERCH_IMP(1.0.0),67,BELG,TOT,M,2017-05-01,844,AUD,3,,,844000
ABS:MERCH_IMP(1.0.0),67,BELG,TOT,M,2017-06-01,1011,AUD,3,,,1011000
ABS:MERCH_IMP(1.0.0),67,BELG,TOT,M,2017-07-01,1076,AUD,3,,,1076000
ABS:MERCH_IMP(1.0.0),67,BELG,TOT,M,2017-08-01,2930,AUD,3,,,2930000
ABS:MERCH_IMP(1.0.0),67,BELG,TOT,M,2017-09-01,744,AUD,3,,,744000
ABS:MERCH_IMP(1.0.0),67,BELG,TOT,M,2017-10-01,888,AUD,3,,,888000
ABS:MERCH_IMP(1.0.0),67,BELG,TOT,M,2017-11-01,1309,AUD,3,,,1309000
ABS:MERCH_IMP(1.0.0),67,BELG,TOT,M,2017-12-01,2229,AUD,3,,,2229000
ABS:MERCH_IMP(1.0.0),67,BELG,TOT,M,2018-01-01,1170,AUD,3,,,1170000
ABS:MERCH_IMP(1.0.0),67,BELG,TOT,M,2018-02-01,1047,AUD,3,,,1047000
ABS:MERCH_IMP(1.0.0),67,BELG,TOT,M,2018-03-01,840,AUD,3,,,840000
ABS:MERCH_IMP(1.0.0),67,BELG,TOT,M,2018-04-01,1532,AUD,3,,,1532000
ABS:MERCH_IMP(1.0.0),67,BELG,TOT,M,2018-05-01,1547,AUD,3,,,1547000
ABS:MERCH_IMP(1.0.0),67,BELG,TOT,M,2018-06-01,2475,AUD,3,,,2475000
ABS:MERCH_IMP(1.0.0),67,BELG,TOT,M,2018-07-01,1764,AUD,3,,,1764000
ABS:MERCH_IMP(1.0.0),67,BELG,TOT,M,2018-08-01,1007,AUD,3,,,1007000
ABS:MERCH_IMP(1.0.0),67,BELG,TOT,M,2018-09-01,1156,AUD,3,,,1156000
ABS:MERCH_IMP(1.0.0),67,BELG,TOT,M,2018-10-01,1856,AUD,3,,,1856000
ABS:MERCH_IMP(1.0.0),67,BELG,TOT,M,2018-11-01,2562,AUD,3,,,2562000
ABS:MERCH_IMP(1.0.0),67,BELG,TOT,M,2018-12-01,2799,AUD,3,,,2799000
ABS:MERCH_IMP(1.0.0),67,BELG,TOT,M,2019-01-01,3745,AUD,3,,,3745000
ABS:MERCH_IMP(1.0.0),67,BELG,TOT,M,2019-02-01,1228,AUD,3,,,1228000
ABS:MERCH_IMP(1.0.0),67,BELG,TOT,M,2019-03-01,2187,AUD,3,,,2187000
ABS:MERCH_IMP(1.0.0),67,BELG,TOT,M,2019-04-01,1613,AUD,3,,,1613000
ABS:MERCH_IMP(1.0.0),67,BELG,TOT,M,2019-05-01,1275,AUD,3,,,1275000
ABS:MERCH_IMP(1.0.0),67,BELG,TOT,M,2019-06-01,3039,AUD,3,,,3039000
ABS:MERCH_IMP(1.0.0),67,BELG,TOT,M,2019-07-01,2248,AUD,3,,,2248000
ABS:MERCH_IMP(1.0.0),67,BELG,TOT,M,2019-08-01,1845,AUD,3,,,1845000
ABS:MERCH_IMP(1.0.0),67,BELG,TOT,M,2019-09-01,2872,AUD,3,,,2872000
ABS:MERCH_IMP(1.0.0),67,BELG,TOT,M,2019-10-01,1314,AUD,3,,,1314000
ABS:MERCH_IMP(1.0.0),67,BELG,TOT,M,2019-11-01,2016,AUD,3,,,2016000
ABS:MERCH_IMP(1.0.0),67,BELG,TOT,M,2019-12-01,1081,AUD,3,,,1081000
ABS:MERCH_IMP(1.0.0),67,BELG,TOT,M,2020-01-01,2360,AUD,3,,,2360000
ABS:MERCH_IMP(1.0.0),67,BELG,TOT,M,2020-02-01,1719,AUD,3,,,1719000
ABS:MERCH_IMP(1.0.0),67,BELG,TOT,M,2020-03-01,1580,AUD,3,,,1580000
ABS:MERCH_IMP(1.0.0),67,BELG,TOT,M,2020-04-01,1555,AUD,3,,,1555000
ABS:MERCH_IMP(1.0.0),67,BELG,TOT,M,2020-05-01,802,AUD,3,,,802000
ABS:MERCH_IMP(1.0.0),67,BELG,TOT,M,2020-06-01,1057,AUD,3,,,1057000
ABS:MERCH_IMP(1.0.0),67,BELG,TOT,M,2020-07-01,1006,AUD,3,,,1006000
ABS:MERCH_IMP(1.0.0),67,BELG,TOT,M,2020-08-01,2397,AUD,3,,,2397000
ABS:MERCH_IMP(1.0.0),67,BELG,TOT,M,2020-09-01,1974,AUD,3,,,1974000
ABS:MERCH_IMP(1.0.0),67,BELG,TOT,M,2020-10-01,1699,AUD,3,,,1699000
ABS:MERCH_IMP(1.0.0),67,BELG,TOT,M,2020-11-01,1823,AUD,3,,,1823000
ABS:MERCH_IMP(1.0.0),67,BELG,TOT,M,2020-12-01,2298,AUD,3,,,2298000
ABS:MERCH_IMP(1.0.0),67,BELG,TOT,M,2021-01-01,1201,AUD,3,,,1201000
ABS:MERCH_IMP(1.0.0),67,BELG,TOT,M,2021-02-01,1508,AUD,3,,,1508000
ABS:MERCH_IMP(1.0.0),67,BELG,TOT,M,2021-03-01,3487,AUD,3,,,3487000
ABS:MERCH_IMP(1.0.0),67,BELG,TOT,M,2021-04-01,2107,AUD,3,,,2107000
ABS:MERCH_IMP(1.0.0),67,BELG,TOT,M,2021-05-01,1138,AUD,3,,,1138000
ABS:MERCH_IMP(1.0.0),67,BELG,TOT,M,2021-06-01,1888,AUD,3,,,1888000
ABS:MERCH_IMP(1.0.0),67,BELG,TOT,M,2021-07-01,2842,AUD,3,,,2842000
ABS:MERCH_IMP(1.0.0),67,BELG,TOT,M,2021-08-01,1619,AUD,3,,,1619000
ABS:MERCH_IMP(1.0.0),67,BELG,TOT,M,2021-09-01,1183,AUD,3,,,1183000
ABS:MERCH_IMP(1.0.0),67,BELG,TOT,M,2021-10-01,2706,AUD,3,,,2706000
ABS:MERCH_IMP(1.0.0),67,BELG,TOT,M,2021-11-01,1385,AUD,3,,,1385000
ABS:MERCH_IMP(1.0.0),67,BELG,TOT,M,2021-12-01,2065,AUD,3,,,2065000
ABS:MERCH_IMP(1.0.0),67,BELG,TOT,M,2022-01-01,892,AUD,3,,,892000
ABS:MERCH_IMP(1.0.0),67,BELG,TOT,M,2022-02-01,1830,AUD,3,,,1830000
ABS:MERCH_IMP(1.0.0),67,BELG,TOT,M,2022-03-01,1035,AUD,3,,,1035000
ABS:MERCH_IMP(1.0.0),67,BELG,TOT,M,2022-04-01,1703,AUD,3,,,1703000
ABS:MERCH_IMP(1.0.0),67,BELG,TOT,M,2022-05-01,1984,AUD,3,,,1984000
ABS:MERCH_IMP(1.0.0),67,BELG,TOT,M,2022-06-01,2324,AUD,3,,,2324000
ABS:MERCH_IMP(1.0.0),67,BELG,TOT,M,2022-07-01,2467,AUD,3,,,2467000
ABS:MERCH_IMP(1.0.0),67,BELG,TOT,M,2022-08-01,2203,AUD,3,,,2203000
ABS:MERCH_IMP(1.0.0),67,BELG,TOT,M,2022-09-01,1485,AUD,3,,,1485000
ABS:MERCH_IMP(1.0.0),67,BELG,TOT,M,2022-10-01,1246,AUD,3,,,1246000
ABS:MERCH_IMP(1.0.0),67,BELG,TOT,M,2022-11-01,2422,AUD,3,,,2422000
ABS:MERCH_IMP(1.0.0),67,BELG,TOT,M,2022-12-01,1400,AUD,3,,,1400000
ABS:MERCH_IMP(1.0.0),67,BELG,TOT,M,2023-01-01,364,AUD,3,,,364000
ABS:MERCH_IMP(1.0.0),67,BELG,TOT,M,2023-02-01,2287,AUD,3,,,2287000
ABS:MERCH_IMP(1.0.0),67,BELG,TOT,M,2023-03-01,596,AUD,3,,,596000
ABS:MERCH_IMP(1.0.0),67,BELG,TOT,M,2023-04-01,228,AUD,3,,,228000
ABS:MERCH_IMP(1.0.0),67,BELG,TOT,M,2023-05-01,3132,AUD,3,,,3132000
ABS:MERCH_IMP(1.0.0),67,BELG,TOT,M,2023-06-01,625,AUD,3,,,625000
ABS:MERCH_IMP(1.0.0),67,BELG,TOT,M,2023-07-01,1554,AUD,3,,,1554000
ABS:MERCH_IMP(1.0.0),67,BELG,TOT,M,2023-08-01,1283,AUD,3,,,1283000
ABS:MERCH_IMP(1.0.0),67,BELG,TOT,M,2023-09-01,199,AUD,3,,,199000
ABS:MERCH_IMP(1.0.0),67,BELG,TOT,M,2023-10-01,1129,AUD,3,,,1129000
ABS:MERCH_IMP(1.0.0),67,BELG,TOT,M,2023-11-01,1393,AUD,3,,,1393000
ABS:MERCH_IMP(1.0.0),67,BELG,TOT,M,2023-12-01,830,AUD,3,,,830000
ABS:MERCH_IMP(1.0.0),67,BELG,TOT,M,2024-01-01,1846,AUD,3,,,1846000
ABS:MERCH_IMP(1.0.0),67,BELG,TOT,M,2024-02-01,857,AUD,3,,,857000
ABS:MERCH_IMP(1.0.0),67,BELG,TOT,M,2024-03-01,875,AUD,3,,,875000
ABS:MERCH_IMP(1.0.0),67,BELG,TOT,M,2024-04-01,1802,AUD,3,,,1802000
ABS:MERCH_IMP(1.0.0),67,BELG,TOT,M,2024-05-01,3632,AUD,3,,,3632000
ABS:MERCH_IMP(1.0.0),67,BELG,TOT,M,2024-06-01,552,AUD,3,,,552000
ABS:MERCH_IMP(1.0.0),67,BELG,TOT,M,2024-07-01,2100,AUD,3,,,2100000
ABS:MERCH_IMP(1.0.0),67,BELG,TOT,M,2024-08-01,4616,AUD,3,,,4616000
ABS:MERCH_IMP(1.0.0),67,BELG,TOT,M,2024-09-01,2080,AUD,3,,,2080000
ABS:MERCH_IMP(1.0.0),67,BELG,TOT,M,2024-10-01,1342,AUD,3,,,1342000
ABS:MERCH_IMP(1.0.0),67,BELG,TOT,M,2024-11-01,509,AUD,3,,,509000
ABS:MERCH_IMP(1.0.0),67,BELG,TOT,M,2024-12-01,1373,AUD,3,,,1373000
ABS:MERCH_IMP(1.0.0),67,BELG,TOT,M,2025-01-01,2557,AUD,3,,,2557000
ABS:MERCH_IMP(1.0.0),67,BELG,TOT,M,2025-02-01,1837,AUD,3,,,1837000
ABS:MERCH_IMP(1.0.0),67,BELG,TOT,M,2025-03-01,1023,AUD,3,,,1023000
ABS:MERCH_IMP(1.0.0),67,BELG,TOT,M,2025-04-01,401,AUD,3,,,401000
ABS:MERCH_IMP(1.0.0),67,BELG,TOT,M,2025-05-01,1265,AUD,3,,,1265000
ABS:MERCH_IMP(1.0.0),67,BELG,TOT,M,2025-06-01,246,AUD,3,,,246000
ABS:MERCH_IMP(1.0.0),67,BELG,TOT,M,2025-07-01,1390,AUD,3,,,1390000
ABS:MERCH_IMP(1.0.0),67,BELG,TOT,M,2025-08-01,1290,AUD,3,,,1290000
ABS:MERCH_IMP(1.0.0),67,BELG,TOT,M,2025-09-01,858,AUD,3,,,858000
ABS:MERCH_IMP(1.0.0),67,BELG,TOT,M,2025-10-01,693,AUD,3,,,693000
ABS:MERCH_IMP(1.0.0),67,BELG,TOT,M,2025-11-01,1300,AUD,3,,,1300000
ABS:MERCH_IMP(1.0.0),67,BELG,TOT,M,2025-12-01,796,AUD,3,,,796000
ABS:MERCH_IMP(1.0.0),67,BELG,TOT,M,2026-01-01,1196,AUD,3,,,1196000
ABS:MERCH_IMP(1.0.0),67,BELG,TOT,M,2026-02-01,969,AUD,3,,,969000
ABS:MERCH_IMP(1.0.0),67,BELG,TOT,M,2026-03-01,252,AUD,3,,,252000
ABS:MERCH_IMP(1.0.0),67,BELG,TOT,M,2026-04-01,1041,AUD,3,,,1041000
ABS:MERCH_IMP(1.0.0),67,BELG,TOT,M,2026-05-01,474,AUD,3,,,474000
ABS:MERCH_IMP(1.0.0),67,BELG,TOT,M,2026-06-01,1139,AUD,3,,,1139000
ABS:MERCH_IMP(1.0.0),67,BELG,TOT,M,2026-07-01,917,AUD,3,,,917000
ABS:MERCH_IMP(1.0.0),67,LIBE,TOT,M,2021-02-01,9,AUD,3,,,9000
ABS:MERCH_IMP(1.0.0),67,BVIR,TOT,M,2015-05-01,21,AUD,3,,,21000
ABS:MERCH_IMP(1.0.0),67,BVIR,TOT,M,2015-06-01,14,AUD,3,,,14000
ABS:MERCH_IMP(1.0.0),67,BVIR,TOT,M,2015-07-01,131,AUD,3,,,131000
ABS:MERCH_IMP(1.0.0),67,BVIR,TOT,M,2015-08-01,153,AUD,3,,,153000
ABS:MERCH_IMP(1.0.0),67,BVIR,TOT,M,2015-09-01,429,AUD,3,,,429000
ABS:MERCH_IMP(1.0.0),67,BVIR,TOT,M,2017-11-01,130,AUD,3,,,130000
ABS:MERCH_IMP(1.0.0),67,BVIR,TOT,M,2018-01-01,5,AUD,3,,,5000
ABS:MERCH_IMP(1.0.0),67,BVIR,TOT,M,2024-05-01,1,AUD,3,,,1000
ABS:MERCH_IMP(1.0.0),67,SPAI,TOT,M,2015-01-01,2354,AUD,3,,,2354000
ABS:MERCH_IMP(1.0.0),67,SPAI,TOT,M,2015-02-01,2179,AUD,3,,,2179000
ABS:MERCH_IMP(1.0.0),67,SPAI,TOT,M,2015-03-01,1411,AUD,3,,,1411000
ABS:MERCH_IMP(1.0.0),67,SPAI,TOT,M,2015-04-01,2469,AUD,3,,,2469000
ABS:MERCH_IMP(1.0.0),67,SPAI,TOT,M,2015-05-01,1049,AUD,3,,,1049000
ABS:MERCH_IMP(1.0.0),67,SPAI,TOT,M,2015-06-01,1446,AUD,3,,,1446000
ABS:MERCH_IMP(1.0.0),67,SPAI,TOT,M,2015-07-01,1004,AUD,3,,,1004000
ABS:MERCH_IMP(1.0.0),67,SPAI,TOT,M,2015-08-01,823,AUD,3,,,823000
ABS:MERCH_IMP(1.0.0),67,SPAI,TOT,M,2015-09-01,2173,AUD,3,,,2173000
ABS:MERCH_IMP(1.0.0),67,SPAI,TOT,M,2015-10-01,980,AUD,3,,,980000
ABS:MERCH_IMP(1.0.0),67,SPAI,TOT,M,2015-11-01,486,AUD,3,,,486000
ABS:MERCH_IMP(1.0.0),67,SPAI,TOT,M,2015-12-01,3315,AUD,3,,,3315000
ABS:MERCH_IMP(1.0.0),67,SPAI,TOT,M,2016-01-01,955,AUD,3,,,955000
ABS:MERCH_IMP(1.0.0),67,SPAI,TOT,M,2016-02-01,4087,AUD,3,,,4087000
ABS:MERCH_IMP(1.0.0),67,SPAI,TOT,M,2016-03-01,1989,AUD,3,,,1989000
ABS:MERCH_IMP(1.0.0),67,SPAI,TOT,M,2016-04-01,1230,AUD,3,,,1230000
ABS:MERCH_IMP(1.0.0),67,SPAI,TOT,M,2016-05-01,1934,AUD,3,,,1934000
ABS:MERCH_IMP(1.0.0),67,SPAI,TOT,M,2016-06-01,800,AUD,3,,,800000
ABS:MERCH_IMP(1.0.0),67,SPAI,TOT,M,2016-07-01,1790,AUD,3,,,1790000
ABS:MERCH_IMP(1.0.0),67,SPAI,TOT,M,2016-08-01,1849,AUD,3,,,1849000
ABS:MERCH_IMP(1.0.0),67,SPAI,TOT,M,2016-09-01,1461,AUD,3,,,1461000
ABS:MERCH_IMP(1.0.0),67,SPAI,TOT,M,2016-10-01,3141,AUD,3,,,3141000
ABS:MERCH_IMP(1.0.0),67,SPAI,TOT,M,2016-11-01,6421,AUD,3,,,6421000
ABS:MERCH_IMP(1.0.0),67,SPAI,TOT,M,2016-12-01,4797,AUD,3,,,4797000
ABS:MERCH_IMP(1.0.0),67,SPAI,TOT,M,2017-01-01,5476,AUD,3,,,5476000
ABS:MERCH_IMP(1.0.0),67,SPAI,TOT,M,2017-02-01,3314,AUD,3,,,3314000
ABS:MERCH_IMP(1.0.0),67,SPAI,TOT,M,2017-03-01,3774,AUD,3,,,3774000
ABS:MERCH_IMP(1.0.0),67,SPAI,TOT,M,2017-04-01,5314,AUD,3,,,5314000
ABS:MERCH_IMP(1.0.0),67,SPAI,TOT,M,2017-05-01,3516,AUD,3,,,3516000
ABS:MERCH_IMP(1.0.0),67,SPAI,TOT,M,2017-06-01,2767,AUD,3,,,2767000
ABS:MERCH_IMP(1.0.0),67,SPAI,TOT,M,2017-07-01,912,AUD,3,,,912000
ABS:MERCH_IMP(1.0.0),67,SPAI,TOT,M,2017-08-01,1506,AUD,3,,,1506000
ABS:MERCH_IMP(1.0.0),67,SPAI,TOT,M,2017-09-01,1171,AUD,3,,,1171000
ABS:MERCH_IMP(1.0.0),67,SPAI,TOT,M,2017-10-01,1435,AUD,3,,,1435000
ABS:MERCH_IMP(1.0.0),67,SPAI,TOT,M,2017-11-01,2286,AUD,3,,,2286000
ABS:MERCH_IMP(1.0.0),67,SPAI,TOT,M,2017-12-01,935,AUD,3,,,935000
ABS:MERCH_IMP(1.0.0),67,SPAI,TOT,M,2018-01-01,4296,AUD,3,,,4296000
ABS:MERCH_IMP(1.0.0),67,SPAI,TOT,M,2018-02-01,2869,AUD,3,,,2869000
ABS:MERCH_IMP(1.0.0),67,SPAI,TOT,M,2018-03-01,1794,AUD,3,,,1794000
ABS:MERCH_IMP(1.0.0),67,SPAI,TOT,M,2018-04-01,2233,AUD,3,,,2233000
ABS:MERCH_IMP(1.0.0),67,SPAI,TOT,M,2018-05-01,1301,AUD,3,,,1301000
ABS:MERCH_IMP(1.0.0),67,SPAI,TOT,M,2018-06-01,1101,AUD,3,,,1101000
ABS:MERCH_IMP(1.0.0),67,SPAI,TOT,M,2018-07-01,1306,AUD,3,,,1306000
ABS:MERCH_IMP(1.0.0),67,SPAI,TOT,M,2018-08-01,1291,AUD,3,,,1291000
ABS:MERCH_IMP(1.0.0),67,SPAI,TOT,M,2018-09-01,1544,AUD,3,,,1544000
ABS:MERCH_IMP(1.0.0),67,SPAI,TOT,M,2018-10-01,1165,AUD,3,,,1165000
ABS:MERCH_IMP(1.0.0),67,SPAI,TOT,M,2018-11-01,1503,AUD,3,,,1503000
ABS:MERCH_IMP(1.0.0),67,SPAI,TOT,M,2018-12-01,1004,AUD,3,,,1004000
ABS:MERCH_IMP(1.0.0),67,SPAI,TOT,M,2019-01-01,1660,AUD,3,,,1660000
ABS:MERCH_IMP(1.0.0),67,SPAI,TOT,M,2019-02-01,1765,AUD,3,,,1765000
ABS:MERCH_IMP(1.0.0),67,SPAI,TOT,M,2019-03-01,1457,AUD,3,,,1457000
ABS:MERCH_IMP(1.0.0),67,SPAI,TOT,M,2019-04-01,912,AUD,3,,,912000
ABS:MERCH_IMP(1.0.0),67,SPAI,TOT,M,2019-05-01,2622,AUD,3,,,2622000
ABS:MERCH_IMP(1.0.0),67,SPAI,TOT,M,2019-06-01,1394,AUD,3,,,1394000
ABS:MERCH_IMP(1.0.0),67,SPAI,TOT,M,2019-07-01,4101,AUD,3,,,4101000
ABS:MERCH_IMP(1.0.0),67,SPAI,TOT,M,2019-08-01,2384,AUD,3,,,2384000
ABS:MERCH_IMP(1.0.0),67,SPAI,TOT,M,2019-09-01,1166,AUD,3,,,1166000
ABS:MERCH_IMP(1.0.0),67,SPAI,TOT,M,2019-10-01,1607,AUD,3,,,1607000
ABS:MERCH_IMP(1.0.0),67,SPAI,TOT,M,2019-11-01,1325,AUD,3,,,1325000
ABS:MERCH_IMP(1.0.0),67,SPAI,TOT,M,2019-12-01,2031,AUD,3,,,2031000
ABS:MERCH_IMP(1.0.0),67,SPAI,TOT,M,2020-01-01,2848,AUD,3,,,2848000
ABS:MERCH_IMP(1.0.0),67,SPAI,TOT,M,2020-02-01,1295,AUD,3,,,1295000
ABS:MERCH_IMP(1.0.0),67,SPAI,TOT,M,2020-03-01,870,AUD,3,,,870000
ABS:MERCH_IMP(1.0.0),67,SPAI,TOT,M,2020-04-01,1680,AUD,3,,,1680000
ABS:MERCH_IMP(1.0.0),67,SPAI,TOT,M,2020-05-01,2488,AUD,3,,,2488000
ABS:MERCH_IMP(1.0.0),67,SPAI,TOT,M,2020-06-01,1711,AUD,3,,,1711000
ABS:MERCH_IMP(1.0.0),67,SPAI,TOT,M,2020-07-01,1658,AUD,3,,,1658000
ABS:MERCH_IMP(1.0.0),67,SPAI,TOT,M,2020-08-01,1250,AUD,3,,,1250000
ABS:MERCH_IMP(1.0.0),67,SPAI,TOT,M,2020-09-01,1178,AUD,3,,,1178000
ABS:MERCH_IMP(1.0.0),67,SPAI,TOT,M,2020-10-01,533,AUD,3,,,533000
ABS:MERCH_IMP(1.0.0),67,SPAI,TOT,M,2020-11-01,524,AUD,3,,,524000
ABS:MERCH_IMP(1.0.0),67,SPAI,TOT,M,2020-12-01,1531,AUD,3,,,1531000
ABS:MERCH_IMP(1.0.0),67,SPAI,TOT,M,2021-01-01,481,AUD,3,,,481000
ABS:MERCH_IMP(1.0.0),67,SPAI,TOT,M,2021-02-01,1173,AUD,3,,,1173000
ABS:MERCH_IMP(1.0.0),67,SPAI,TOT,M,2021-03-01,1038,AUD,3,,,1038000
ABS:MERCH_IMP(1.0.0),67,SPAI,TOT,M,2021-04-01,795,AUD,3,,,795000
ABS:MERCH_IMP(1.0.0),67,SPAI,TOT,M,2021-05-01,361,AUD,3,,,361000
ABS:MERCH_IMP(1.0.0),67,SPAI,TOT,M,2021-06-01,575,AUD,3,,,575000
ABS:MERCH_IMP(1.0.0),67,SPAI,TOT,M,2021-07-01,854,AUD,3,,,854000
ABS:MERCH_IMP(1.0.0),67,SPAI,TOT,M,2021-08-01,564,AUD,3,,,564000
ABS:MERCH_IMP(1.0.0),67,SPAI,TOT,M,2021-09-01,1203,AUD,3,,,1203000
ABS:MERCH_IMP(1.0.0),67,SPAI,TOT,M,2021-10-01,1090,AUD,3,,,1090000
ABS:MERCH_IMP(1.0.0),67,SPAI,TOT,M,2021-11-01,526,AUD,3,,,526000
ABS:MERCH_IMP(1.0.0),67,SPAI,TOT,M,2021-12-01,951,AUD,3,,,951000
ABS:MERCH_IMP(1.0.0),67,SPAI,TOT,M,2022-01-01,754,AUD,3,,,754000
ABS:MERCH_IMP(1.0.0),67,SPAI,TOT,M,2022-02-01,1573,AUD,3,,,1573000
ABS:MERCH_IMP(1.0.0),67,SPAI,TOT,M,2022-03-01,1402,AUD,3,,,1402000
ABS:MERCH_IMP(1.0.0),67,SPAI,TOT,M,2022-04-01,839,AUD,3,,,839000
ABS:MERCH_IMP(1.0.0),67,SPAI,TOT,M,2022-05-01,1231,AUD,3,,,1231000
ABS:MERCH_IMP(1.0.0),67,SPAI,TOT,M,2022-06-01,1114,AUD,3,,,1114000
ABS:MERCH_IMP(1.0.0),67,SPAI,TOT,M,2022-07-01,936,AUD,3,,,936000
ABS:MERCH_IMP(1.0.0),67,SPAI,TOT,M,2022-08-01,1801,AUD,3,,,1801000
ABS:MERCH_IMP(1.0.0),67,SPAI,TOT,M,2022-09-01,1760,AUD,3,,,1760000
ABS:MERCH_IMP(1.0.0),67,SPAI,TOT,M,2022-10-01,1405,AUD,3,,,1405000
ABS:MERCH_IMP(1.0.0),67,SPAI,TOT,M,2022-11-01,847,AUD,3,,,847000
ABS:MERCH_IMP(1.0.0),67,SPAI,TOT,M,2022-12-01,764,AUD,3,,,764000
ABS:MERCH_IMP(1.0.0),67,SPAI,TOT,M,2023-01-01,1464,AUD,3,,,1464000
ABS:MERCH_IMP(1.0.0),67,SPAI,TOT,M,2023-02-01,1669,AUD,3,,,1669000
ABS:MERCH_IMP(1.0.0),67,SPAI,TOT,M,2023-03-01,1772,AUD,3,,,1772000
ABS:MERCH_IMP(1.0.0),67,SPAI,TOT,M,2023-04-01,1045,AUD,3,,,1045000
ABS:MERCH_IMP(1.0.0),67,SPAI,TOT,M,2023-05-01,859,AUD,3,,,859000
ABS:MERCH_IMP(1.0.0),67,SPAI,TOT,M,2023-06-01,571,AUD,3,,,571000
ABS:MERCH_IMP(1.0.0),67,SPAI,TOT,M,2023-07-01,1487,AUD,3,,,1487000
ABS:MERCH_IMP(1.0.0),67,SPAI,TOT,M,2023-08-01,1329,AUD,3,,,1329000
ABS:MERCH_IMP(1.0.0),67,SPAI,TOT,M,2023-09-01,890,AUD,3,,,890000
ABS:MERCH_IMP(1.0.0),67,SPAI,TOT,M,2023-10-01,601,AUD,3,,,601000
ABS:MERCH_IMP(1.0.0),67,SPAI,TOT,M,2023-11-01,911,AUD,3,,,911000
ABS:MERCH_IMP(1.0.0),67,SPAI,TOT,M,2023-12-01,1079,AUD,3,,,1079000
ABS:MERCH_IMP(1.0.0),67,SPAI,TOT,M,2024-01-01,1539,AUD,3,,,1539000
ABS:MERCH_IMP(1.0.0),67,SPAI,TOT,M,2024-02-01,993,AUD,3,,,993000
ABS:MERCH_IMP(1.0.0),67,SPAI,TOT,M,2024-03-01,3479,AUD,3,,,3479000
ABS:MERCH_IMP(1.0.0),67,SPAI,TOT,M,2024-04-01,1036,AUD,3,,,1036000
ABS:MERCH_IMP(1.0.0),67,SPAI,TOT,M,2024-05-01,1464,AUD,3,,,1464000
ABS:MERCH_IMP(1.0.0),67,SPAI,TOT,M,2024-06-01,2093,AUD,3,,,2093000
ABS:MERCH_IMP(1.0.0),67,SPAI,TOT,M,2024-07-01,3374,AUD,3,,,3374000
ABS:MERCH_IMP(1.0.0),67,SPAI,TOT,M,2024-08-01,1092,AUD,3,,,1092000
ABS:MERCH_IMP(1.0.0),67,SPAI,TOT,M,2024-09-01,3155,AUD,3,,,3155000
ABS:MERCH_IMP(1.0.0),67,SPAI,TOT,M,2024-10-01,2034,AUD,3,,,2034000
ABS:MERCH_IMP(1.0.0),67,SPAI,TOT,M,2024-11-01,1214,AUD,3,,,1214000
ABS:MERCH_IMP(1.0.0),67,SPAI,TOT,M,2024-12-01,1419,AUD,3,,,1419000
ABS:MERCH_IMP(1.0.0),67,SPAI,TOT,M,2025-01-01,987,AUD,3,,,987000
ABS:MERCH_IMP(1.0.0),67,SPAI,TOT,M,2025-02-01,1379,AUD,3,,,1379000
ABS:MERCH_IMP(1.0.0),67,SPAI,TOT,M,2025-03-01,684,AUD,3,,,684000
ABS:MERCH_IMP(1.0.0),67,SPAI,TOT,M,2025-04-01,1228,AUD,3,,,1228000
ABS:MERCH_IMP(1.0.0),67,SPAI,TOT,M,2025-05-01,1276,AUD,3,,,1276000
ABS:MERCH_IMP(1.0.0),67,SPAI,TOT,M,2025-06-01,1183,AUD,3,,,1183000
ABS:MERCH_IMP(1.0.0),67,SPAI,TOT,M,2025-07-01,1222,AUD,3,,,1222000
ABS:MERCH_IMP(1.0.0),67,SPAI,TOT,M,2025-08-01,1147,AUD,3,,,1147000
ABS:MERCH_IMP(1.0.0),67,SPAI,TOT,M,2025-09-01,968,AUD,3,,,968000
ABS:MERCH_IMP(1.0.0),67,SPAI,TOT,M,2025-10-01,2038,AUD,3,,,2038000
ABS:MERCH_IMP(1.0.0),67,SPAI,TOT,M,2025-11-01,658,AUD,3,,,658000
ABS:MERCH_IMP(1.0.0),67,SPAI,TOT,M,2025-12-01,922,AUD,3,,,922000
ABS:MERCH_IMP(1.0.0),67,SPAI,TOT,M,2026-01-01,1478,AUD,3,,,1478000
ABS:MERCH_IMP(1.0.0),67,SPAI,TOT,M,2026-02-01,398,AUD,3,,,398000
ABS:MERCH_IMP(1.0.0),67,SPAI,TOT,M,2026-03-01,168,AUD,3,,,168000
ABS:MERCH_IMP(1.0.0),67,SPAI,TOT,M,2026-04-01,1035,AUD,3,,,1035000
ABS:MERCH_IMP(1.0.0),67,SPAI,TOT,M,2026-05-01,483,AUD,3,,,483000
ABS:MERCH_IMP(1.0.0),67,SPAI,TOT,M,2026-06-01,473,AUD,3,,,473000
ABS:MERCH_IMP(1.0.0),67,SPAI,TOT,M,2026-07-01,791,AUD,3,,,791000
ABS:MERCH_IMP(1.0.0),67,MNGL,TOT,M,2016-01-01,2,AUD,3,,,2000
ABS:MERCH_IMP(1.0.0),67,SERB,TOT,M,2018-09-01,1,AUD,3,,,1000
ABS:MERCH_IMP(1.0.0),67,SERB,TOT,M,2018-10-01,2,AUD,3,,,2000
ABS:MERCH_IMP(1.0.0),67,SERB,TOT,M,2018-11-01,4,AUD,3,,,4000
ABS:MERCH_IMP(1.0.0),67,SERB,TOT,M,2019-05-01,1,AUD,3,,,1000
ABS:MERCH_IMP(1.0.0),67,SERB,TOT,M,2019-12-01,1,AUD,3,,,1000
ABS:MERCH_IMP(1.0.0),67,SERB,TOT,M,2020-03-01,4,AUD,3,,,4000
ABS:MERCH_IMP(1.0.0),67,SERB,TOT,M,2020-05-01,1,AUD,3,,,1000
ABS:MERCH_IMP(1.0.0),67,SERB,TOT,M,2021-05-01,1,AUD,3,,,1000
ABS:MERCH_IMP(1.0.0),67,SERB,TOT,M,2022-01-01,1,AUD,3,,,1000
ABS:MERCH_IMP(1.0.0),67,SERB,TOT,M,2023-06-01,1,AUD,3,,,1000
ABS:MERCH_IMP(1.0.0),67,SERB,TOT,M,2023-11-01,1,AUD,3,,,1000
ABS:MERCH_IMP(1.0.0),67,SERB,TOT,M,2023-12-01,2,AUD,3,,,2000
ABS:MERCH_IMP(1.0.0),67,SERB,TOT,M,2024-03-01,1,AUD,3,,,1000
ABS:MERCH_IMP(1.0.0),67,SERB,TOT,M,2024-04-01,1,AUD,3,,,1000
ABS:MERCH_IMP(1.0.0),67,SERB,TOT,M,2024-12-01,1,AUD,3,,,1000
ABS:MERCH_IMP(1.0.0),67,SERB,TOT,M,2025-04-01,2,AUD,3,,,2000
ABS:MERCH_IMP(1.0.0),67,SERB,TOT,M,2025-07-01,7,AUD,3,,,7000
ABS:MERCH_IMP(1.0.0),67,SERB,TOT,M,2025-09-01,1,AUD,3,,,1000
ABS:MERCH_IMP(1.0.0),67,SERB,TOT,M,2025-11-01,4,AUD,3,,,4000
ABS:MERCH_IMP(1.0.0),67,SERB,TOT,M,2026-01-01,3,AUD,3,,,3000
ABS:MERCH_IMP(1.0.0),67,FRAN,TOT,M,2015-01-01,6567,AUD,3,,,6567000
ABS:MERCH_IMP(1.0.0),67,FRAN,TOT,M,2015-02-01,1467,AUD,3,,,1467000
ABS:MERCH_IMP(1.0.0),67,FRAN,TOT,M,2015-03-01,3546,AUD,3,,,3546000
ABS:MERCH_IMP(1.0.0),67,FRAN,TOT,M,2015-04-01,1756,AUD,3,,,1756000
ABS:MERCH_IMP(1.0.0),67,FRAN,TOT,M,2015-05-01,1578,AUD,3,,,1578000
ABS:MERCH_IMP(1.0.0),67,FRAN,TOT,M,2015-06-01,1206,AUD,3,,,1206000
ABS:MERCH_IMP(1.0.0),67,FRAN,TOT,M,2015-07-01,1580,AUD,3,,,1580000
ABS:MERCH_IMP(1.0.0),67,FRAN,TOT,M,2015-08-01,1752,AUD,3,,,1752000
ABS:MERCH_IMP(1.0.0),67,FRAN,TOT,M,2015-09-01,1776,AUD,3,,,1776000
ABS:MERCH_IMP(1.0.0),67,FRAN,TOT,M,2015-10-01,1804,AUD,3,,,1804000
ABS:MERCH_IMP(1.0.0),67,FRAN,TOT,M,2015-11-01,1489,AUD,3,,,1489000
ABS:MERCH_IMP(1.0.0),67,FRAN,TOT,M,2015-12-01,748,AUD,3,,,748000
ABS:MERCH_IMP(1.0.0),67,FRAN,TOT,M,2016-01-01,1458,AUD,3,,,1458000
ABS:MERCH_IMP(1.0.0),67,FRAN,TOT,M,2016-02-01,1250,AUD,3,,,1250000
ABS:MERCH_IMP(1.0.0),67,FRAN,TOT,M,2016-03-01,936,AUD,3,,,936000
ABS:MERCH_IMP(1.0.0),67,FRAN,TOT,M,2016-04-01,954,AUD,3,,,954000
ABS:MERCH_IMP(1.0.0),67,FRAN,TOT,M,2016-05-01,1457,AUD,3,,,1457000
ABS:MERCH_IMP(1.0.0),67,FRAN,TOT,M,2016-06-01,2400,AUD,3,,,2400000
ABS:MERCH_IMP(1.0.0),67,FRAN,TOT,M,2016-07-01,1068,AUD,3,,,1068000
ABS:MERCH_IMP(1.0.0),67,FRAN,TOT,M,2016-08-01,2135,AUD,3,,,2135000
ABS:MERCH_IMP(1.0.0),67,FRAN,TOT,M,2016-09-01,1005,AUD,3,,,1005000
ABS:MERCH_IMP(1.0.0),67,FRAN,TOT,M,2016-10-01,2635,AUD,3,,,2635000
ABS:MERCH_IMP(1.0.0),67,FRAN,TOT,M,2016-11-01,1059,AUD,3,,,1059000
ABS:MERCH_IMP(1.0.0),67,FRAN,TOT,M,2016-12-01,1933,AUD,3,,,1933000
ABS:MERCH_IMP(1.0.0),67,FRAN,TOT,M,2017-01-01,2228,AUD,3,,,2228000
ABS:MERCH_IMP(1.0.0),67,FRAN,TOT,M,2017-02-01,839,AUD,3,,,839000
ABS:MERCH_IMP(1.0.0),67,FRAN,TOT,M,2017-03-01,1380,AUD,3,,,1380000
ABS:MERCH_IMP(1.0.0),67,FRAN,TOT,M,2017-04-01,1434,AUD,3,,,1434000
ABS:MERCH_IMP(1.0.0),67,FRAN,TOT,M,2017-05-01,1527,AUD,3,,,1527000
ABS:MERCH_IMP(1.0.0),67,FRAN,TOT,M,2017-06-01,1075,AUD,3,,,1075000
ABS:MERCH_IMP(1.0.0),67,FRAN,TOT,M,2017-07-01,1514,AUD,3,,,1514000
ABS:MERCH_IMP(1.0.0),67,FRAN,TOT,M,2017-08-01,1055,AUD,3,,,1055000
ABS:MERCH_IMP(1.0.0),67,FRAN,TOT,M,2017-09-01,1318,AUD,3,,,1318000
ABS:MERCH_IMP(1.0.0),67,FRAN,TOT,M,2017-10-01,1275,AUD,3,,,1275000
ABS:MERCH_IMP(1.0.0),67,FRAN,TOT,M,2017-11-01,1368,AUD,3,,,1368000
ABS:MERCH_IMP(1.0.0),67,FRAN,TOT,M,2017-12-01,1896,AUD,3,,,1896000
ABS:MERCH_IMP(1.0.0),67,FRAN,TOT,M,2018-01-01,2580,AUD,3,,,2580000
ABS:MERCH_IMP(1.0.0),67,FRAN,TOT,M,2018-02-01,2110,AUD,3,,,2110000
ABS:MERCH_IMP(1.0.0),67,FRAN,TOT,M,2018-03-01,952,AUD,3,,,952000
ABS:MERCH_IMP(1.0.0),67,FRAN,TOT,M,2018-04-01,2065,AUD,3,,,2065000
ABS:MERCH_IMP(1.0.0),67,FRAN,TOT,M,2018-05-01,1846,AUD,3,,,1846000
ABS:MERCH_IMP(1.0.0),67,FRAN,TOT,M,2018-06-01,1138,AUD,3,,,1138000
ABS:MERCH_IMP(1.0.0),67,FRAN,TOT,M,2018-07-01,872,AUD,3,,,872000
ABS:MERCH_IMP(1.0.0),67,FRAN,TOT,M,2018-08-01,1713,AUD,3,,,1713000
ABS:MERCH_IMP(1.0.0),67,FRAN,TOT,M,2018-09-01,1299,AUD,3,,,1299000
ABS:MERCH_IMP(1.0.0),67,FRAN,TOT,M,2018-10-01,735,AUD,3,,,735000
ABS:MERCH_IMP(1.0.0),67,FRAN,TOT,M,2018-11-01,2051,AUD,3,,,2051000
ABS:MERCH_IMP(1.0.0),67,FRAN,TOT,M,2018-12-01,1957,AUD,3,,,1957000
ABS:MERCH_IMP(1.0.0),67,FRAN,TOT,M,2019-01-01,3454,AUD,3,,,3454000
ABS:MERCH_IMP(1.0.0),67,FRAN,TOT,M,2019-02-01,3104,AUD,3,,,3104000
ABS:MERCH_IMP(1.0.0),67,FRAN,TOT,M,2019-03-01,1705,AUD,3,,,1705000
ABS:MERCH_IMP(1.0.0),67,FRAN,TOT,M,2019-04-01,3249,AUD,3,,,3249000
ABS:MERCH_IMP(1.0.0),67,FRAN,TOT,M,2019-05-01,2231,AUD,3,,,2231000
ABS:MERCH_IMP(1.0.0),67,FRAN,TOT,M,2019-06-01,2746,AUD,3,,,2746000
ABS:MERCH_IMP(1.0.0),67,FRAN,TOT,M,2019-07-01,2680,AUD,3,,,2680000
ABS:MERCH_IMP(1.0.0),67,FRAN,TOT,M,2019-08-01,912,AUD,3,,,912000
ABS:MERCH_IMP(1.0.0),67,FRAN,TOT,M,2019-09-01,2826,AUD,3,,,2826000
ABS:MERCH_IMP(1.0.0),67,FRAN,TOT,M,2019-10-01,507,AUD,3,,,507000
ABS:MERCH_IMP(1.0.0),67,FRAN,TOT,M,2019-11-01,2398,AUD,3,,,2398000
ABS:MERCH_IMP(1.0.0),67,FRAN,TOT,M,2019-12-01,2533,AUD,3,,,2533000
ABS:MERCH_IMP(1.0.0),67,FRAN,TOT,M,2020-01-01,1837,AUD,3,,,1837000
ABS:MERCH_IMP(1.0.0),67,FRAN,TOT,M,2020-02-01,1589,AUD,3,,,1589000
ABS:MERCH_IMP(1.0.0),67,FRAN,TOT,M,2020-03-01,579,AUD,3,,,579000
ABS:MERCH_IMP(1.0.0),67,FRAN,TOT,M,2020-04-01,1236,AUD,3,,,1236000
ABS:MERCH_IMP(1.0.0),67,FRAN,TOT,M,2020-05-01,1611,AUD,3,,,1611000
ABS:MERCH_IMP(1.0.0),67,FRAN,TOT,M,2020-06-01,1359,AUD,3,,,1359000
ABS:MERCH_IMP(1.0.0),67,FRAN,TOT,M,2020-07-01,879,AUD,3,,,879000
ABS:MERCH_IMP(1.0.0),67,FRAN,TOT,M,2020-08-01,1752,AUD,3,,,1752000
ABS:MERCH_IMP(1.0.0),67,FRAN,TOT,M,2020-09-01,942,AUD,3,,,942000
ABS:MERCH_IMP(1.0.0),67,FRAN,TOT,M,2020-10-01,1168,AUD,3,,,1168000
ABS:MERCH_IMP(1.0.0),67,FRAN,TOT,M,2020-11-01,737,AUD,3,,,737000
ABS:MERCH_IMP(1.0.0),67,FRAN,TOT,M,2020-12-01,1185,AUD,3,,,1185000
ABS:MERCH_IMP(1.0.0),67,FRAN,TOT,M,2021-01-01,835,AUD,3,,,835000
ABS:MERCH_IMP(1.0.0),67,FRAN,TOT,M,2021-02-01,2484,AUD,3,,,2484000
ABS:MERCH_IMP(1.0.0),67,FRAN,TOT,M,2021-03-01,2470,AUD,3,,,2470000
ABS:MERCH_IMP(1.0.0),67,FRAN,TOT,M,2021-04-01,1106,AUD,3,,,1106000
ABS:MERCH_IMP(1.0.0),67,FRAN,TOT,M,2021-05-01,2231,AUD,3,,,2231000
ABS:MERCH_IMP(1.0.0),67,FRAN,TOT,M,2021-06-01,2173,AUD,3,,,2173000
ABS:MERCH_IMP(1.0.0),67,FRAN,TOT,M,2021-07-01,964,AUD,3,,,964000
ABS:MERCH_IMP(1.0.0),67,FRAN,TOT,M,2021-08-01,1573,AUD,3,,,1573000
ABS:MERCH_IMP(1.0.0),67,FRAN,TOT,M,2021-09-01,1373,AUD,3,,,1373000
ABS:MERCH_IMP(1.0.0),67,FRAN,TOT,M,2021-10-01,1113,AUD,3,,,1113000
ABS:MERCH_IMP(1.0.0),67,FRAN,TOT,M,2021-11-01,1218,AUD,3,,,1218000
ABS:MERCH_IMP(1.0.0),67,FRAN,TOT,M,2021-12-01,2526,AUD,3,,,2526000
ABS:MERCH_IMP(1.0.0),67,FRAN,TOT,M,2022-01-01,1278,AUD,3,,,1278000
ABS:MERCH_IMP(1.0.0),67,FRAN,TOT,M,2022-02-01,1959,AUD,3,,,1959000
ABS:MERCH_IMP(1.0.0),67,FRAN,TOT,M,2022-03-01,2132,AUD,3,,,2132000
ABS:MERCH_IMP(1.0.0),67,FRAN,TOT,M,2022-04-01,1181,AUD,3,,,1181000
ABS:MERCH_IMP(1.0.0),67,FRAN,TOT,M,2022-05-01,2931,AUD,3,,,2931000
ABS:MERCH_IMP(1.0.0),67,FRAN,TOT,M,2022-06-01,1925,AUD,3,,,1925000
ABS:MERCH_IMP(1.0.0),67,FRAN,TOT,M,2022-07-01,798,AUD,3,,,798000
ABS:MERCH_IMP(1.0.0),67,FRAN,TOT,M,2022-08-01,2273,AUD,3,,,2273000
ABS:MERCH_IMP(1.0.0),67,FRAN,TOT,M,2022-09-01,1330,AUD,3,,,1330000
ABS:MERCH_IMP(1.0.0),67,FRAN,TOT,M,2022-10-01,2208,AUD,3,,,2208000
ABS:MERCH_IMP(1.0.0),67,FRAN,TOT,M,2022-11-01,3538,AUD,3,,,3538000
ABS:MERCH_IMP(1.0.0),67,FRAN,TOT,M,2022-12-01,917,AUD,3,,,917000
ABS:MERCH_IMP(1.0.0),67,FRAN,TOT,M,2023-01-01,1754,AUD,3,,,1754000
ABS:MERCH_IMP(1.0.0),67,FRAN,TOT,M,2023-02-01,2951,AUD,3,,,2951000
ABS:MERCH_IMP(1.0.0),67,FRAN,TOT,M,2023-03-01,3575,AUD,3,,,3575000
ABS:MERCH_IMP(1.0.0),67,FRAN,TOT,M,2023-04-01,930,AUD,3,,,930000
ABS:MERCH_IMP(1.0.0),67,FRAN,TOT,M,2023-05-01,3626,AUD,3,,,3626000
ABS:MERCH_IMP(1.0.0),67,FRAN,TOT,M,2023-06-01,2517,AUD,3,,,2517000
ABS:MERCH_IMP(1.0.0),67,FRAN,TOT,M,2023-07-01,1166,AUD,3,,,1166000
ABS:MERCH_IMP(1.0.0),67,FRAN,TOT,M,2023-08-01,2463,AUD,3,,,2463000
ABS:MERCH_IMP(1.0.0),67,FRAN,TOT,M,2023-09-01,1107,AUD,3,,,1107000
ABS:MERCH_IMP(1.0.0),67,FRAN,TOT,M,2023-10-01,1154,AUD,3,,,1154000
ABS:MERCH_IMP(1.0.0),67,FRAN,TOT,M,2023-11-01,772,AUD,3,,,772000
ABS:MERCH_IMP(1.0.0),67,FRAN,TOT,M,2023-12-01,672,AUD,3,,,672000
ABS:MERCH_IMP(1.0.0),67,FRAN,TOT,M,2024-01-01,1175,AUD,3,,,1175000
ABS:MERCH_IMP(1.0.0),67,FRAN,TOT,M,2024-02-01,2376,AUD,3,,,2376000
ABS:MERCH_IMP(1.0.0),67,FRAN,TOT,M,2024-03-01,2224,AUD,3,,,2224000
ABS:MERCH_IMP(1.0.0),67,FRAN,TOT,M,2024-04-01,2531,AUD,3,,,2531000
ABS:MERCH_IMP(1.0.0),67,FRAN,TOT,M,2024-05-01,1403,AUD,3,,,1403000
ABS:MERCH_IMP(1.0.0),67,FRAN,TOT,M,2024-06-01,2899,AUD,3,,,2899000
ABS:MERCH_IMP(1.0.0),67,FRAN,TOT,M,2024-07-01,1475,AUD,3,,,1475000
ABS:MERCH_IMP(1.0.0),67,FRAN,TOT,M,2024-08-01,1254,AUD,3,,,1254000
ABS:MERCH_IMP(1.0.0),67,FRAN,TOT,M,2024-09-01,2548,AUD,3,,,2548000
ABS:MERCH_IMP(1.0.0),67,FRAN,TOT,M,2024-10-01,1424,AUD,3,,,1424000
ABS:MERCH_IMP(1.0.0),67,FRAN,TOT,M,2024-11-01,739,AUD,3,,,739000
ABS:MERCH_IMP(1.0.0),67,FRAN,TOT,M,2024-12-01,1312,AUD,3,,,1312000
ABS:MERCH_IMP(1.0.0),67,FRAN,TOT,M,2025-01-01,886,AUD,3,,,886000
ABS:MERCH_IMP(1.0.0),67,FRAN,TOT,M,2025-02-01,758,AUD,3,,,758000
ABS:MERCH_IMP(1.0.0),67,FRAN,TOT,M,2025-03-01,2157,AUD,3,,,2157000
ABS:MERCH_IMP(1.0.0),67,FRAN,TOT,M,2025-04-01,839,AUD,3,,,839000
ABS:MERCH_IMP(1.0.0),67,FRAN,TOT,M,2025-05-01,1168,AUD,3,,,1168000
ABS:MERCH_IMP(1.0.0),67,FRAN,TOT,M,2025-06-01,1292,AUD,3,,,1292000
ABS:MERCH_IMP(1.0.0),67,FRAN,TOT,M,2025-07-01,2154,AUD,3,,,2154000
ABS:MERCH_IMP(1.0.0),67,FRAN,TOT,M,2025-08-01,1253,AUD,3,,,1253000
ABS:MERCH_IMP(1.0.0),67,FRAN,TOT,M,2025-09-01,1698,AUD,3,,,1698000
ABS:MERCH_IMP(1.0.0),67,FRAN,TOT,M,2025-10-01,1287,AUD,3,,,1287000
ABS:MERCH_IMP(1.0.0),67,FRAN,TOT,M,2025-11-01,1945,AUD,3,,,1945000
ABS:MERCH_IMP(1.0.0),67,FRAN,TOT,M,2025-12-01,3788,AUD,3,,,3788000
ABS:MERCH_IMP(1.0.0),67,FRAN,TOT,M,2026-01-01,2016,AUD,3,,,2016000
ABS:MERCH_IMP(1.0.0),67,FRAN,TOT,M,2026-02-01,1407,AUD,3,,,1407000
ABS:MERCH_IMP(1.0.0),67,FRAN,TOT,M,2026-03-01,1546,AUD,3,,,1546000
ABS:MERCH_IMP(1.0.0),67,FRAN,TOT,M,2026-04-01,857,AUD,3,,,857000
ABS:MERCH_IMP(1.0.0),67,FRAN,TOT,M,2026-05-01,2890,AUD,3,,,2890000
ABS:MERCH_IMP(1.0.0),67,FRAN,TOT,M,2026-06-01,2243,AUD,3,,,2243000
ABS:MERCH_IMP(1.0.0),67,FRAN,TOT,M,2026-07-01,2193,AUD,3,,,2193000
ABS:MERCH_IMP(1.0.0),67,PNMA,TOT,M,2020-11-01,1,AUD,3,,,1000
ABS:MERCH_IMP(1.0.0),67,PNMA,TOT,M,2021-08-01,1,AUD,3,,,1000
ABS:MERCH_IMP(1.0.0),67,PNMA,TOT,M,2024-06-01,9,AUD,3,,,9000
ABS:MERCH_IMP(1.0.0),67,PNMA,TOT,M,2024-07-01,1,AUD,3,,,1000
ABS:MERCH_IMP(1.0.0),67,FINL,TOT,M,2015-01-01,1741,AUD,3,,,1741000
ABS:MERCH_IMP(1.0.0),67,FINL,TOT,M,2015-02-01,3850,AUD,3,,,3850000
ABS:MERCH_IMP(1.0.0),67,FINL,TOT,M,2015-03-01,2340,AUD,3,,,2340000
ABS:MERCH_IMP(1.0.0),67,FINL,TOT,M,2015-04-01,2169,AUD,3,,,2169000
ABS:MERCH_IMP(1.0.0),67,FINL,TOT,M,2015-05-01,2720,AUD,3,,,2720000
ABS:MERCH_IMP(1.0.0),67,FINL,TOT,M,2015-06-01,2514,AUD,3,,,2514000
ABS:MERCH_IMP(1.0.0),67,FINL,TOT,M,2015-07-01,1823,AUD,3,,,1823000
ABS:MERCH_IMP(1.0.0),67,FINL,TOT,M,2015-08-01,2116,AUD,3,,,2116000
ABS:MERCH_IMP(1.0.0),67,FINL,TOT,M,2015-09-01,2690,AUD,3,,,2690000
ABS:MERCH_IMP(1.0.0),67,FINL,TOT,M,2015-10-01,2718,AUD,3,,,2718000
ABS:MERCH_IMP(1.0.0),67,FINL,TOT,M,2015-11-01,3984,AUD,3,,,3984000
ABS:MERCH_IMP(1.0.0),67,FINL,TOT,M,2015-12-01,2840,AUD,3,,,2840000
ABS:MERCH_IMP(1.0.0),67,FINL,TOT,M,2016-01-01,1868,AUD,3,,,1868000
ABS:MERCH_IMP(1.0.0),67,FINL,TOT,M,2016-02-01,1901,AUD,3,,,1901000
ABS:MERCH_IMP(1.0.0),67,FINL,TOT,M,2016-03-01,1542,AUD,3,,,1542000
ABS:MERCH_IMP(1.0.0),67,FINL,TOT,M,2016-04-01,1102,AUD,3,,,1102000
ABS:MERCH_IMP(1.0.0),67,FINL,TOT,M,2016-05-01,1423,AUD,3,,,1423000
ABS:MERCH_IMP(1.0.0),67,FINL,TOT,M,2016-06-01,1763,AUD,3,,,1763000
ABS:MERCH_IMP(1.0.0),67,FINL,TOT,M,2016-07-01,2033,AUD,3,,,2033000
ABS:MERCH_IMP(1.0.0),67,FINL,TOT,M,2016-08-01,2517,AUD,3,,,2517000
ABS:MERCH_IMP(1.0.0),67,FINL,TOT,M,2016-09-01,2016,AUD,3,,,2016000
ABS:MERCH_IMP(1.0.0),67,FINL,TOT,M,2016-10-01,955,AUD,3,,,955000
ABS:MERCH_IMP(1.0.0),67,FINL,TOT,M,2016-11-01,1767,AUD,3,,,1767000
ABS:MERCH_IMP(1.0.0),67,FINL,TOT,M,2016-12-01,2938,AUD,3,,,2938000
ABS:MERCH_IMP(1.0.0),67,FINL,TOT,M,2017-01-01,3559,AUD,3,,,3559000
ABS:MERCH_IMP(1.0.0),67,FINL,TOT,M,2017-02-01,1303,AUD,3,,,1303000
ABS:MERCH_IMP(1.0.0),67,FINL,TOT,M,2017-03-01,4372,AUD,3,,,4372000
ABS:MERCH_IMP(1.0.0),67,FINL,TOT,M,2017-04-01,1548,AUD,3,,,1548000
ABS:MERCH_IMP(1.0.0),67,FINL,TOT,M,2017-05-01,2841,AUD,3,,,2841000
ABS:MERCH_IMP(1.0.0),67,FINL,TOT,M,2017-06-01,2598,AUD,3,,,2598000
ABS:MERCH_IMP(1.0.0),67,FINL,TOT,M,2017-07-01,2413,AUD,3,,,2413000
ABS:MERCH_IMP(1.0.0),67,FINL,TOT,M,2017-08-01,3573,AUD,3,,,3573000
ABS:MERCH_IMP(1.0.0),67,FINL,TOT,M,2017-09-01,2292,AUD,3,,,2292000
ABS:MERCH_IMP(1.0.0),67,FINL,TOT,M,2017-10-01,3068,AUD,3,,,3068000
ABS:MERCH_IMP(1.0.0),67,FINL,TOT,M,2017-11-01,2039,AUD,3,,,2039000
ABS:MERCH_IMP(1.0.0),67,FINL,TOT,M,2017-12-01,3231,AUD,3,,,3231000
ABS:MERCH_IMP(1.0.0),67,FINL,TOT,M,2018-01-01,2675,AUD,3,,,2675000
ABS:MERCH_IMP(1.0.0),67,FINL,TOT,M,2018-02-01,3488,AUD,3,,,3488000
ABS:MERCH_IMP(1.0.0),67,FINL,TOT,M,2018-03-01,3403,AUD,3,,,3403000
ABS:MERCH_IMP(1.0.0),67,FINL,TOT,M,2018-04-01,2599,AUD,3,,,2599000
ABS:MERCH_IMP(1.0.0),67,FINL,TOT,M,2018-05-01,1994,AUD,3,,,1994000
ABS:MERCH_IMP(1.0.0),67,FINL,TOT,M,2018-06-01,2423,AUD,3,,,2423000
ABS:MERCH_IMP(1.0.0),67,FINL,TOT,M,2018-07-01,3129,AUD,3,,,3129000
ABS:MERCH_IMP(1.0.0),67,FINL,TOT,M,2018-08-01,2594,AUD,3,,,2594000
ABS:MERCH_IMP(1.0.0),67,FINL,TOT,M,2018-09-01,2409,AUD,3,,,2409000
ABS:MERCH_IMP(1.0.0),67,FINL,TOT,M,2018-10-01,3239,AUD,3,,,3239000
ABS:MERCH_IMP(1.0.0),67,FINL,TOT,M,2018-11-01,2117,AUD,3,,,2117000
ABS:MERCH_IMP(1.0.0),67,FINL,TOT,M,2018-12-01,2310,AUD,3,,,2310000
ABS:MERCH_IMP(1.0.0),67,FINL,TOT,M,2019-01-01,4302,AUD,3,,,4302000
ABS:MERCH_IMP(1.0.0),67,FINL,TOT,M,2019-02-01,2407,AUD,3,,,2407000
ABS:MERCH_IMP(1.0.0),67,FINL,TOT,M,2019-03-01,1651,AUD,3,,,1651000
ABS:MERCH_IMP(1.0.0),67,FINL,TOT,M,2019-04-01,2995,AUD,3,,,2995000
ABS:MERCH_IMP(1.0.0),67,FINL,TOT,M,2019-05-01,2760,AUD,3,,,2760000
ABS:MERCH_IMP(1.0.0),67,FINL,TOT,M,2019-06-01,1610,AUD,3,,,1610000
ABS:MERCH_IMP(1.0.0),67,FINL,TOT,M,2019-07-01,2046,AUD,3,,,2046000
ABS:MERCH_IMP(1.0.0),67,FINL,TOT,M,2019-08-01,2165,AUD,3,,,2165000
ABS:MERCH_IMP(1.0.0),67,FINL,TOT,M,2019-09-01,2604,AUD,3,,,2604000
ABS:MERCH_IMP(1.0.0),67,FINL,TOT,M,2019-10-01,2664,AUD,3,,,2664000
ABS:MERCH_IMP(1.0.0),67,FINL,TOT,M,2019-11-01,2228,AUD,3,,,2228000
ABS:MERCH_IMP(1.0.0),67,FINL,TOT,M,2019-12-01,1964,AUD,3,,,1964000
ABS:MERCH_IMP(1.0.0),67,FINL,TOT,M,2020-01-01,2508,AUD,3,,,2508000
ABS:MERCH_IMP(1.0.0),67,FINL,TOT,M,2020-02-01,2669,AUD,3,,,2669000
ABS:MERCH_IMP(1.0.0),67,FINL,TOT,M,2020-03-01,2432,AUD,3,,,2432000
ABS:MERCH_IMP(1.0.0),67,FINL,TOT,M,2020-04-01,2259,AUD,3,,,2259000
ABS:MERCH_IMP(1.0.0),67,FINL,TOT,M,2020-05-01,3451,AUD,3,,,3451000
ABS:MERCH_IMP(1.0.0),67,FINL,TOT,M,2020-06-01,5360,AUD,3,,,5360000
ABS:MERCH_IMP(1.0.0),67,FINL,TOT,M,2020-07-01,5793,AUD,3,,,5793000
ABS:MERCH_IMP(1.0.0),67,FINL,TOT,M,2020-08-01,3015,AUD,3,,,3015000
ABS:MERCH_IMP(1.0.0),67,FINL,TOT,M,2020-09-01,1266,AUD,3,,,1266000
ABS:MERCH_IMP(1.0.0),67,FINL,TOT,M,2020-10-01,3585,AUD,3,,,3585000
ABS:MERCH_IMP(1.0.0),67,FINL,TOT,M,2020-11-01,2639,AUD,3,,,2639000
ABS:MERCH_IMP(1.0.0),67,FINL,TOT,M,2020-12-01,2487,AUD,3,,,2487000
ABS:MERCH_IMP(1.0.0),67,FINL,TOT,M,2021-01-01,2964,AUD,3,,,2964000
ABS:MERCH_IMP(1.0.0),67,FINL,TOT,M,2021-02-01,2593,AUD,3,,,2593000
ABS:MERCH_IMP(1.0.0),67,FINL,TOT,M,2021-03-01,2956,AUD,3,,,2956000
ABS:MERCH_IMP(1.0.0),67,FINL,TOT,M,2021-04-01,2388,AUD,3,,,2388000
ABS:MERCH_IMP(1.0.0),67,FINL,TOT,M,2021-05-01,3771,AUD,3,,,3771000
ABS:MERCH_IMP(1.0.0),67,FINL,TOT,M,2021-06-01,2423,AUD,3,,,2423000
ABS:MERCH_IMP(1.0.0),67,FINL,TOT,M,2021-07-01,2178,AUD,3,,,2178000
ABS:MERCH_IMP(1.0.0),67,FINL,TOT,M,2021-08-01,1706,AUD,3,,,1706000
ABS:MERCH_IMP(1.0.0),67,FINL,TOT,M,2021-09-01,1047,AUD,3,,,1047000
ABS:MERCH_IMP(1.0.0),67,FINL,TOT,M,2021-10-01,3272,AUD,3,,,3272000
ABS:MERCH_IMP(1.0.0),67,FINL,TOT,M,2021-11-01,3446,AUD,3,,,3446000
ABS:MERCH_IMP(1.0.0),67,FINL,TOT,M,2021-12-01,5520,AUD,3,,,5520000
ABS:MERCH_IMP(1.0.0),67,FINL,TOT,M,2022-01-01,3235,AUD,3,,,3235000
ABS:MERCH_IMP(1.0.0),67,FINL,TOT,M,2022-02-01,3726,AUD,3,,,3726000
ABS:MERCH_IMP(1.0.0),67,FINL,TOT,M,2022-03-01,4239,AUD,3,,,4239000
ABS:MERCH_IMP(1.0.0),67,FINL,TOT,M,2022-04-01,8104,AUD,3,,,8104000
ABS:MERCH_IMP(1.0.0),67,FINL,TOT,M,2022-05-01,7344,AUD,3,,,7344000
ABS:MERCH_IMP(1.0.0),67,FINL,TOT,M,2022-06-01,4607,AUD,3,,,4607000
ABS:MERCH_IMP(1.0.0),67,FINL,TOT,M,2022-07-01,4753,AUD,3,,,4753000
ABS:MERCH_IMP(1.0.0),67,FINL,TOT,M,2022-08-01,5431,AUD,3,,,5431000
ABS:MERCH_IMP(1.0.0),67,FINL,TOT,M,2022-09-01,13551,AUD,3,,,13551000
ABS:MERCH_IMP(1.0.0),67,FINL,TOT,M,2022-10-01,5891,AUD,3,,,5891000
ABS:MERCH_IMP(1.0.0),67,FINL,TOT,M,2022-11-01,3057,AUD,3,,,3057000
ABS:MERCH_IMP(1.0.0),67,FINL,TOT,M,2022-12-01,6675,AUD,3,,,6675000
ABS:MERCH_IMP(1.0.0),67,FINL,TOT,M,2023-01-01,2879,AUD,3,,,2879000
ABS:MERCH_IMP(1.0.0),67,FINL,TOT,M,2023-02-01,4925,AUD,3,,,4925000
ABS:MERCH_IMP(1.0.0),67,FINL,TOT,M,2023-03-01,784,AUD,3,,,784000
ABS:MERCH_IMP(1.0.0),67,FINL,TOT,M,2023-04-01,3090,AUD,3,,,3090000
ABS:MERCH_IMP(1.0.0),67,FINL,TOT,M,2023-05-01,6870,AUD,3,,,6870000
ABS:MERCH_IMP(1.0.0),67,FINL,TOT,M,2023-06-01,2610,AUD,3,,,2610000
ABS:MERCH_IMP(1.0.0),67,FINL,TOT,M,2023-07-01,972,AUD,3,,,972000
ABS:MERCH_IMP(1.0.0),67,FINL,TOT,M,2023-08-01,1957,AUD,3,,,1957000
ABS:MERCH_IMP(1.0.0),67,FINL,TOT,M,2023-09-01,3087,AUD,3,,,3087000
ABS:MERCH_IMP(1.0.0),67,FINL,TOT,M,2023-10-01,3846,AUD,3,,,3846000
ABS:MERCH_IMP(1.0.0),67,FINL,TOT,M,2023-11-01,5170,AUD,3,,,5170000
ABS:MERCH_IMP(1.0.0),67,FINL,TOT,M,2023-12-01,1611,AUD,3,,,1611000
ABS:MERCH_IMP(1.0.0),67,FINL,TOT,M,2024-01-01,2679,AUD,3,,,2679000
ABS:MERCH_IMP(1.0.0),67,FINL,TOT,M,2024-02-01,3146,AUD,3,,,3146000
ABS:MERCH_IMP(1.0.0),67,FINL,TOT,M,2024-03-01,3466,AUD,3,,,3466000
ABS:MERCH_IMP(1.0.0),67,FINL,TOT,M,2024-04-01,3001,AUD,3,,,3001000
ABS:MERCH_IMP(1.0.0),67,FINL,TOT,M,2024-05-01,2820,AUD,3,,,2820000
ABS:MERCH_IMP(1.0.0),67,FINL,TOT,M,2024-06-01,1859,AUD,3,,,1859000
ABS:MERCH_IMP(1.0.0),67,FINL,TOT,M,2024-07-01,4759,AUD,3,,,4759000
ABS:MERCH_IMP(1.0.0),67,FINL,TOT,M,2024-08-01,2422,AUD,3,,,2422000
ABS:MERCH_IMP(1.0.0),67,FINL,TOT,M,2024-09-01,1406,AUD,3,,,1406000
ABS:MERCH_IMP(1.0.0),67,FINL,TOT,M,2024-10-01,3521,AUD,3,,,3521000
ABS:MERCH_IMP(1.0.0),67,FINL,TOT,M,2024-11-01,4253,AUD,3,,,4253000
ABS:MERCH_IMP(1.0.0),67,FINL,TOT,M,2024-12-01,1589,AUD,3,,,1589000
ABS:MERCH_IMP(1.0.0),67,FINL,TOT,M,2025-01-01,2337,AUD,3,,,2337000
ABS:MERCH_IMP(1.0.0),67,FINL,TOT,M,2025-02-01,2237,AUD,3,,,2237000
ABS:MERCH_IMP(1.0.0),67,FINL,TOT,M,2025-03-01,1325,AUD,3,,,1325000
ABS:MERCH_IMP(1.0.0),67,FINL,TOT,M,2025-04-01,4122,AUD,3,,,4122000
ABS:MERCH_IMP(1.0.0),67,FINL,TOT,M,2025-05-01,1142,AUD,3,,,1142000
ABS:MERCH_IMP(1.0.0),67,FINL,TOT,M,2025-06-01,1493,AUD,3,,,1493000
ABS:MERCH_IMP(1.0.0),67,FINL,TOT,M,2025-07-01,1106,AUD,3,,,1106000
ABS:MERCH_IMP(1.0.0),67,FINL,TOT,M,2025-08-01,1951,AUD,3,,,1951000
ABS:MERCH_IMP(1.0.0),67,FINL,TOT,M,2025-09-01,1357,AUD,3,,,1357000
ABS:MERCH_IMP(1.0.0),67,FINL,TOT,M,2025-10-01,2898,AUD,3,,,2898000
ABS:MERCH_IMP(1.0.0),67,FINL,TOT,M,2025-11-01,2093,AUD,3,,,2093000
ABS:MERCH_IMP(1.0.0),67,FINL,TOT,M,2025-12-01,4123,AUD,3,,,4123000
ABS:MERCH_IMP(1.0.0),67,FINL,TOT,M,2026-01-01,3780,AUD,3,,,3780000
ABS:MERCH_IMP(1.0.0),67,FINL,TOT,M,2026-02-01,2907,AUD,3,,,2907000
ABS:MERCH_IMP(1.0.0),67,FINL,TOT,M,2026-03-01,3834,AUD,3,,,3834000
ABS:MERCH_IMP(1.0.0),67,FINL,TOT,M,2026-04-01,1686,AUD,3,,,1686000
ABS:MERCH_IMP(1.0.0),67,FINL,TOT,M,2026-05-01,2583,AUD,3,,,2583000
ABS:MERCH_IMP(1.0.0),67,FINL,TOT,M,2026-06-01,5538,AUD,3,,,5538000
ABS:MERCH_IMP(1.0.0),67,FINL,TOT,M,2026-07-01,1398,AUD,3,,,1398000
ABS:MERCH_IMP(1.0.0),67,AUST,TOT,M,2015-01-01,1210,AUD,3,,,1210000
ABS:MERCH_IMP(1.0.0),67,AUST,TOT,M,2015-02-01,141,AUD,3,,,141000
ABS:MERCH_IMP(1.0.0),67,AUST,TOT,M,2015-03-01,291,AUD,3,,,291000
ABS:MERCH_IMP(1.0.0),67,AUST,TOT,M,2015-04-01,207,AUD,3,,,207000
ABS:MERCH_IMP(1.0.0),67,AUST,TOT,M,2015-05-01,655,AUD,3,,,655000
ABS:MERCH_IMP(1.0.0),67,AUST,TOT,M,2015-06-01,274,AUD,3,,,274000
ABS:MERCH_IMP(1.0.0),67,AUST,TOT,M,2015-07-01,50,AUD,3,,,50000
ABS:MERCH_IMP(1.0.0),67,AUST,TOT,M,2015-08-01,251,AUD,3,,,251000
ABS:MERCH_IMP(1.0.0),67,AUST,TOT,M,2015-09-01,403,AUD,3,,,403000
ABS:MERCH_IMP(1.0.0),67,AUST,TOT,M,2015-10-01,319,AUD,3,,,319000
ABS:MERCH_IMP(1.0.0),67,AUST,TOT,M,2015-11-01,848,AUD,3,,,848000
ABS:MERCH_IMP(1.0.0),67,AUST,TOT,M,2015-12-01,508,AUD,3,,,508000
ABS:MERCH_IMP(1.0.0),67,AUST,TOT,M,2016-01-01,142,AUD,3,,,142000
ABS:MERCH_IMP(1.0.0),67,AUST,TOT,M,2016-02-01,97,AUD,3,,,97000
ABS:MERCH_IMP(1.0.0),67,AUST,TOT,M,2016-03-01,482,AUD,3,,,482000
ABS:MERCH_IMP(1.0.0),67,AUST,TOT,M,2016-04-01,242,AUD,3,,,242000
ABS:MERCH_IMP(1.0.0),67,AUST,TOT,M,2016-05-01,344,AUD,3,,,344000
ABS:MERCH_IMP(1.0.0),67,AUST,TOT,M,2016-06-01,300,AUD,3,,,300000
ABS:MERCH_IMP(1.0.0),67,AUST,TOT,M,2016-07-01,42,AUD,3,,,42000
ABS:MERCH_IMP(1.0.0),67,AUST,TOT,M,2016-08-01,138,AUD,3,,,138000
ABS:MERCH_IMP(1.0.0),67,AUST,TOT,M,2016-09-01,1991,AUD,3,,,1991000
ABS:MERCH_IMP(1.0.0),67,AUST,TOT,M,2016-10-01,122,AUD,3,,,122000
ABS:MERCH_IMP(1.0.0),67,AUST,TOT,M,2016-11-01,51,AUD,3,,,51000
ABS:MERCH_IMP(1.0.0),67,AUST,TOT,M,2016-12-01,42,AUD,3,,,42000
ABS:MERCH_IMP(1.0.0),67,AUST,TOT,M,2017-01-01,107,AUD,3,,,107000
ABS:MERCH_IMP(1.0.0),67,AUST,TOT,M,2017-02-01,27,AUD,3,,,27000
ABS:MERCH_IMP(1.0.0),67,AUST,TOT,M,2017-03-01,113,AUD,3,,,113000
ABS:MERCH_IMP(1.0.0),67,AUST,TOT,M,2017-04-01,159,AUD,3,,,159000
ABS:MERCH_IMP(1.0.0),67,AUST,TOT,M,2017-05-01,69,AUD,3,,,69000
ABS:MERCH_IMP(1.0.0),67,AUST,TOT,M,2017-06-01,469,AUD,3,,,469000
ABS:MERCH_IMP(1.0.0),67,AUST,TOT,M,2017-07-01,70,AUD,3,,,70000
ABS:MERCH_IMP(1.0.0),67,AUST,TOT,M,2017-08-01,52,AUD,3,,,52000
ABS:MERCH_IMP(1.0.0),67,AUST,TOT,M,2017-09-01,164,AUD,3,,,164000
ABS:MERCH_IMP(1.0.0),67,AUST,TOT,M,2017-10-01,114,AUD,3,,,114000
ABS:MERCH_IMP(1.0.0),67,AUST,TOT,M,2017-11-01,186,AUD,3,,,186000
ABS:MERCH_IMP(1.0.0),67,AUST,TOT,M,2017-12-01,664,AUD,3,,,664000
ABS:MERCH_IMP(1.0.0),67,AUST,TOT,M,2018-01-01,410,AUD,3,,,410000
ABS:MERCH_IMP(1.0.0),67,AUST,TOT,M,2018-02-01,51,AUD,3,,,51000
ABS:MERCH_IMP(1.0.0),67,AUST,TOT,M,2018-03-01,147,AUD,3,,,147000
ABS:MERCH_IMP(1.0.0),67,AUST,TOT,M,2018-04-01,75,AUD,3,,,75000
ABS:MERCH_IMP(1.0.0),67,AUST,TOT,M,2018-05-01,551,AUD,3,,,551000
ABS:MERCH_IMP(1.0.0),67,AUST,TOT,M,2018-06-01,85,AUD,3,,,85000
ABS:MERCH_IMP(1.0.0),67,AUST,TOT,M,2018-07-01,74,AUD,3,,,74000
ABS:MERCH_IMP(1.0.0),67,AUST,TOT,M,2018-08-01,452,AUD,3,,,452000
ABS:MERCH_IMP(1.0.0),67,AUST,TOT,M,2018-09-01,97,AUD,3,,,97000
ABS:MERCH_IMP(1.0.0),67,AUST,TOT,M,2018-10-01,95,AUD,3,,,95000
ABS:MERCH_IMP(1.0.0),67,AUST,TOT,M,2018-11-01,18,AUD,3,,,18000
ABS:MERCH_IMP(1.0.0),67,AUST,TOT,M,2018-12-01,311,AUD,3,,,311000
ABS:MERCH_IMP(1.0.0),67,AUST,TOT,M,2019-01-01,176,AUD,3,,,176000
ABS:MERCH_IMP(1.0.0),67,AUST,TOT,M,2019-02-01,87,AUD,3,,,87000
ABS:MERCH_IMP(1.0.0),67,AUST,TOT,M,2019-03-01,89,AUD,3,,,89000
ABS:MERCH_IMP(1.0.0),67,AUST,TOT,M,2019-04-01,83,AUD,3,,,83000
ABS:MERCH_IMP(1.0.0),67,AUST,TOT,M,2019-05-01,854,AUD,3,,,854000
ABS:MERCH_IMP(1.0.0),67,AUST,TOT,M,2019-06-01,370,AUD,3,,,370000
ABS:MERCH_IMP(1.0.0),67,AUST,TOT,M,2019-07-01,196,AUD,3,,,196000
ABS:MERCH_IMP(1.0.0),67,AUST,TOT,M,2019-08-01,110,AUD,3,,,110000
ABS:MERCH_IMP(1.0.0),67,AUST,TOT,M,2019-09-01,59,AUD,3,,,59000
ABS:MERCH_IMP(1.0.0),67,AUST,TOT,M,2019-10-01,107,AUD,3,,,107000
ABS:MERCH_IMP(1.0.0),67,AUST,TOT,M,2019-11-01,89,AUD,3,,,89000
ABS:MERCH_IMP(1.0.0),67,AUST,TOT,M,2019-12-01,10,AUD,3,,,10000
ABS:MERCH_IMP(1.0.0),67,AUST,TOT,M,2020-01-01,82,AUD,3,,,82000
ABS:MERCH_IMP(1.0.0),67,AUST,TOT,M,2020-02-01,683,AUD,3,,,683000
ABS:MERCH_IMP(1.0.0),67,AUST,TOT,M,2020-03-01,12,AUD,3,,,12000
ABS:MERCH_IMP(1.0.0),67,AUST,TOT,M,2020-04-01,114,AUD,3,,,114000
ABS:MERCH_IMP(1.0.0),67,AUST,TOT,M,2020-05-01,653,AUD,3,,,653000
ABS:MERCH_IMP(1.0.0),67,AUST,TOT,M,2020-06-01,508,AUD,3,,,508000
ABS:MERCH_IMP(1.0.0),67,AUST,TOT,M,2020-07-01,1156,AUD,3,,,1156000
ABS:MERCH_IMP(1.0.0),67,AUST,TOT,M,2020-08-01,153,AUD,3,,,153000
ABS:MERCH_IMP(1.0.0),67,AUST,TOT,M,2020-09-01,79,AUD,3,,,79000
ABS:MERCH_IMP(1.0.0),67,AUST,TOT,M,2020-10-01,15,AUD,3,,,15000
ABS:MERCH_IMP(1.0.0),67,AUST,TOT,M,2020-11-01,1888,AUD,3,,,1888000
ABS:MERCH_IMP(1.0.0),67,AUST,TOT,M,2020-12-01,223,AUD,3,,,223000
ABS:MERCH_IMP(1.0.0),67,AUST,TOT,M,2021-01-01,10,AUD,3,,,10000
ABS:MERCH_IMP(1.0.0),67,AUST,TOT,M,2021-02-01,437,AUD,3,,,437000
ABS:MERCH_IMP(1.0.0),67,AUST,TOT,M,2021-03-01,15,AUD,3,,,15000
ABS:MERCH_IMP(1.0.0),67,AUST,TOT,M,2021-04-01,36,AUD,3,,,36000
ABS:MERCH_IMP(1.0.0),67,AUST,TOT,M,2021-05-01,167,AUD,3,,,167000
ABS:MERCH_IMP(1.0.0),67,AUST,TOT,M,2021-06-01,11,AUD,3,,,11000
ABS:MERCH_IMP(1.0.0),67,AUST,TOT,M,2021-07-01,240,AUD,3,,,240000
ABS:MERCH_IMP(1.0.0),67,AUST,TOT,M,2021-08-01,13,AUD,3,,,13000
ABS:MERCH_IMP(1.0.0),67,AUST,TOT,M,2021-09-01,302,AUD,3,,,302000
ABS:MERCH_IMP(1.0.0),67,AUST,TOT,M,2021-10-01,93,AUD,3,,,93000
ABS:MERCH_IMP(1.0.0),67,AUST,TOT,M,2021-11-01,13,AUD,3,,,13000
ABS:MERCH_IMP(1.0.0),67,AUST,TOT,M,2021-12-01,283,AUD,3,,,283000
ABS:MERCH_IMP(1.0.0),67,AUST,TOT,M,2022-01-01,413,AUD,3,,,413000
ABS:MERCH_IMP(1.0.0),67,AUST,TOT,M,2022-02-01,52,AUD,3,,,52000
ABS:MERCH_IMP(1.0.0),67,AUST,TOT,M,2022-03-01,102,AUD,3,,,102000
ABS:MERCH_IMP(1.0.0),67,AUST,TOT,M,2022-04-01,5,AUD,3,,,5000
ABS:MERCH_IMP(1.0.0),67,AUST,TOT,M,2022-05-01,78,AUD,3,,,78000
ABS:MERCH_IMP(1.0.0),67,AUST,TOT,M,2022-06-01,33,AUD,3,,,33000
ABS:MERCH_IMP(1.0.0),67,AUST,TOT,M,2022-07-01,8,AUD,3,,,8000
ABS:MERCH_IMP(1.0.0),67,AUST,TOT,M,2022-08-01,10,AUD,3,,,10000
ABS:MERCH_IMP(1.0.0),67,AUST,TOT,M,2022-09-01,194,AUD,3,,,194000
ABS:MERCH_IMP(1.0.0),67,AUST,TOT,M,2022-10-01,50,AUD,3,,,50000
ABS:MERCH_IMP(1.0.0),67,AUST,TOT,M,2022-11-01,164,AUD,3,,,164000
ABS:MERCH_IMP(1.0.0),67,AUST,TOT,M,2022-12-01,181,AUD,3,,,181000
ABS:MERCH_IMP(1.0.0),67,AUST,TOT,M,2023-01-01,47,AUD,3,,,47000
ABS:MERCH_IMP(1.0.0),67,AUST,TOT,M,2023-02-01,45,AUD,3,,,45000
ABS:MERCH_IMP(1.0.0),67,AUST,TOT,M,2023-03-01,16,AUD,3,,,16000
ABS:MERCH_IMP(1.0.0),67,AUST,TOT,M,2023-04-01,31,AUD,3,,,31000
ABS:MERCH_IMP(1.0.0),67,AUST,TOT,M,2023-05-01,102,AUD,3,,,102000
ABS:MERCH_IMP(1.0.0),67,AUST,TOT,M,2023-06-01,147,AUD,3,,,147000
ABS:MERCH_IMP(1.0.0),67,AUST,TOT,M,2023-07-01,19,AUD,3,,,19000
ABS:MERCH_IMP(1.0.0),67,AUST,TOT,M,2023-08-01,36,AUD,3,,,36000
ABS:MERCH_IMP(1.0.0),67,AUST,TOT,M,2023-09-01,282,AUD,3,,,282000
ABS:MERCH_IMP(1.0.0),67,AUST,TOT,M,2023-10-01,37,AUD,3,,,37000
ABS:MERCH_IMP(1.0.0),67,AUST,TOT,M,2023-11-01,28,AUD,3,,,28000
ABS:MERCH_IMP(1.0.0),67,AUST,TOT,M,2023-12-01,889,AUD,3,,,889000
ABS:MERCH_IMP(1.0.0),67,AUST,TOT,M,2024-01-01,238,AUD,3,,,238000
ABS:MERCH_IMP(1.0.0),67,AUST,TOT,M,2024-02-01,1441,AUD,3,,,1441000
ABS:MERCH_IMP(1.0.0),67,AUST,TOT,M,2024-03-01,194,AUD,3,,,194000
ABS:MERCH_IMP(1.0.0),67,AUST,TOT,M,2024-04-01,20,AUD,3,,,20000
ABS:MERCH_IMP(1.0.0),67,AUST,TOT,M,2024-05-01,238,AUD,3,,,238000
ABS:MERCH_IMP(1.0.0),67,AUST,TOT,M,2024-06-01,150,AUD,3,,,150000
ABS:MERCH_IMP(1.0.0),67,AUST,TOT,M,2024-07-01,374,AUD,3,,,374000
ABS:MERCH_IMP(1.0.0),67,AUST,TOT,M,2024-08-01,314,AUD,3,,,314000
ABS:MERCH_IMP(1.0.0),67,AUST,TOT,M,2024-09-01,51,AUD,3,,,51000
ABS:MERCH_IMP(1.0.0),67,AUST,TOT,M,2024-10-01,35,AUD,3,,,35000
ABS:MERCH_IMP(1.0.0),67,AUST,TOT,M,2024-11-01,41,AUD,3,,,41000
ABS:MERCH_IMP(1.0.0),67,AUST,TOT,M,2024-12-01,310,AUD,3,,,310000
ABS:MERCH_IMP(1.0.0),67,AUST,TOT,M,2025-01-01,187,AUD,3,,,187000
ABS:MERCH_IMP(1.0.0),67,AUST,TOT,M,2025-02-01,50,AUD,3,,,50000
ABS:MERCH_IMP(1.0.0),67,AUST,TOT,M,2025-03-01,20,AUD,3,,,20000
ABS:MERCH_IMP(1.0.0),67,AUST,TOT,M,2025-04-01,366,AUD,3,,,366000
ABS:MERCH_IMP(1.0.0),67,AUST,TOT,M,2025-05-01,259,AUD,3,,,259000
ABS:MERCH_IMP(1.0.0),67,AUST,TOT,M,2025-06-01,102,AUD,3,,,102000
ABS:MERCH_IMP(1.0.0),67,AUST,TOT,M,2025-07-01,1088,AUD,3,,,1088000
ABS:MERCH_IMP(1.0.0),67,AUST,TOT,M,2025-08-01,1794,AUD,3,,,1794000
ABS:MERCH_IMP(1.0.0),67,AUST,TOT,M,2025-09-01,1944,AUD,3,,,1944000
ABS:MERCH_IMP(1.0.0),67,AUST,TOT,M,2025-10-01,396,AUD,3,,,396000
ABS:MERCH_IMP(1.0.0),67,AUST,TOT,M,2025-11-01,40,AUD,3,,,40000
ABS:MERCH_IMP(1.0.0),67,AUST,TOT,M,2025-12-01,190,AUD,3,,,190000
ABS:MERCH_IMP(1.0.0),67,AUST,TOT,M,2026-01-01,34,AUD,3,,,34000
ABS:MERCH_IMP(1.0.0),67,AUST,TOT,M,2026-02-01,61,AUD,3,,,61000
ABS:MERCH_IMP(1.0.0),67,AUST,TOT,M,2026-03-01,196,AUD,3,,,196000
ABS:MERCH_IMP(1.0.0),67,AUST,TOT,M,2026-04-01,21,AUD,3,,,21000
ABS:MERCH_IMP(1.0.0),67,AUST,TOT,M,2026-05-01,337,AUD,3,,,337000
ABS:MERCH_IMP(1.0.0),67,AUST,TOT,M,2026-06-01,2542,AUD,3,,,2542000
ABS:MERCH_IMP(1.0.0),67,AUST,TOT,M,2026-07-01,84,AUD,3,,,84000
ABS:MERCH_IMP(1.0.0),67,ZMBA,TOT,M,2015-05-01,9,AUD,3,,,9000
ABS:MERCH_IMP(1.0.0),67,ZMBA,TOT,M,2019-11-01,16,AUD,3,,,16000
ABS:MERCH_IMP(1.0.0),67,ZMBA,TOT,M,2021-10-01,34,AUD,3,,,34000
ABS:MERCH_IMP(1.0.0),67,PHIL,TOT,M,2015-01-01,42,AUD,3,,,42000
ABS:MERCH_IMP(1.0.0),67,PHIL,TOT,M,2015-02-01,1,AUD,3,,,1000
ABS:MERCH_IMP(1.0.0),67,PHIL,TOT,M,2015-03-01,10,AUD,3,,,10000
ABS:MERCH_IMP(1.0.0),67,PHIL,TOT,M,2015-04-01,8,AUD,3,,,8000
ABS:MERCH_IMP(1.0.0),67,PHIL,TOT,M,2015-05-01,6,AUD,3,,,6000
ABS:MERCH_IMP(1.0.0),67,PHIL,TOT,M,2015-07-01,3,AUD,3,,,3000
ABS:MERCH_IMP(1.0.0),67,PHIL,TOT,M,2015-08-01,3,AUD,3,,,3000
ABS:MERCH_IMP(1.0.0),67,PHIL,TOT,M,2015-09-01,2,AUD,3,,,2000
ABS:MERCH_IMP(1.0.0),67,PHIL,TOT,M,2016-02-01,4,AUD,3,,,4000
ABS:MERCH_IMP(1.0.0),67,PHIL,TOT,M,2016-03-01,117,AUD,3,,,117000
ABS:MERCH_IMP(1.0.0),67,PHIL,TOT,M,2016-04-01,3,AUD,3,,,3000
ABS:MERCH_IMP(1.0.0),67,PHIL,TOT,M,2016-06-01,4,AUD,3,,,4000
ABS:MERCH_IMP(1.0.0),67,PHIL,TOT,M,2016-07-01,222,AUD,3,,,222000
ABS:MERCH_IMP(1.0.0),67,PHIL,TOT,M,2016-08-01,4,AUD,3,,,4000
ABS:MERCH_IMP(1.0.0),67,PHIL,TOT,M,2016-09-01,1,AUD,3,,,1000
ABS:MERCH_IMP(1.0.0),67,PHIL,TOT,M,2017-01-01,6,AUD,3,,,6000
ABS:MERCH_IMP(1.0.0),67,PHIL,TOT,M,2017-02-01,2,AUD,3,,,2000
ABS:MERCH_IMP(1.0.0),67,PHIL,TOT,M,2017-03-01,2,AUD,3,,,2000
ABS:MERCH_IMP(1.0.0),67,PHIL,TOT,M,2017-04-01,3,AUD,3,,,3000
ABS:MERCH_IMP(1.0.0),67,PHIL,TOT,M,2017-09-01,84,AUD,3,,,84000
ABS:MERCH_IMP(1.0.0),67,PHIL,TOT,M,2018-01-01,48,AUD,3,,,48000
ABS:MERCH_IMP(1.0.0),67,PHIL,TOT,M,2018-06-01,11,AUD,3,,,11000
ABS:MERCH_IMP(1.0.0),67,PHIL,TOT,M,2018-08-01,1,AUD,3,,,1000
ABS:MERCH_IMP(1.0.0),67,PHIL,TOT,M,2018-09-01,2,AUD,3,,,2000
ABS:MERCH_IMP(1.0.0),67,PHIL,TOT,M,2018-11-01,21,AUD,3,,,21000
ABS:MERCH_IMP(1.0.0),67,PHIL,TOT,M,2018-12-01,9,AUD,3,,,9000
ABS:MERCH_IMP(1.0.0),67,PHIL,TOT,M,2019-01-01,55,AUD,3,,,55000
ABS:MERCH_IMP(1.0.0),67,PHIL,TOT,M,2019-02-01,2,AUD,3,,,2000
ABS:MERCH_IMP(1.0.0),67,PHIL,TOT,M,2019-03-01,4,AUD,3,,,4000
ABS:MERCH_IMP(1.0.0),67,PHIL,TOT,M,2019-04-01,1,AUD,3,,,1000
ABS:MERCH_IMP(1.0.0),67,PHIL,TOT,M,2019-06-01,5,AUD,3,,,5000
ABS:MERCH_IMP(1.0.0),67,PHIL,TOT,M,2019-08-01,105,AUD,3,,,105000
ABS:MERCH_IMP(1.0.0),67,PHIL,TOT,M,2019-09-01,10,AUD,3,,,10000
ABS:MERCH_IMP(1.0.0),67,PHIL,TOT,M,2020-02-01,1,AUD,3,,,1000
ABS:MERCH_IMP(1.0.0),67,PHIL,TOT,M,2020-07-01,5,AUD,3,,,5000
ABS:MERCH_IMP(1.0.0),67,PHIL,TOT,M,2021-03-01,5,AUD,3,,,5000
ABS:MERCH_IMP(1.0.0),67,PHIL,TOT,M,2021-07-01,100,AUD,3,,,100000
ABS:MERCH_IMP(1.0.0),67,PHIL,TOT,M,2021-10-01,80,AUD,3,,,80000
ABS:MERCH_IMP(1.0.0),67,PHIL,TOT,M,2021-11-01,2,AUD,3,,,2000
ABS:MERCH_IMP(1.0.0),67,PHIL,TOT,M,2021-12-01,7,AUD,3,,,7000
ABS:MERCH_IMP(1.0.0),67,PHIL,TOT,M,2022-01-01,3,AUD,3,,,3000
ABS:MERCH_IMP(1.0.0),67,PHIL,TOT,M,2022-02-01,7,AUD,3,,,7000
ABS:MERCH_IMP(1.0.0),67,PHIL,TOT,M,2022-04-01,100,AUD,3,,,100000
ABS:MERCH_IMP(1.0.0),67,PHIL,TOT,M,2022-05-01,4,AUD,3,,,4000
ABS:MERCH_IMP(1.0.0),67,PHIL,TOT,M,2022-06-01,2,AUD,3,,,2000
ABS:MERCH_IMP(1.0.0),67,PHIL,TOT,M,2022-08-01,3,AUD,3,,,3000
ABS:MERCH_IMP(1.0.0),67,PHIL,TOT,M,2022-09-01,1,AUD,3,,,1000
ABS:MERCH_IMP(1.0.0),67,PHIL,TOT,M,2022-10-01,6,AUD,3,,,6000
ABS:MERCH_IMP(1.0.0),67,PHIL,TOT,M,2022-11-01,9,AUD,3,,,9000
ABS:MERCH_IMP(1.0.0),67,PHIL,TOT,M,2022-12-01,5,AUD,3,,,5000
ABS:MERCH_IMP(1.0.0),67,PHIL,TOT,M,2023-02-01,13,AUD,3,,,13000
ABS:MERCH_IMP(1.0.0),67,PHIL,TOT,M,2023-03-01,2,AUD,3,,,2000
ABS:MERCH_IMP(1.0.0),67,PHIL,TOT,M,2023-04-01,10,AUD,3,,,10000
ABS:MERCH_IMP(1.0.0),67,PHIL,TOT,M,2023-05-01,5,AUD,3,,,5000
ABS:MERCH_IMP(1.0.0),67,PHIL,TOT,M,2023-06-01,78,AUD,3,,,78000
ABS:MERCH_IMP(1.0.0),67,PHIL,TOT,M,2023-07-01,3,AUD,3,,,3000
ABS:MERCH_IMP(1.0.0),67,PHIL,TOT,M,2023-08-01,161,AUD,3,,,161000
ABS:MERCH_IMP(1.0.0),67,PHIL,TOT,M,2023-09-01,10,AUD,3,,,10000
ABS:MERCH_IMP(1.0.0),67,PHIL,TOT,M,2023-10-01,44,AUD,3,,,44000
ABS:MERCH_IMP(1.0.0),67,PHIL,TOT,M,2023-11-01,7,AUD,3,,,7000
ABS:MERCH_IMP(1.0.0),67,PHIL,TOT,M,2023-12-01,2,AUD,3,,,2000
ABS:MERCH_IMP(1.0.0),67,PHIL,TOT,M,2024-01-01,109,AUD,3,,,109000
ABS:MERCH_IMP(1.0.0),67,PHIL,TOT,M,2024-02-01,22,AUD,3,,,22000
ABS:MERCH_IMP(1.0.0),67,PHIL,TOT,M,2024-03-01,8,AUD,3,,,8000
ABS:MERCH_IMP(1.0.0),67,PHIL,TOT,M,2024-04-01,1,AUD,3,,,1000
ABS:MERCH_IMP(1.0.0),67,PHIL,TOT,M,2024-05-01,7,AUD,3,,,7000
ABS:MERCH_IMP(1.0.0),67,PHIL,TOT,M,2024-06-01,2,AUD,3,,,2000
ABS:MERCH_IMP(1.0.0),67,PHIL,TOT,M,2024-08-01,170,AUD,3,,,170000
ABS:MERCH_IMP(1.0.0),67,PHIL,TOT,M,2024-09-01,2,AUD,3,,,2000
ABS:MERCH_IMP(1.0.0),67,PHIL,TOT,M,2024-10-01,126,AUD,3,,,126000
ABS:MERCH_IMP(1.0.0),67,PHIL,TOT,M,2024-11-01,3,AUD,3,,,3000
ABS:MERCH_IMP(1.0.0),67,PHIL,TOT,M,2024-12-01,116,AUD,3,,,116000
ABS:MERCH_IMP(1.0.0),67,PHIL,TOT,M,2025-01-01,65,AUD,3,,,65000
ABS:MERCH_IMP(1.0.0),67,PHIL,TOT,M,2025-03-01,80,AUD,3,,,80000
ABS:MERCH_IMP(1.0.0),67,PHIL,TOT,M,2025-04-01,37,AUD,3,,,37000
ABS:MERCH_IMP(1.0.0),67,PHIL,TOT,M,2025-05-01,10,AUD,3,,,10000
ABS:MERCH_IMP(1.0.0),67,PHIL,TOT,M,2025-06-01,27,AUD,3,,,27000
ABS:MERCH_IMP(1.0.0),67,PHIL,TOT,M,2025-07-01,103,AUD,3,,,103000
ABS:MERCH_IMP(1.0.0),67,PHIL,TOT,M,2025-09-01,40,AUD,3,,,40000
ABS:MERCH_IMP(1.0.0),67,PHIL,TOT,M,2025-11-01,5,AUD,3,,,5000
ABS:MERCH_IMP(1.0.0),67,PHIL,TOT,M,2026-02-01,9,AUD,3,,,9000
ABS:MERCH_IMP(1.0.0),67,PHIL,TOT,M,2026-03-01,4,AUD,3,,,4000
ABS:MERCH_IMP(1.0.0),67,PHIL,TOT,M,2026-04-01,2,AUD,3,,,2000
ABS:MERCH_IMP(1.0.0),67,PHIL,TOT,M,2026-07-01,1,AUD,3,,,1000
ABS:MERCH_IMP(1.0.0),67,COMB,TOT,M,2019-01-01,2,AUD,3,,,2000
ABS:MERCH_IMP(1.0.0),67,COMB,TOT,M,2021-12-01,8,AUD,3,,,8000
ABS:MERCH_IMP(1.0.0),67,COMB,TOT,M,2022-02-01,2,AUD,3,,,2000
ABS:MERCH_IMP(1.0.0),67,COMB,TOT,M,2025-03-01,2,AUD,3,,,2000
ABS:MERCH_IMP(1.0.0),67,COMB,TOT,M,2025-04-01,3,AUD,3,,,3000
ABS:MERCH_IMP(1.0.0),67,COMB,TOT,M,2025-05-01,2,AUD,3,,,2000
ABS:MERCH_IMP(1.0.0),67,COMB,TOT,M,2025-11-01,4,AUD,3,,,4000
ABS:MERCH_IMP(1.0.0),67,COMB,TOT,M,2026-02-01,2,AUD,3,,,2000
ABS:MERCH_IMP(1.0.0),67,COMB,TOT,M,2026-05-01,1,AUD,3,,,1000
ABS:MERCH_IMP(1.0.0),67,COMB,TOT,M,2026-06-01,2,AUD,3,,,2000
ABS:MERCH_IMP(1.0.0),67,COMB,TOT,M,2026-07-01,2682,AUD,3,,,2682000
ABS:MERCH_IMP(1.0.0),67,NCAL,TOT,M,2016-06-01,3,AUD,3,,,3000
ABS:MERCH_IMP(1.0.0),67,NCAL,TOT,M,2018-11-01,44,AUD,3,,,44000
ABS:MERCH_IMP(1.0.0),67,NCAL,TOT,M,2019-05-01,4,AUD,3,,,4000
ABS:MERCH_IMP(1.0.0),67,NCAL,TOT,M,2020-01-01,9,AUD,3,,,9000
ABS:MERCH_IMP(1.0.0),67,NCAL,TOT,M,2020-02-01,24,AUD,3,,,24000
ABS:MERCH_IMP(1.0.0),67,NCAL,TOT,M,2020-03-01,2,AUD,3,,,2000
ABS:MERCH_IMP(1.0.0),67,NCAL,TOT,M,2021-01-01,4,AUD,3,,,4000
ABS:MERCH_IMP(1.0.0),67,NCAL,TOT,M,2022-04-01,6,AUD,3,,,6000
ABS:MERCH_IMP(1.0.0),67,NCAL,TOT,M,2023-06-01,11,AUD,3,,,11000
ABS:MERCH_IMP(1.0.0),67,NCAL,TOT,M,2025-04-01,9,AUD,3,,,9000
ABS:MERCH_IMP(1.0.0),67,NCAL,TOT,M,2025-05-01,1,AUD,3,,,1000
ABS:MERCH_IMP(1.0.0),67,NCAL,TOT,M,2026-01-01,1,AUD,3,,,1000
ABS:MERCH_IMP(1.0.0),67,NCAL,TOT,M,2026-06-01,11,AUD,3,,,11000
ABS:MERCH_IMP(1.0.0),67,MORO,TOT,M,2019-03-01,5,AUD,3,,,5000
ABS:MERCH_IMP(1.0.0),67,MORO,TOT,M,2025-10-01,15,AUD,3,,,15000
ABS:MERCH_IMP(1.0.0),67,JAP,TOT,M,2015-01-01,26549,AUD,3,,,26549000
ABS:MERCH_IMP(1.0.0),67,JAP,TOT,M,2015-02-01,92401,AUD,3,,,92401000
ABS:MERCH_IMP(1.0.0),67,JAP,TOT,M,2015-03-01,152313,AUD,3,,,152313000
ABS:MERCH_IMP(1.0.0),67,JAP,TOT,M,2015-04-01,229025,AUD,3,,,229025000
ABS:MERCH_IMP(1.0.0),67,JAP,TOT,M,2015-05-01,232123,AUD,3,,,232123000
ABS:MERCH_IMP(1.0.0),67,JAP,TOT,M,2015-06-01,260701,AUD,3,,,260701000
ABS:MERCH_IMP(1.0.0),67,JAP,TOT,M,2015-07-01,206698,AUD,3,,,206698000
ABS:MERCH_IMP(1.0.0),67,JAP,TOT,M,2015-08-01,199297,AUD,3,,,199297000
ABS:MERCH_IMP(1.0.0),67,JAP,TOT,M,2015-09-01,221058,AUD,3,,,221058000
ABS:MERCH_IMP(1.0.0),67,JAP,TOT,M,2015-10-01,180741,AUD,3,,,180741000
ABS:MERCH_IMP(1.0.0),67,JAP,TOT,M,2015-11-01,25043,AUD,3,,,25043000
ABS:MERCH_IMP(1.0.0),67,JAP,TOT,M,2015-12-01,18146,AUD,3,,,18146000
ABS:MERCH_IMP(1.0.0),67,JAP,TOT,M,2016-01-01,19613,AUD,3,,,19613000
ABS:MERCH_IMP(1.0.0),67,JAP,TOT,M,2016-02-01,17589,AUD,3,,,17589000
ABS:MERCH_IMP(1.0.0),67,JAP,TOT,M,2016-03-01,16485,AUD,3,,,16485000
ABS:MERCH_IMP(1.0.0),67,JAP,TOT,M,2016-04-01,6586,AUD,3,,,6586000
ABS:MERCH_IMP(1.0.0),67,JAP,TOT,M,2016-05-01,20434,AUD,3,,,20434000
ABS:MERCH_IMP(1.0.0),67,JAP,TOT,M,2016-06-01,19825,AUD,3,,,19825000
ABS:MERCH_IMP(1.0.0),67,JAP,TOT,M,2016-07-01,4882,AUD,3,,,4882000
ABS:MERCH_IMP(1.0.0),67,JAP,TOT,M,2016-08-01,16599,AUD,3,,,16599000
ABS:MERCH_IMP(1.0.0),67,JAP,TOT,M,2016-09-01,18196,AUD,3,,,18196000
ABS:MERCH_IMP(1.0.0),67,JAP,TOT,M,2016-10-01,11696,AUD,3,,,11696000
ABS:MERCH_IMP(1.0.0),67,JAP,TOT,M,2016-11-01,23177,AUD,3,,,23177000
ABS:MERCH_IMP(1.0.0),67,JAP,TOT,M,2016-12-01,18496,AUD,3,,,18496000
ABS:MERCH_IMP(1.0.0),67,JAP,TOT,M,2017-01-01,12929,AUD,3,,,12929000
ABS:MERCH_IMP(1.0.0),67,JAP,TOT,M,2017-02-01,20221,AUD,3,,,20221000
ABS:MERCH_IMP(1.0.0),67,JAP,TOT,M,2017-03-01,18707,AUD,3,,,18707000
ABS:MERCH_IMP(1.0.0),67,JAP,TOT,M,2017-04-01,8328,AUD,3,,,8328000
ABS:MERCH_IMP(1.0.0),67,JAP,TOT,M,2017-05-01,37943,AUD,3,,,37943000
ABS:MERCH_IMP(1.0.0),67,JAP,TOT,M,2017-06-01,19606,AUD,3,,,19606000
ABS:MERCH_IMP(1.0.0),67,JAP,TOT,M,2017-07-01,16323,AUD,3,,,16323000
ABS:MERCH_IMP(1.0.0),67,JAP,TOT,M,2017-08-01,17865,AUD,3,,,17865000
ABS:MERCH_IMP(1.0.0),67,JAP,TOT,M,2017-09-01,13577,AUD,3,,,13577000
ABS:MERCH_IMP(1.0.0),67,JAP,TOT,M,2017-10-01,19447,AUD,3,,,19447000
ABS:MERCH_IMP(1.0.0),67,JAP,TOT,M,2017-11-01,26482,AUD,3,,,26482000
ABS:MERCH_IMP(1.0.0),67,JAP,TOT,M,2017-12-01,23486,AUD,3,,,23486000
ABS:MERCH_IMP(1.0.0),67,JAP,TOT,M,2018-01-01,17857,AUD,3,,,17857000
ABS:MERCH_IMP(1.0.0),67,JAP,TOT,M,2018-02-01,7594,AUD,3,,,7594000
ABS:MERCH_IMP(1.0.0),67,JAP,TOT,M,2018-03-01,40964,AUD,3,,,40964000
ABS:MERCH_IMP(1.0.0),67,JAP,TOT,M,2018-04-01,47535,AUD,3,,,47535000
ABS:MERCH_IMP(1.0.0),67,JAP,TOT,M,2018-05-01,44145,AUD,3,,,44145000
ABS:MERCH_IMP(1.0.0),67,JAP,TOT,M,2018-06-01,23711,AUD,3,,,23711000
ABS:MERCH_IMP(1.0.0),67,JAP,TOT,M,2018-07-01,18445,AUD,3,,,18445000
ABS:MERCH_IMP(1.0.0),67,JAP,TOT,M,2018-08-01,10207,AUD,3,,,10207000
ABS:MERCH_IMP(1.0.0),67,JAP,TOT,M,2018-09-01,29680,AUD,3,,,29680000
ABS:MERCH_IMP(1.0.0),67,JAP,TOT,M,2018-10-01,6310,AUD,3,,,6310000
ABS:MERCH_IMP(1.0.0),67,JAP,TOT,M,2018-11-01,12161,AUD,3,,,12161000
ABS:MERCH_IMP(1.0.0),67,JAP,TOT,M,2018-12-01,14721,AUD,3,,,14721000
ABS:MERCH_IMP(1.0.0),67,JAP,TOT,M,2019-01-01,9995,AUD,3,,,9995000
ABS:MERCH_IMP(1.0.0),67,JAP,TOT,M,2019-02-01,8769,AUD,3,,,8769000
ABS:MERCH_IMP(1.0.0),67,JAP,TOT,M,2019-03-01,22603,AUD,3,,,22603000
ABS:MERCH_IMP(1.0.0),67,JAP,TOT,M,2019-04-01,6342,AUD,3,,,6342000
ABS:MERCH_IMP(1.0.0),67,JAP,TOT,M,2019-05-01,23704,AUD,3,,,23704000
ABS:MERCH_IMP(1.0.0),67,JAP,TOT,M,2019-06-01,26271,AUD,3,,,26271000
ABS:MERCH_IMP(1.0.0),67,JAP,TOT,M,2019-07-01,4825,AUD,3,,,4825000
ABS:MERCH_IMP(1.0.0),67,JAP,TOT,M,2019-08-01,23772,AUD,3,,,23772000
ABS:MERCH_IMP(1.0.0),67,JAP,TOT,M,2019-09-01,17434,AUD,3,,,17434000
ABS:MERCH_IMP(1.0.0),67,JAP,TOT,M,2019-10-01,22248,AUD,3,,,22248000
ABS:MERCH_IMP(1.0.0),67,JAP,TOT,M,2019-11-01,43412,AUD,3,,,43412000
ABS:MERCH_IMP(1.0.0),67,JAP,TOT,M,2019-12-01,10804,AUD,3,,,10804000
ABS:MERCH_IMP(1.0.0),67,JAP,TOT,M,2020-01-01,24190,AUD,3,,,24190000
ABS:MERCH_IMP(1.0.0),67,JAP,TOT,M,2020-02-01,44088,AUD,3,,,44088000
ABS:MERCH_IMP(1.0.0),67,JAP,TOT,M,2020-03-01,26692,AUD,3,,,26692000
ABS:MERCH_IMP(1.0.0),67,JAP,TOT,M,2020-04-01,10244,AUD,3,,,10244000
ABS:MERCH_IMP(1.0.0),67,JAP,TOT,M,2020-05-01,20264,AUD,3,,,20264000
ABS:MERCH_IMP(1.0.0),67,JAP,TOT,M,2020-06-01,8586,AUD,3,,,8586000
ABS:MERCH_IMP(1.0.0),67,JAP,TOT,M,2020-07-01,29790,AUD,3,,,29790000
ABS:MERCH_IMP(1.0.0),67,JAP,TOT,M,2020-08-01,12961,AUD,3,,,12961000
ABS:MERCH_IMP(1.0.0),67,JAP,TOT,M,2020-09-01,28497,AUD,3,,,28497000
ABS:MERCH_IMP(1.0.0),67,JAP,TOT,M,2020-10-01,9703,AUD,3,,,9703000
ABS:MERCH_IMP(1.0.0),67,JAP,TOT,M,2020-11-01,22451,AUD,3,,,22451000
ABS:MERCH_IMP(1.0.0),67,JAP,TOT,M,2020-12-01,18953,AUD,3,,,18953000
ABS:MERCH_IMP(1.0.0),67,JAP,TOT,M,2021-01-01,10783,AUD,3,,,10783000
ABS:MERCH_IMP(1.0.0),67,JAP,TOT,M,2021-02-01,3666,AUD,3,,,3666000
ABS:MERCH_IMP(1.0.0),67,JAP,TOT,M,2021-03-01,16455,AUD,3,,,16455000
ABS:MERCH_IMP(1.0.0),67,JAP,TOT,M,2021-04-01,7296,AUD,3,,,7296000
ABS:MERCH_IMP(1.0.0),67,JAP,TOT,M,2021-05-01,2883,AUD,3,,,2883000
ABS:MERCH_IMP(1.0.0),67,JAP,TOT,M,2021-06-01,4462,AUD,3,,,4462000
ABS:MERCH_IMP(1.0.0),67,JAP,TOT,M,2021-07-01,3766,AUD,3,,,3766000
ABS:MERCH_IMP(1.0.0),67,JAP,TOT,M,2021-08-01,17534,AUD,3,,,17534000
ABS:MERCH_IMP(1.0.0),67,JAP,TOT,M,2021-09-01,5213,AUD,3,,,5213000
ABS:MERCH_IMP(1.0.0),67,JAP,TOT,M,2021-10-01,5851,AUD,3,,,5851000
ABS:MERCH_IMP(1.0.0),67,JAP,TOT,M,2021-11-01,12095,AUD,3,,,12095000
ABS:MERCH_IMP(1.0.0),67,JAP,TOT,M,2021-12-01,20277,AUD,3,,,20277000
ABS:MERCH_IMP(1.0.0),67,JAP,TOT,M,2022-01-01,10788,AUD,3,,,10788000
ABS:MERCH_IMP(1.0.0),67,JAP,TOT,M,2022-02-01,13414,AUD,3,,,13414000
ABS:MERCH_IMP(1.0.0),67,JAP,TOT,M,2022-03-01,25136,AUD,3,,,25136000
ABS:MERCH_IMP(1.0.0),67,JAP,TOT,M,2022-04-01,18620,AUD,3,,,18620000
ABS:MERCH_IMP(1.0.0),67,JAP,TOT,M,2022-05-01,10187,AUD,3,,,10187000
ABS:MERCH_IMP(1.0.0),67,JAP,TOT,M,2022-06-01,19615,AUD,3,,,19615000
ABS:MERCH_IMP(1.0.0),67,JAP,TOT,M,2022-07-01,9782,AUD,3,,,9782000
ABS:MERCH_IMP(1.0.0),67,JAP,TOT,M,2022-08-01,18530,AUD,3,,,18530000
ABS:MERCH_IMP(1.0.0),67,JAP,TOT,M,2022-09-01,12070,AUD,3,,,12070000
ABS:MERCH_IMP(1.0.0),67,JAP,TOT,M,2022-10-01,15269,AUD,3,,,15269000
ABS:MERCH_IMP(1.0.0),67,JAP,TOT,M,2022-11-01,13049,AUD,3,,,13049000
ABS:MERCH_IMP(1.0.0),67,JAP,TOT,M,2022-12-01,9612,AUD,3,,,9612000
ABS:MERCH_IMP(1.0.0),67,JAP,TOT,M,2023-01-01,9982,AUD,3,,,9982000
ABS:MERCH_IMP(1.0.0),67,JAP,TOT,M,2023-02-01,8780,AUD,3,,,8780000
ABS:MERCH_IMP(1.0.0),67,JAP,TOT,M,2023-03-01,44674,AUD,3,,,44674000
ABS:MERCH_IMP(1.0.0),67,JAP,TOT,M,2023-04-01,12371,AUD,3,,,12371000
ABS:MERCH_IMP(1.0.0),67,JAP,TOT,M,2023-05-01,34336,AUD,3,,,34336000
ABS:MERCH_IMP(1.0.0),67,JAP,TOT,M,2023-06-01,8878,AUD,3,,,8878000
ABS:MERCH_IMP(1.0.0),67,JAP,TOT,M,2023-07-01,15640,AUD,3,,,15640000
ABS:MERCH_IMP(1.0.0),67,JAP,TOT,M,2023-08-01,8513,AUD,3,,,8513000
ABS:MERCH_IMP(1.0.0),67,JAP,TOT,M,2023-09-01,26533,AUD,3,,,26533000
ABS:MERCH_IMP(1.0.0),67,JAP,TOT,M,2023-10-01,10516,AUD,3,,,10516000
ABS:MERCH_IMP(1.0.0),67,JAP,TOT,M,2023-11-01,23000,AUD,3,,,23000000
ABS:MERCH_IMP(1.0.0),67,JAP,TOT,M,2023-12-01,29260,AUD,3,,,29260000
ABS:MERCH_IMP(1.0.0),67,JAP,TOT,M,2024-01-01,12769,AUD,3,,,12769000
ABS:MERCH_IMP(1.0.0),67,JAP,TOT,M,2024-02-01,3803,AUD,3,,,3803000
ABS:MERCH_IMP(1.0.0),67,JAP,TOT,M,2024-03-01,12087,AUD,3,,,12087000
ABS:MERCH_IMP(1.0.0),67,JAP,TOT,M,2024-04-01,47039,AUD,3,,,47039000
ABS:MERCH_IMP(1.0.0),67,JAP,TOT,M,2024-05-01,26943,AUD,3,,,26943000
ABS:MERCH_IMP(1.0.0),67,JAP,TOT,M,2024-06-01,5938,AUD,3,,,5938000
ABS:MERCH_IMP(1.0.0),67,JAP,TOT,M,2024-07-01,19629,AUD,3,,,19629000
ABS:MERCH_IMP(1.0.0),67,JAP,TOT,M,2024-08-01,9149,AUD,3,,,9149000
ABS:MERCH_IMP(1.0.0),67,JAP,TOT,M,2024-09-01,11737,AUD,3,,,11737000
ABS:MERCH_IMP(1.0.0),67,JAP,TOT,M,2024-10-01,9306,AUD,3,,,9306000
ABS:MERCH_IMP(1.0.0),67,JAP,TOT,M,2024-11-01,4812,AUD,3,,,4812000
ABS:MERCH_IMP(1.0.0),67,JAP,TOT,M,2024-12-01,29703,AUD,3,,,29703000
ABS:MERCH_IMP(1.0.0),67,JAP,TOT,M,2025-01-01,28678,AUD,3,,,28678000
ABS:MERCH_IMP(1.0.0),67,JAP,TOT,M,2025-02-01,15737,AUD,3,,,15737000
ABS:MERCH_IMP(1.0.0),67,JAP,TOT,M,2025-03-01,10621,AUD,3,,,10621000
ABS:MERCH_IMP(1.0.0),67,JAP,TOT,M,2025-04-01,6264,AUD,3,,,6264000
ABS:MERCH_IMP(1.0.0),67,JAP,TOT,M,2025-05-01,21586,AUD,3,,,21586000
ABS:MERCH_IMP(1.0.0),67,JAP,TOT,M,2025-06-01,7132,AUD,3,,,7132000
ABS:MERCH_IMP(1.0.0),67,JAP,TOT,M,2025-07-01,27532,AUD,3,,,27532000
ABS:MERCH_IMP(1.0.0),67,JAP,TOT,M,2025-08-01,9555,AUD,3,,,9555000
ABS:MERCH_IMP(1.0.0),67,JAP,TOT,M,2025-09-01,45849,AUD,3,,,45849000
ABS:MERCH_IMP(1.0.0),67,JAP,TOT,M,2025-10-01,10129,AUD,3,,,10129000
ABS:MERCH_IMP(1.0.0),67,JAP,TOT,M,2025-11-01,11060,AUD,3,,,11060000
ABS:MERCH_IMP(1.0.0),67,JAP,TOT,M,2025-12-01,21861,AUD,3,,,21861000
ABS:MERCH_IMP(1.0.0),67,JAP,TOT,M,2026-01-01,8447,AUD,3,,,8447000
ABS:MERCH_IMP(1.0.0),67,JAP,TOT,M,2026-02-01,26332,AUD,3,,,26332000
ABS:MERCH_IMP(1.0.0),67,JAP,TOT,M,2026-03-01,11784,AUD,3,,,11784000
ABS:MERCH_IMP(1.0.0),67,JAP,TOT,M,2026-04-01,8014,AUD,3,,,8014000
ABS:MERCH_IMP(1.0.0),67,JAP,TOT,M,2026-05-01,5019,AUD,3,,,5019000
ABS:MERCH_IMP(1.0.0),67,JAP,TOT,M,2026-06-01,27973,AUD,3,,,27973000
ABS:MERCH_IMP(1.0.0),67,JAP,TOT,M,2026-07-01,7978,AUD,3,,,7978000
ABS:MERCH_IMP(1.0.0),67,KENY,TOT,M,2015-09-01,1,AUD,3,,,1000
ABS:MERCH_IMP(1.0.0),67,NIGE,TOT,M,2015-02-01,15,AUD,3,,,15000
ABS:MERCH_IMP(1.0.0),67,NIGE,TOT,M,2015-05-01,22,AUD,3,,,22000
ABS:MERCH_IMP(1.0.0),67,NIGE,TOT,M,2020-07-01,2,AUD,3,,,2000
ABS:MERCH_IMP(1.0.0),67,NIGE,TOT,M,2022-01-01,36,AUD,3,,,36000
ABS:MERCH_IMP(1.0.0),67,NIGE,TOT,M,2023-09-01,2,AUD,3,,,2000
ABS:MERCH_IMP(1.0.0),67,NIGE,TOT,M,2024-03-01,42,AUD,3,,,42000
ABS:MERCH_IMP(1.0.0),67,NIGE,TOT,M,2025-05-01,87,AUD,3,,,87000
ABS:MERCH_IMP(1.0.0),67,NIGE,TOT,M,2025-07-01,17,AUD,3,,,17000
ABS:MERCH_IMP(1.0.0),67,NIGE,TOT,M,2026-05-01,7,AUD,3,,,7000
ABS:MERCH_IMP(1.0.0),67,SAUD,TOT,M,2016-04-01,1,AUD,3,,,1000
ABS:MERCH_IMP(1.0.0),67,SAUD,TOT,M,2017-05-01,2,AUD,3,,,2000
ABS:MERCH_IMP(1.0.0),67,SAUD,TOT,M,2018-02-01,12,AUD,3,,,12000
ABS:MERCH_IMP(1.0.0),67,SAUD,TOT,M,2019-02-01,182,AUD,3,,,182000
ABS:MERCH_IMP(1.0.0),67,SAUD,TOT,M,2019-03-01,358,AUD,3,,,358000
ABS:MERCH_IMP(1.0.0),67,SAUD,TOT,M,2019-04-01,199,AUD,3,,,199000
ABS:MERCH_IMP(1.0.0),67,SAUD,TOT,M,2019-05-01,640,AUD,3,,,640000
ABS:MERCH_IMP(1.0.0),67,SAUD,TOT,M,2019-06-01,230,AUD,3,,,230000
ABS:MERCH_IMP(1.0.0),67,SAUD,TOT,M,2019-07-01,315,AUD,3,,,315000
ABS:MERCH_IMP(1.0.0),67,SAUD,TOT,M,2019-08-01,466,AUD,3,,,466000
ABS:MERCH_IMP(1.0.0),67,SAUD,TOT,M,2019-09-01,372,AUD,3,,,372000
ABS:MERCH_IMP(1.0.0),67,SAUD,TOT,M,2019-10-01,480,AUD,3,,,480000
ABS:MERCH_IMP(1.0.0),67,SAUD,TOT,M,2019-11-01,544,AUD,3,,,544000
ABS:MERCH_IMP(1.0.0),67,SAUD,TOT,M,2019-12-01,176,AUD,3,,,176000
ABS:MERCH_IMP(1.0.0),67,SAUD,TOT,M,2020-01-01,54,AUD,3,,,54000
ABS:MERCH_IMP(1.0.0),67,SAUD,TOT,M,2020-03-01,64,AUD,3,,,64000
ABS:MERCH_IMP(1.0.0),67,SAUD,TOT,M,2020-05-01,17,AUD,3,,,17000
ABS:MERCH_IMP(1.0.0),67,SAUD,TOT,M,2020-07-01,249,AUD,3,,,249000
ABS:MERCH_IMP(1.0.0),67,SAUD,TOT,M,2021-06-01,21,AUD,3,,,21000
ABS:MERCH_IMP(1.0.0),67,SAUD,TOT,M,2021-12-01,11,AUD,3,,,11000
ABS:MERCH_IMP(1.0.0),67,SAUD,TOT,M,2022-04-01,10,AUD,3,,,10000
ABS:MERCH_IMP(1.0.0),67,SAUD,TOT,M,2022-12-01,24,AUD,3,,,24000
ABS:MERCH_IMP(1.0.0),67,SAUD,TOT,M,2025-05-01,13,AUD,3,,,13000
ABS:MERCH_IMP(1.0.0),67,CUBA,TOT,M,2026-07-01,4,AUD,3,,,4000
ABS:MERCH_IMP(1.0.0),67,FIJI,TOT,M,2015-02-01,4,AUD,3,,,4000
ABS:MERCH_IMP(1.0.0),67,FIJI,TOT,M,2016-08-01,7,AUD,3,,,7000
ABS:MERCH_IMP(1.0.0),67,FIJI,TOT,M,2018-03-01,0,AUD,3,,,0
ABS:MERCH_IMP(1.0.0),67,FIJI,TOT,M,2022-09-01,46,AUD,3,,,46000
ABS:MERCH_IMP(1.0.0),67,FIJI,TOT,M,2025-01-01,7,AUD,3,,,7000
ABS:MERCH_IMP(1.0.0),67,ANGA,TOT,M,2015-02-01,27,AUD,3,,,27000
ABS:MERCH_IMP(1.0.0),67,ANGA,TOT,M,2017-02-01,3,AUD,3,,,3000
ABS:MERCH_IMP(1.0.0),67,ANGA,TOT,M,2018-01-01,58,AUD,3,,,58000
ABS:MERCH_IMP(1.0.0),67,ANGA,TOT,M,2018-03-01,24,AUD,3,,,24000
ABS:MERCH_IMP(1.0.0),67,JORD,TOT,M,2025-08-01,4,AUD,3,,,4000
ABS:MERCH_IMP(1.0.0),67,NAMI,TOT,M,2017-02-01,5,AUD,3,,,5000
ABS:MERCH_IMP(1.0.0),67,NAMI,TOT,M,2024-08-01,8,AUD,3,,,8000
ABS:MERCH_IMP(1.0.0),67,NAMI,TOT,M,2025-05-01,23,AUD,3,,,23000
ABS:MERCH_IMP(1.0.0),67,SLOV,TOT,M,2015-01-01,26,AUD,3,,,26000
ABS:MERCH_IMP(1.0.0),67,SLOV,TOT,M,2015-02-01,21,AUD,3,,,21000
ABS:MERCH_IMP(1.0.0),67,SLOV,TOT,M,2015-03-01,16,AUD,3,,,16000
ABS:MERCH_IMP(1.0.0),67,SLOV,TOT,M,2015-04-01,16,AUD,3,,,16000
ABS:MERCH_IMP(1.0.0),67,SLOV,TOT,M,2015-05-01,8,AUD,3,,,8000
ABS:MERCH_IMP(1.0.0),67,SLOV,TOT,M,2015-06-01,49,AUD,3,,,49000
ABS:MERCH_IMP(1.0.0),67,SLOV,TOT,M,2015-07-01,18,AUD,3,,,18000
ABS:MERCH_IMP(1.0.0),67,SLOV,TOT,M,2015-08-01,30,AUD,3,,,30000
ABS:MERCH_IMP(1.0.0),67,SLOV,TOT,M,2015-09-01,14,AUD,3,,,14000
ABS:MERCH_IMP(1.0.0),67,SLOV,TOT,M,2015-10-01,3,AUD,3,,,3000
ABS:MERCH_IMP(1.0.0),67,SLOV,TOT,M,2015-11-01,94,AUD,3,,,94000
ABS:MERCH_IMP(1.0.0),67,SLOV,TOT,M,2015-12-01,35,AUD,3,,,35000
ABS:MERCH_IMP(1.0.0),67,SLOV,TOT,M,2016-01-01,8,AUD,3,,,8000
ABS:MERCH_IMP(1.0.0),67,SLOV,TOT,M,2016-02-01,9,AUD,3,,,9000
ABS:MERCH_IMP(1.0.0),67,SLOV,TOT,M,2016-03-01,9,AUD,3,,,9000
ABS:MERCH_IMP(1.0.0),67,SLOV,TOT,M,2016-04-01,2,AUD,3,,,2000
ABS:MERCH_IMP(1.0.0),67,SLOV,TOT,M,2016-05-01,20,AUD,3,,,20000
ABS:MERCH_IMP(1.0.0),67,SLOV,TOT,M,2016-06-01,20,AUD,3,,,20000
ABS:MERCH_IMP(1.0.0),67,SLOV,TOT,M,2016-07-01,15,AUD,3,,,15000
ABS:MERCH_IMP(1.0.0),67,SLOV,TOT,M,2016-08-01,21,AUD,3,,,21000
ABS:MERCH_IMP(1.0.0),67,SLOV,TOT,M,2016-09-01,65,AUD,3,,,65000
ABS:MERCH_IMP(1.0.0),67,SLOV,TOT,M,2016-10-01,30,AUD,3,,,30000
ABS:MERCH_IMP(1.0.0),67,SLOV,TOT,M,2016-11-01,13,AUD,3,,,13000
ABS:MERCH_IMP(1.0.0),67,SLOV,TOT,M,2016-12-01,73,AUD,3,,,73000
ABS:MERCH_IMP(1.0.0),67,SLOV,TOT,M,2017-01-01,7,AUD,3,,,7000
ABS:MERCH_IMP(1.0.0),67,SLOV,TOT,M,2017-02-01,15,AUD,3,,,15000
ABS:MERCH_IMP(1.0.0),67,SLOV,TOT,M,2017-03-01,12,AUD,3,,,12000
ABS:MERCH_IMP(1.0.0),67,SLOV,TOT,M,2017-04-01,9,AUD,3,,,9000
ABS:MERCH_IMP(1.0.0),67,SLOV,TOT,M,2017-05-01,6,AUD,3,,,6000
ABS:MERCH_IMP(1.0.0),67,SLOV,TOT,M,2017-06-01,5,AUD,3,,,5000
ABS:MERCH_IMP(1.0.0),67,SLOV,TOT,M,2017-07-01,63,AUD,3,,,63000
ABS:MERCH_IMP(1.0.0),67,SLOV,TOT,M,2017-08-01,7,AUD,3,,,7000
ABS:MERCH_IMP(1.0.0),67,SLOV,TOT,M,2017-09-01,60,AUD,3,,,60000
ABS:MERCH_IMP(1.0.0),67,SLOV,TOT,M,2017-10-01,67,AUD,3,,,67000
ABS:MERCH_IMP(1.0.0),67,SLOV,TOT,M,2017-11-01,84,AUD,3,,,84000
ABS:MERCH_IMP(1.0.0),67,SLOV,TOT,M,2017-12-01,28,AUD,3,,,28000
ABS:MERCH_IMP(1.0.0),67,SLOV,TOT,M,2018-01-01,13,AUD,3,,,13000
ABS:MERCH_IMP(1.0.0),67,SLOV,TOT,M,2018-02-01,22,AUD,3,,,22000
ABS:MERCH_IMP(1.0.0),67,SLOV,TOT,M,2018-03-01,9,AUD,3,,,9000
ABS:MERCH_IMP(1.0.0),67,SLOV,TOT,M,2018-04-01,9,AUD,3,,,9000
ABS:MERCH_IMP(1.0.0),67,SLOV,TOT,M,2018-05-01,10,AUD,3,,,10000
ABS:MERCH_IMP(1.0.0),67,SLOV,TOT,M,2018-06-01,5,AUD,3,,,5000
ABS:MERCH_IMP(1.0.0),67,SLOV,TOT,M,2018-07-01,1,AUD,3,,,1000
ABS:MERCH_IMP(1.0.0),67,SLOV,TOT,M,2018-08-01,8,AUD,3,,,8000
ABS:MERCH_IMP(1.0.0),67,SLOV,TOT,M,2018-09-01,101,AUD,3,,,101000
ABS:MERCH_IMP(1.0.0),67,SLOV,TOT,M,2018-10-01,7,AUD,3,,,7000
ABS:MERCH_IMP(1.0.0),67,SLOV,TOT,M,2018-11-01,15,AUD,3,,,15000
ABS:MERCH_IMP(1.0.0),67,SLOV,TOT,M,2018-12-01,5,AUD,3,,,5000
ABS:MERCH_IMP(1.0.0),67,SLOV,TOT,M,2019-01-01,7,AUD,3,,,7000
ABS:MERCH_IMP(1.0.0),67,SLOV,TOT,M,2019-02-01,18,AUD,3,,,18000
ABS:MERCH_IMP(1.0.0),67,SLOV,TOT,M,2019-03-01,41,AUD,3,,,41000
ABS:MERCH_IMP(1.0.0),67,SLOV,TOT,M,2019-04-01,1,AUD,3,,,1000
ABS:MERCH_IMP(1.0.0),67,SLOV,TOT,M,2019-07-01,6,AUD,3,,,6000
ABS:MERCH_IMP(1.0.0),67,SLOV,TOT,M,2019-08-01,139,AUD,3,,,139000
ABS:MERCH_IMP(1.0.0),67,SLOV,TOT,M,2019-09-01,214,AUD,3,,,214000
ABS:MERCH_IMP(1.0.0),67,SLOV,TOT,M,2019-10-01,83,AUD,3,,,83000
ABS:MERCH_IMP(1.0.0),67,SLOV,TOT,M,2019-11-01,2,AUD,3,,,2000
ABS:MERCH_IMP(1.0.0),67,SLOV,TOT,M,2019-12-01,15,AUD,3,,,15000
ABS:MERCH_IMP(1.0.0),67,SLOV,TOT,M,2020-01-01,5,AUD,3,,,5000
ABS:MERCH_IMP(1.0.0),67,SLOV,TOT,M,2020-02-01,8,AUD,3,,,8000
ABS:MERCH_IMP(1.0.0),67,SLOV,TOT,M,2020-03-01,6,AUD,3,,,6000
ABS:MERCH_IMP(1.0.0),67,SLOV,TOT,M,2020-04-01,5,AUD,3,,,5000
ABS:MERCH_IMP(1.0.0),67,SLOV,TOT,M,2020-06-01,2,AUD,3,,,2000
ABS:MERCH_IMP(1.0.0),67,SLOV,TOT,M,2020-07-01,233,AUD,3,,,233000
ABS:MERCH_IMP(1.0.0),67,SLOV,TOT,M,2020-08-01,5,AUD,3,,,5000
ABS:MERCH_IMP(1.0.0),67,SLOV,TOT,M,2020-10-01,7,AUD,3,,,7000
ABS:MERCH_IMP(1.0.0),67,SLOV,TOT,M,2020-11-01,6,AUD,3,,,6000
ABS:MERCH_IMP(1.0.0),67,SLOV,TOT,M,2020-12-01,263,AUD,3,,,263000
ABS:MERCH_IMP(1.0.0),67,SLOV,TOT,M,2021-02-01,1,AUD,3,,,1000
ABS:MERCH_IMP(1.0.0),67,SLOV,TOT,M,2021-03-01,7,AUD,3,,,7000
ABS:MERCH_IMP(1.0.0),67,SLOV,TOT,M,2021-08-01,13,AUD,3,,,13000
ABS:MERCH_IMP(1.0.0),67,SLOV,TOT,M,2021-11-01,10,AUD,3,,,10000
ABS:MERCH_IMP(1.0.0),67,SLOV,TOT,M,2021-12-01,1,AUD,3,,,1000
ABS:MERCH_IMP(1.0.0),67,SLOV,TOT,M,2022-02-01,1,AUD,3,,,1000
ABS:MERCH_IMP(1.0.0),67,SLOV,TOT,M,2022-03-01,76,AUD,3,,,76000
ABS:MERCH_IMP(1.0.0),67,SLOV,TOT,M,2022-04-01,311,AUD,3,,,311000
ABS:MERCH_IMP(1.0.0),67,SLOV,TOT,M,2022-05-01,4,AUD,3,,,4000
ABS:MERCH_IMP(1.0.0),67,SLOV,TOT,M,2022-06-01,71,AUD,3,,,71000
ABS:MERCH_IMP(1.0.0),67,SLOV,TOT,M,2022-07-01,2,AUD,3,,,2000
ABS:MERCH_IMP(1.0.0),67,SLOV,TOT,M,2022-08-01,1,AUD,3,,,1000
ABS:MERCH_IMP(1.0.0),67,SLOV,TOT,M,2022-10-01,34,AUD,3,,,34000
ABS:MERCH_IMP(1.0.0),67,SLOV,TOT,M,2022-11-01,1,AUD,3,,,1000
ABS:MERCH_IMP(1.0.0),67,SLOV,TOT,M,2023-01-01,4,AUD,3,,,4000
ABS:MERCH_IMP(1.0.0),67,SLOV,TOT,M,2023-02-01,1,AUD,3,,,1000
ABS:MERCH_IMP(1.0.0),67,SLOV,TOT,M,2023-03-01,3,AUD,3,,,3000
ABS:MERCH_IMP(1.0.0),67,SLOV,TOT,M,2023-06-01,23,AUD,3,,,23000
ABS:MERCH_IMP(1.0.0),67,SLOV,TOT,M,2023-07-01,97,AUD,3,,,97000
ABS:MERCH_IMP(1.0.0),67,SLOV,TOT,M,2023-08-01,1535,AUD,3,,,1535000
ABS:MERCH_IMP(1.0.0),67,SLOV,TOT,M,2023-09-01,19,AUD,3,,,19000
ABS:MERCH_IMP(1.0.0),67,SLOV,TOT,M,2023-10-01,27,AUD,3,,,27000
ABS:MERCH_IMP(1.0.0),67,SLOV,TOT,M,2023-11-01,663,AUD,3,,,663000
ABS:MERCH_IMP(1.0.0),67,SLOV,TOT,M,2024-01-01,12,AUD,3,,,12000
ABS:MERCH_IMP(1.0.0),67,SLOV,TOT,M,2024-02-01,164,AUD,3,,,164000
ABS:MERCH_IMP(1.0.0),67,SLOV,TOT,M,2024-05-01,1,AUD,3,,,1000
ABS:MERCH_IMP(1.0.0),67,SLOV,TOT,M,2024-07-01,1,AUD,3,,,1000
ABS:MERCH_IMP(1.0.0),67,SLOV,TOT,M,2024-08-01,5,AUD,3,,,5000
ABS:MERCH_IMP(1.0.0),67,SLOV,TOT,M,2024-09-01,5,AUD,3,,,5000
ABS:MERCH_IMP(1.0.0),67,SLOV,TOT,M,2024-10-01,10,AUD,3,,,10000
ABS:MERCH_IMP(1.0.0),67,SLOV,TOT,M,2024-11-01,2,AUD,3,,,2000
ABS:MERCH_IMP(1.0.0),67,SLOV,TOT,M,2025-01-01,51,AUD,3,,,51000
ABS:MERCH_IMP(1.0.0),67,SLOV,TOT,M,2025-03-01,192,AUD,3,,,192000
ABS:MERCH_IMP(1.0.0),67,SLOV,TOT,M,2025-06-01,16,AUD,3,,,16000
ABS:MERCH_IMP(1.0.0),67,SLOV,TOT,M,2025-07-01,5,AUD,3,,,5000
ABS:MERCH_IMP(1.0.0),67,SLOV,TOT,M,2025-08-01,4,AUD,3,,,4000
ABS:MERCH_IMP(1.0.0),67,SLOV,TOT,M,2025-09-01,2,AUD,3,,,2000
ABS:MERCH_IMP(1.0.0),67,SLOV,TOT,M,2025-10-01,58,AUD,3,,,58000
ABS:MERCH_IMP(1.0.0),67,SLOV,TOT,M,2025-11-01,5,AUD,3,,,5000
ABS:MERCH_IMP(1.0.0),67,SLOV,TOT,M,2025-12-01,26,AUD,3,,,26000
ABS:MERCH_IMP(1.0.0),67,SLOV,TOT,M,2026-01-01,930,AUD,3,,,930000
ABS:MERCH_IMP(1.0.0),67,SLOV,TOT,M,2026-02-01,33,AUD,3,,,33000
ABS:MERCH_IMP(1.0.0),67,SLOV,TOT,M,2026-03-01,9,AUD,3,,,9000
ABS:MERCH_IMP(1.0.0),67,SLOV,TOT,M,2026-04-01,5,AUD,3,,,5000
ABS:MERCH_IMP(1.0.0),67,SLOV,TOT,M,2026-05-01,2,AUD,3,,,2000
ABS:MERCH_IMP(1.0.0),67,SLOV,TOT,M,2026-06-01,185,AUD,3,,,185000
ABS:MERCH_IMP(1.0.0),67,SLOV,TOT,M,2026-07-01,20,AUD,3,,,20000
ABS:MERCH_IMP(1.0.0),67,CHIN,TOT,M,2015-01-01,87700,AUD,3,,,87700000
ABS:MERCH_IMP(1.0.0),67,CHIN,TOT,M,2015-02-01,72881,AUD,3,,,72881000
ABS:MERCH_IMP(1.0.0),67,CHIN,TOT,M,2015-03-01,45525,AUD,3,,,45525000
ABS:MERCH_IMP(1.0.0),67,CHIN,TOT,M,2015-04-01,44089,AUD,3,,,44089000
ABS:MERCH_IMP(1.0.0),67,CHIN,TOT,M,2015-05-01,113495,AUD,3,,,113495000
ABS:MERCH_IMP(1.0.0),67,CHIN,TOT,M,2015-06-01,41957,AUD,3,,,41957000
ABS:MERCH_IMP(1.0.0),67,CHIN,TOT,M,2015-07-01,36933,AUD,3,,,36933000
ABS:MERCH_IMP(1.0.0),67,CHIN,TOT,M,2015-08-01,45921,AUD,3,,,45921000
ABS:MERCH_IMP(1.0.0),67,CHIN,TOT,M,2015-09-01,42367,AUD,3,,,42367000
ABS:MERCH_IMP(1.0.0),67,CHIN,TOT,M,2015-10-01,48231,AUD,3,,,48231000
ABS:MERCH_IMP(1.0.0),67,CHIN,TOT,M,2015-11-01,47742,AUD,3,,,47742000
ABS:MERCH_IMP(1.0.0),67,CHIN,TOT,M,2015-12-01,47460,AUD,3,,,47460000
ABS:MERCH_IMP(1.0.0),67,CHIN,TOT,M,2016-01-01,52258,AUD,3,,,52258000
ABS:MERCH_IMP(1.0.0),67,CHIN,TOT,M,2016-02-01,45738,AUD,3,,,45738000
ABS:MERCH_IMP(1.0.0),67,CHIN,TOT,M,2016-03-01,33921,AUD,3,,,33921000
ABS:MERCH_IMP(1.0.0),67,CHIN,TOT,M,2016-04-01,42706,AUD,3,,,42706000
ABS:MERCH_IMP(1.0.0),67,CHIN,TOT,M,2016-05-01,34837,AUD,3,,,34837000
ABS:MERCH_IMP(1.0.0),67,CHIN,TOT,M,2016-06-01,36039,AUD,3,,,36039000
ABS:MERCH_IMP(1.0.0),67,CHIN,TOT,M,2016-07-01,31280,AUD,3,,,31280000
ABS:MERCH_IMP(1.0.0),67,CHIN,TOT,M,2016-08-01,48311,AUD,3,,,48311000
ABS:MERCH_IMP(1.0.0),67,CHIN,TOT,M,2016-09-01,43500,AUD,3,,,43500000
ABS:MERCH_IMP(1.0.0),67,CHIN,TOT,M,2016-10-01,34749,AUD,3,,,34749000
ABS:MERCH_IMP(1.0.0),67,CHIN,TOT,M,2016-11-01,37442,AUD,3,,,37442000
ABS:MERCH_IMP(1.0.0),67,CHIN,TOT,M,2016-12-01,37956,AUD,3,,,37956000
ABS:MERCH_IMP(1.0.0),67,CHIN,TOT,M,2017-01-01,38334,AUD,3,,,38334000
ABS:MERCH_IMP(1.0.0),67,CHIN,TOT,M,2017-02-01,40341,AUD,3,,,40341000
ABS:MERCH_IMP(1.0.0),67,CHIN,TOT,M,2017-03-01,49447,AUD,3,,,49447000
ABS:MERCH_IMP(1.0.0),67,CHIN,TOT,M,2017-04-01,45739,AUD,3,,,45739000
ABS:MERCH_IMP(1.0.0),67,CHIN,TOT,M,2017-05-01,61092,AUD,3,,,61092000
ABS:MERCH_IMP(1.0.0),67,CHIN,TOT,M,2017-06-01,51860,AUD,3,,,51860000
ABS:MERCH_IMP(1.0.0),67,CHIN,TOT,M,2017-07-01,52669,AUD,3,,,52669000
ABS:MERCH_IMP(1.0.0),67,CHIN,TOT,M,2017-08-01,57107,AUD,3,,,57107000
ABS:MERCH_IMP(1.0.0),67,CHIN,TOT,M,2017-09-01,55643,AUD,3,,,55643000
ABS:MERCH_IMP(1.0.0),67,CHIN,TOT,M,2017-10-01,43272,AUD,3,,,43272000
ABS:MERCH_IMP(1.0.0),67,CHIN,TOT,M,2017-11-01,46811,AUD,3,,,46811000
ABS:MERCH_IMP(1.0.0),67,CHIN,TOT,M,2017-12-01,46039,AUD,3,,,46039000
ABS:MERCH_IMP(1.0.0),67,CHIN,TOT,M,2018-01-01,59351,AUD,3,,,59351000
ABS:MERCH_IMP(1.0.0),67,CHIN,TOT,M,2018-02-01,56863,AUD,3,,,56863000
ABS:MERCH_IMP(1.0.0),67,CHIN,TOT,M,2018-03-01,41701,AUD,3,,,41701000
ABS:MERCH_IMP(1.0.0),67,CHIN,TOT,M,2018-04-01,49353,AUD,3,,,49353000
ABS:MERCH_IMP(1.0.0),67,CHIN,TOT,M,2018-05-01,66180,AUD,3,,,66180000
ABS:MERCH_IMP(1.0.0),67,CHIN,TOT,M,2018-06-01,64869,AUD,3,,,64869000
ABS:MERCH_IMP(1.0.0),67,CHIN,TOT,M,2018-07-01,77239,AUD,3,,,77239000
ABS:MERCH_IMP(1.0.0),67,CHIN,TOT,M,2018-08-01,61952,AUD,3,,,61952000
ABS:MERCH_IMP(1.0.0),67,CHIN,TOT,M,2018-09-01,64445,AUD,3,,,64445000
ABS:MERCH_IMP(1.0.0),67,CHIN,TOT,M,2018-10-01,76549,AUD,3,,,76549000
ABS:MERCH_IMP(1.0.0),67,CHIN,TOT,M,2018-11-01,107260,AUD,3,,,107260000
ABS:MERCH_IMP(1.0.0),67,CHIN,TOT,M,2018-12-01,53028,AUD,3,,,53028000
ABS:MERCH_IMP(1.0.0),67,CHIN,TOT,M,2019-01-01,82472,AUD,3,,,82472000
ABS:MERCH_IMP(1.0.0),67,CHIN,TOT,M,2019-02-01,63923,AUD,3,,,63923000
ABS:MERCH_IMP(1.0.0),67,CHIN,TOT,M,2019-03-01,44366,AUD,3,,,44366000
ABS:MERCH_IMP(1.0.0),67,CHIN,TOT,M,2019-04-01,66257,AUD,3,,,66257000
ABS:MERCH_IMP(1.0.0),67,CHIN,TOT,M,2019-05-01,62168,AUD,3,,,62168000
ABS:MERCH_IMP(1.0.0),67,CHIN,TOT,M,2019-06-01,61014,AUD,3,,,61014000
ABS:MERCH_IMP(1.0.0),67,CHIN,TOT,M,2019-07-01,61961,AUD,3,,,61961000
ABS:MERCH_IMP(1.0.0),67,CHIN,TOT,M,2019-08-01,62424,AUD,3,,,62424000
ABS:MERCH_IMP(1.0.0),67,CHIN,TOT,M,2019-09-01,57426,AUD,3,,,57426000
ABS:MERCH_IMP(1.0.0),67,CHIN,TOT,M,2019-10-01,75131,AUD,3,,,75131000
ABS:MERCH_IMP(1.0.0),67,CHIN,TOT,M,2019-11-01,60214,AUD,3,,,60214000
ABS:MERCH_IMP(1.0.0),67,CHIN,TOT,M,2019-12-01,43483,AUD,3,,,43483000
ABS:MERCH_IMP(1.0.0),67,CHIN,TOT,M,2020-01-01,80532,AUD,3,,,80532000
ABS:MERCH_IMP(1.0.0),67,CHIN,TOT,M,2020-02-01,43843,AUD,3,,,43843000
ABS:MERCH_IMP(1.0.0),67,CHIN,TOT,M,2020-03-01,32001,AUD,3,,,32001000
ABS:MERCH_IMP(1.0.0),67,CHIN,TOT,M,2020-04-01,64532,AUD,3,,,64532000
ABS:MERCH_IMP(1.0.0),67,CHIN,TOT,M,2020-05-01,73064,AUD,3,,,73064000
ABS:MERCH_IMP(1.0.0),67,CHIN,TOT,M,2020-06-01,75882,AUD,3,,,75882000
ABS:MERCH_IMP(1.0.0),67,CHIN,TOT,M,2020-07-01,64178,AUD,3,,,64178000
ABS:MERCH_IMP(1.0.0),67,CHIN,TOT,M,2020-08-01,51415,AUD,3,,,51415000
ABS:MERCH_IMP(1.0.0),67,CHIN,TOT,M,2020-09-01,58751,AUD,3,,,58751000
ABS:MERCH_IMP(1.0.0),67,CHIN,TOT,M,2020-10-01,49081,AUD,3,,,49081000
ABS:MERCH_IMP(1.0.0),67,CHIN,TOT,M,2020-11-01,51430,AUD,3,,,51430000
ABS:MERCH_IMP(1.0.0),67,CHIN,TOT,M,2020-12-01,49935,AUD,3,,,49935000
ABS:MERCH_IMP(1.0.0),67,CHIN,TOT,M,2021-01-01,49892,AUD,3,,,49892000
ABS:MERCH_IMP(1.0.0),67,CHIN,TOT,M,2021-02-01,53099,AUD,3,,,53099000
ABS:MERCH_IMP(1.0.0),67,CHIN,TOT,M,2021-03-01,67545,AUD,3,,,67545000
ABS:MERCH_IMP(1.0.0),67,CHIN,TOT,M,2021-04-01,49998,AUD,3,,,49998000
ABS:MERCH_IMP(1.0.0),67,CHIN,TOT,M,2021-05-01,63119,AUD,3,,,63119000
ABS:MERCH_IMP(1.0.0),67,CHIN,TOT,M,2021-06-01,64519,AUD,3,,,64519000
ABS:MERCH_IMP(1.0.0),67,CHIN,TOT,M,2021-07-01,70686,AUD,3,,,70686000
ABS:MERCH_IMP(1.0.0),67,CHIN,TOT,M,2021-08-01,57226,AUD,3,,,57226000
ABS:MERCH_IMP(1.0.0),67,CHIN,TOT,M,2021-09-01,88599,AUD,3,,,88599000
ABS:MERCH_IMP(1.0.0),67,CHIN,TOT,M,2021-10-01,94015,AUD,3,,,94015000
ABS:MERCH_IMP(1.0.0),67,CHIN,TOT,M,2021-11-01,121815,AUD,3,,,121815000
ABS:MERCH_IMP(1.0.0),67,CHIN,TOT,M,2021-12-01,104673,AUD,3,,,104673000
ABS:MERCH_IMP(1.0.0),67,CHIN,TOT,M,2022-01-01,100891,AUD,3,,,100891000
ABS:MERCH_IMP(1.0.0),67,CHIN,TOT,M,2022-02-01,117192,AUD,3,,,117192000
ABS:MERCH_IMP(1.0.0),67,CHIN,TOT,M,2022-03-01,85223,AUD,3,,,85223000
ABS:MERCH_IMP(1.0.0),67,CHIN,TOT,M,2022-04-01,88849,AUD,3,,,88849000
ABS:MERCH_IMP(1.0.0),67,CHIN,TOT,M,2022-05-01,73687,AUD,3,,,73687000
ABS:MERCH_IMP(1.0.0),67,CHIN,TOT,M,2022-06-01,92212,AUD,3,,,92212000
ABS:MERCH_IMP(1.0.0),67,CHIN,TOT,M,2022-07-01,102728,AUD,3,,,102728000
ABS:MERCH_IMP(1.0.0),67,CHIN,TOT,M,2022-08-01,117169,AUD,3,,,117169000
ABS:MERCH_IMP(1.0.0),67,CHIN,TOT,M,2022-09-01,99168,AUD,3,,,99168000
ABS:MERCH_IMP(1.0.0),67,CHIN,TOT,M,2022-10-01,107902,AUD,3,,,107902000
ABS:MERCH_IMP(1.0.0),67,CHIN,TOT,M,2022-11-01,95618,AUD,3,,,95618000
ABS:MERCH_IMP(1.0.0),67,CHIN,TOT,M,2022-12-01,96791,AUD,3,,,96791000
ABS:MERCH_IMP(1.0.0),67,CHIN,TOT,M,2023-01-01,77694,AUD,3,,,77694000
ABS:MERCH_IMP(1.0.0),67,CHIN,TOT,M,2023-02-01,72707,AUD,3,,,72707000
ABS:MERCH_IMP(1.0.0),67,CHIN,TOT,M,2023-03-01,67503,AUD,3,,,67503000
ABS:MERCH_IMP(1.0.0),67,CHIN,TOT,M,2023-04-01,76483,AUD,3,,,76483000
ABS:MERCH_IMP(1.0.0),67,CHIN,TOT,M,2023-05-01,95408,AUD,3,,,95408000
ABS:MERCH_IMP(1.0.0),67,CHIN,TOT,M,2023-06-01,96939,AUD,3,,,96939000
ABS:MERCH_IMP(1.0.0),67,CHIN,TOT,M,2023-07-01,80867,AUD,3,,,80867000
ABS:MERCH_IMP(1.0.0),67,CHIN,TOT,M,2023-08-01,86939,AUD,3,,,86939000
ABS:MERCH_IMP(1.0.0),67,CHIN,TOT,M,2023-09-01,107746,AUD,3,,,107746000
ABS:MERCH_IMP(1.0.0),67,CHIN,TOT,M,2023-10-01,105023,AUD,3,,,105023000
ABS:MERCH_IMP(1.0.0),67,CHIN,TOT,M,2023-11-01,82180,AUD,3,,,82180000
ABS:MERCH_IMP(1.0.0),67,CHIN,TOT,M,2023-12-01,80931,AUD,3,,,80931000
ABS:MERCH_IMP(1.0.0),67,CHIN,TOT,M,2024-01-01,99528,AUD,3,,,99528000
ABS:MERCH_IMP(1.0.0),67,CHIN,TOT,M,2024-02-01,138940,AUD,3,,,138940000
ABS:MERCH_IMP(1.0.0),67,CHIN,TOT,M,2024-03-01,89776,AUD,3,,,89776000
ABS:MERCH_IMP(1.0.0),67,CHIN,TOT,M,2024-04-01,74738,AUD,3,,,74738000
ABS:MERCH_IMP(1.0.0),67,CHIN,TOT,M,2024-05-01,83506,AUD,3,,,83506000
ABS:MERCH_IMP(1.0.0),67,CHIN,TOT,M,2024-06-01,98904,AUD,3,,,98904000
ABS:MERCH_IMP(1.0.0),67,CHIN,TOT,M,2024-07-01,100623,AUD,3,,,100623000
ABS:MERCH_IMP(1.0.0),67,CHIN,TOT,M,2024-08-01,83044,AUD,3,,,83044000
ABS:MERCH_IMP(1.0.0),67,CHIN,TOT,M,2024-09-01,82011,AUD,3,,,82011000
ABS:MERCH_IMP(1.0.0),67,CHIN,TOT,M,2024-10-01,89104,AUD,3,,,89104000
ABS:MERCH_IMP(1.0.0),67,CHIN,TOT,M,2024-11-01,110097,AUD,3,,,110097000
ABS:MERCH_IMP(1.0.0),67,CHIN,TOT,M,2024-12-01,89530,AUD,3,,,89530000
ABS:MERCH_IMP(1.0.0),67,CHIN,TOT,M,2025-01-01,114118,AUD,3,,,114118000
ABS:MERCH_IMP(1.0.0),67,CHIN,TOT,M,2025-02-01,101741,AUD,3,,,101741000
ABS:MERCH_IMP(1.0.0),67,CHIN,TOT,M,2025-03-01,66355,AUD,3,,,66355000
ABS:MERCH_IMP(1.0.0),67,CHIN,TOT,M,2025-04-01,90050,AUD,3,,,90050000
ABS:MERCH_IMP(1.0.0),67,CHIN,TOT,M,2025-05-01,113605,AUD,3,,,113605000
ABS:MERCH_IMP(1.0.0),67,CHIN,TOT,M,2025-06-01,95990,AUD,3,,,95990000
ABS:MERCH_IMP(1.0.0),67,CHIN,TOT,M,2025-07-01,110406,AUD,3,,,110406000
ABS:MERCH_IMP(1.0.0),67,CHIN,TOT,M,2025-08-01,86318,AUD,3,,,86318000
ABS:MERCH_IMP(1.0.0),67,CHIN,TOT,M,2025-09-01,88038,AUD,3,,,88038000
ABS:MERCH_IMP(1.0.0),67,CHIN,TOT,M,2025-10-01,110609,AUD,3,,,110609000
ABS:MERCH_IMP(1.0.0),67,CHIN,TOT,M,2025-11-01,83561,AUD,3,,,83561000
ABS:MERCH_IMP(1.0.0),67,CHIN,TOT,M,2025-12-01,98777,AUD,3,,,98777000
ABS:MERCH_IMP(1.0.0),67,CHIN,TOT,M,2026-01-01,114820,AUD,3,,,114820000
ABS:MERCH_IMP(1.0.0),67,CHIN,TOT,M,2026-02-01,76599,AUD,3,,,76599000
ABS:MERCH_IMP(1.0.0),67,CHIN,TOT,M,2026-03-01,80913,AUD,3,,,80913000
ABS:MERCH_IMP(1.0.0),67,CHIN,TOT,M,2026-04-01,73775,AUD,3,,,73775000
ABS:MERCH_IMP(1.0.0),67,CHIN,TOT,M,2026-05-01,92259,AUD,3,,,92259000
ABS:MERCH_IMP(1.0.0),67,CHIN,TOT,M,2026-06-01,92037,AUD,3,,,92037000
ABS:MERCH_IMP(1.0.0),67,CHIN,TOT,M,2026-07-01,110849,AUD,3,,,110849000
ABS:MERCH_IMP(1.0.0),67,STCN,TOT,M,2017-10-01,54,AUD,3,,,54000
ABS:MERCH_IMP(1.0.0),67,NAUR,TOT,M,2016-10-01,1,AUD,3,,,1000
ABS:MERCH_IMP(1.0.0),67,NAUR,TOT,M,2018-06-01,3,AUD,3,,,3000
ABS:MERCH_IMP(1.0.0),67,NAUR,TOT,M,2019-07-01,6,AUD,3,,,6000
ABS:MERCH_IMP(1.0.0),67,NAUR,TOT,M,2020-05-01,21,AUD,3,,,21000
ABS:MERCH_IMP(1.0.0),67,NAUR,TOT,M,2023-11-01,11,AUD,3,,,11000
ABS:MERCH_IMP(1.0.0),67,NAUR,TOT,M,2023-12-01,80,AUD,3,,,80000
ABS:MERCH_IMP(1.0.0),67,NAUR,TOT,M,2024-01-01,6,AUD,3,,,6000
ABS:MERCH_IMP(1.0.0),67,NAUR,TOT,M,2024-08-01,3,AUD,3,,,3000
ABS:MERCH_IMP(1.0.0),67,BHRN,TOT,M,2015-01-01,680,AUD,3,,,680000
ABS:MERCH_IMP(1.0.0),67,BHRN,TOT,M,2015-02-01,4304,AUD,3,,,4304000
ABS:MERCH_IMP(1.0.0),67,BHRN,TOT,M,2015-03-01,7330,AUD,3,,,7330000
ABS:MERCH_IMP(1.0.0),67,BHRN,TOT,M,2015-04-01,7365,AUD,3,,,7365000
ABS:MERCH_IMP(1.0.0),67,BHRN,TOT,M,2015-05-01,2138,AUD,3,,,2138000
ABS:MERCH_IMP(1.0.0),67,BHRN,TOT,M,2015-09-01,2,AUD,3,,,2000
ABS:MERCH_IMP(1.0.0),67,BHRN,TOT,M,2016-01-01,2,AUD,3,,,2000
ABS:MERCH_IMP(1.0.0),67,BHRN,TOT,M,2016-02-01,4,AUD,3,,,4000
ABS:MERCH_IMP(1.0.0),67,BHRN,TOT,M,2016-04-01,15,AUD,3,,,15000
ABS:MERCH_IMP(1.0.0),67,BHRN,TOT,M,2016-07-01,12,AUD,3,,,12000
ABS:MERCH_IMP(1.0.0),67,BHRN,TOT,M,2016-09-01,2,AUD,3,,,2000
ABS:MERCH_IMP(1.0.0),67,BHRN,TOT,M,2016-12-01,7,AUD,3,,,7000
ABS:MERCH_IMP(1.0.0),67,BHRN,TOT,M,2017-04-01,14,AUD,3,,,14000
ABS:MERCH_IMP(1.0.0),67,BHRN,TOT,M,2017-08-01,14,AUD,3,,,14000
ABS:MERCH_IMP(1.0.0),67,BHRN,TOT,M,2018-01-01,4,AUD,3,,,4000
ABS:MERCH_IMP(1.0.0),67,BHRN,TOT,M,2018-11-01,7,AUD,3,,,7000
ABS:MERCH_IMP(1.0.0),67,BHRN,TOT,M,2019-08-01,195,AUD,3,,,195000
ABS:MERCH_IMP(1.0.0),67,BHRN,TOT,M,2019-10-01,42,AUD,3,,,42000
ABS:MERCH_IMP(1.0.0),67,BHRN,TOT,M,2019-11-01,271,AUD,3,,,271000
ABS:MERCH_IMP(1.0.0),67,BHRN,TOT,M,2020-02-01,474,AUD,3,,,474000
ABS:MERCH_IMP(1.0.0),67,BHRN,TOT,M,2020-03-01,83,AUD,3,,,83000
ABS:MERCH_IMP(1.0.0),67,BHRN,TOT,M,2020-04-01,243,AUD,3,,,243000
ABS:MERCH_IMP(1.0.0),67,BHRN,TOT,M,2020-06-01,37,AUD,3,,,37000
ABS:MERCH_IMP(1.0.0),67,BHRN,TOT,M,2020-07-01,148,AUD,3,,,148000
ABS:MERCH_IMP(1.0.0),67,BHRN,TOT,M,2020-08-01,559,AUD,3,,,559000
ABS:MERCH_IMP(1.0.0),67,BHRN,TOT,M,2020-09-01,149,AUD,3,,,149000
ABS:MERCH_IMP(1.0.0),67,BHRN,TOT,M,2020-11-01,233,AUD,3,,,233000
ABS:MERCH_IMP(1.0.0),67,BHRN,TOT,M,2020-12-01,239,AUD,3,,,239000
ABS:MERCH_IMP(1.0.0),67,BHRN,TOT,M,2021-01-01,59,AUD,3,,,59000
ABS:MERCH_IMP(1.0.0),67,BHRN,TOT,M,2021-05-01,72,AUD,3,,,72000
ABS:MERCH_IMP(1.0.0),67,BHRN,TOT,M,2021-08-01,542,AUD,3,,,542000
ABS:MERCH_IMP(1.0.0),67,BHRN,TOT,M,2021-09-01,127,AUD,3,,,127000
ABS:MERCH_IMP(1.0.0),67,BHRN,TOT,M,2021-10-01,329,AUD,3,,,329000
ABS:MERCH_IMP(1.0.0),67,BHRN,TOT,M,2021-11-01,438,AUD,3,,,438000
ABS:MERCH_IMP(1.0.0),67,BHRN,TOT,M,2021-12-01,43,AUD,3,,,43000
ABS:MERCH_IMP(1.0.0),67,BHRN,TOT,M,2022-02-01,103,AUD,3,,,103000
ABS:MERCH_IMP(1.0.0),67,BHRN,TOT,M,2022-05-01,114,AUD,3,,,114000
ABS:MERCH_IMP(1.0.0),67,BHRN,TOT,M,2022-06-01,1033,AUD,3,,,1033000
ABS:MERCH_IMP(1.0.0),67,BHRN,TOT,M,2022-07-01,350,AUD,3,,,350000
ABS:MERCH_IMP(1.0.0),67,BHRN,TOT,M,2022-08-01,266,AUD,3,,,266000
ABS:MERCH_IMP(1.0.0),67,BHRN,TOT,M,2022-09-01,476,AUD,3,,,476000
ABS:MERCH_IMP(1.0.0),67,BHRN,TOT,M,2022-10-01,1601,AUD,3,,,1601000
ABS:MERCH_IMP(1.0.0),67,BHRN,TOT,M,2022-11-01,395,AUD,3,,,395000
ABS:MERCH_IMP(1.0.0),67,BHRN,TOT,M,2023-07-01,256,AUD,3,,,256000
ABS:MERCH_IMP(1.0.0),67,BHRN,TOT,M,2023-08-01,67,AUD,3,,,67000
ABS:MERCH_IMP(1.0.0),67,BHRN,TOT,M,2023-09-01,100,AUD,3,,,100000
ABS:MERCH_IMP(1.0.0),67,BHRN,TOT,M,2023-10-01,245,AUD,3,,,245000
ABS:MERCH_IMP(1.0.0),67,BHRN,TOT,M,2023-11-01,200,AUD,3,,,200000
ABS:MERCH_IMP(1.0.0),67,BHRN,TOT,M,2024-02-01,40,AUD,3,,,40000
ABS:MERCH_IMP(1.0.0),67,BHRN,TOT,M,2026-02-01,45,AUD,3,,,45000
ABS:MERCH_IMP(1.0.0),67,PORT,TOT,M,2015-02-01,20,AUD,3,,,20000
ABS:MERCH_IMP(1.0.0),67,PORT,TOT,M,2015-04-01,117,AUD,3,,,117000
ABS:MERCH_IMP(1.0.0),67,PORT,TOT,M,2015-06-01,3,AUD,3,,,3000
ABS:MERCH_IMP(1.0.0),67,PORT,TOT,M,2015-07-01,583,AUD,3,,,583000
ABS:MERCH_IMP(1.0.0),67,PORT,TOT,M,2015-08-01,5,AUD,3,,,5000
ABS:MERCH_IMP(1.0.0),67,PORT,TOT,M,2015-09-01,114,AUD,3,,,114000
ABS:MERCH_IMP(1.0.0),67,PORT,TOT,M,2015-10-01,265,AUD,3,,,265000
ABS:MERCH_IMP(1.0.0),67,PORT,TOT,M,2015-11-01,84,AUD,3,,,84000
ABS:MERCH_IMP(1.0.0),67,PORT,TOT,M,2015-12-01,123,AUD,3,,,123000
ABS:MERCH_IMP(1.0.0),67,PORT,TOT,M,2016-01-01,82,AUD,3,,,82000
ABS:MERCH_IMP(1.0.0),67,PORT,TOT,M,2016-02-01,4,AUD,3,,,4000
ABS:MERCH_IMP(1.0.0),67,PORT,TOT,M,2016-03-01,702,AUD,3,,,702000
ABS:MERCH_IMP(1.0.0),67,PORT,TOT,M,2016-04-01,196,AUD,3,,,196000
ABS:MERCH_IMP(1.0.0),67,PORT,TOT,M,2016-05-01,46,AUD,3,,,46000
ABS:MERCH_IMP(1.0.0),67,PORT,TOT,M,2016-10-01,4,AUD,3,,,4000
ABS:MERCH_IMP(1.0.0),67,PORT,TOT,M,2016-11-01,1,AUD,3,,,1000
ABS:MERCH_IMP(1.0.0),67,PORT,TOT,M,2016-12-01,4,AUD,3,,,4000
ABS:MERCH_IMP(1.0.0),67,PORT,TOT,M,2017-01-01,104,AUD,3,,,104000
ABS:MERCH_IMP(1.0.0),67,PORT,TOT,M,2017-02-01,9,AUD,3,,,9000
ABS:MERCH_IMP(1.0.0),67,PORT,TOT,M,2017-03-01,112,AUD,3,,,112000
ABS:MERCH_IMP(1.0.0),67,PORT,TOT,M,2017-07-01,93,AUD,3,,,93000
ABS:MERCH_IMP(1.0.0),67,PORT,TOT,M,2017-08-01,3,AUD,3,,,3000
ABS:MERCH_IMP(1.0.0),67,PORT,TOT,M,2017-09-01,3,AUD,3,,,3000
ABS:MERCH_IMP(1.0.0),67,PORT,TOT,M,2017-10-01,518,AUD,3,,,518000
ABS:MERCH_IMP(1.0.0),67,PORT,TOT,M,2018-01-01,659,AUD,3,,,659000
ABS:MERCH_IMP(1.0.0),67,PORT,TOT,M,2018-02-01,942,AUD,3,,,942000
ABS:MERCH_IMP(1.0.0),67,PORT,TOT,M,2018-03-01,776,AUD,3,,,776000
ABS:MERCH_IMP(1.0.0),67,PORT,TOT,M,2018-05-01,23,AUD,3,,,23000
ABS:MERCH_IMP(1.0.0),67,PORT,TOT,M,2018-06-01,1223,AUD,3,,,1223000
ABS:MERCH_IMP(1.0.0),67,PORT,TOT,M,2018-09-01,307,AUD,3,,,307000
ABS:MERCH_IMP(1.0.0),67,PORT,TOT,M,2018-10-01,300,AUD,3,,,300000
ABS:MERCH_IMP(1.0.0),67,PORT,TOT,M,2018-11-01,287,AUD,3,,,287000
ABS:MERCH_IMP(1.0.0),67,PORT,TOT,M,2018-12-01,581,AUD,3,,,581000
ABS:MERCH_IMP(1.0.0),67,PORT,TOT,M,2019-01-01,410,AUD,3,,,410000
ABS:MERCH_IMP(1.0.0),67,PORT,TOT,M,2019-03-01,418,AUD,3,,,418000
ABS:MERCH_IMP(1.0.0),67,PORT,TOT,M,2019-04-01,915,AUD,3,,,915000
ABS:MERCH_IMP(1.0.0),67,PORT,TOT,M,2019-07-01,24,AUD,3,,,24000
ABS:MERCH_IMP(1.0.0),67,PORT,TOT,M,2019-08-01,7,AUD,3,,,7000
ABS:MERCH_IMP(1.0.0),67,PORT,TOT,M,2019-12-01,11,AUD,3,,,11000
ABS:MERCH_IMP(1.0.0),67,PORT,TOT,M,2020-01-01,6,AUD,3,,,6000
ABS:MERCH_IMP(1.0.0),67,PORT,TOT,M,2020-07-01,41,AUD,3,,,41000
ABS:MERCH_IMP(1.0.0),67,PORT,TOT,M,2020-09-01,8,AUD,3,,,8000
ABS:MERCH_IMP(1.0.0),67,PORT,TOT,M,2020-10-01,5,AUD,3,,,5000
ABS:MERCH_IMP(1.0.0),67,PORT,TOT,M,2021-03-01,11,AUD,3,,,11000
ABS:MERCH_IMP(1.0.0),67,PORT,TOT,M,2021-04-01,5,AUD,3,,,5000
ABS:MERCH_IMP(1.0.0),67,PORT,TOT,M,2021-05-01,67,AUD,3,,,67000
ABS:MERCH_IMP(1.0.0),67,PORT,TOT,M,2021-06-01,2,AUD,3,,,2000
ABS:MERCH_IMP(1.0.0),67,PORT,TOT,M,2021-07-01,1,AUD,3,,,1000
ABS:MERCH_IMP(1.0.0),67,PORT,TOT,M,2021-08-01,1,AUD,3,,,1000
ABS:MERCH_IMP(1.0.0),67,PORT,TOT,M,2021-09-01,43,AUD,3,,,43000
ABS:MERCH_IMP(1.0.0),67,PORT,TOT,M,2021-11-01,29,AUD,3,,,29000
ABS:MERCH_IMP(1.0.0),67,PORT,TOT,M,2021-12-01,1,AUD,3,,,1000
ABS:MERCH_IMP(1.0.0),67,PORT,TOT,M,2022-03-01,24,AUD,3,,,24000
ABS:MERCH_IMP(1.0.0),67,PORT,TOT,M,2022-04-01,39,AUD,3,,,39000
ABS:MERCH_IMP(1.0.0),67,PORT,TOT,M,2022-05-01,27,AUD,3,,,27000
ABS:MERCH_IMP(1.0.0),67,PORT,TOT,M,2022-09-01,29,AUD,3,,,29000
ABS:MERCH_IMP(1.0.0),67,PORT,TOT,M,2022-10-01,2,AUD,3,,,2000
ABS:MERCH_IMP(1.0.0),67,PORT,TOT,M,2022-11-01,3,AUD,3,,,3000
ABS:MERCH_IMP(1.0.0),67,PORT,TOT,M,2022-12-01,56,AUD,3,,,56000
ABS:MERCH_IMP(1.0.0),67,PORT,TOT,M,2023-01-01,10,AUD,3,,,10000
ABS:MERCH_IMP(1.0.0),67,PORT,TOT,M,2023-03-01,9,AUD,3,,,9000
ABS:MERCH_IMP(1.0.0),67,PORT,TOT,M,2023-04-01,20,AUD,3,,,20000
ABS:MERCH_IMP(1.0.0),67,PORT,TOT,M,2023-05-01,10,AUD,3,,,10000
ABS:MERCH_IMP(1.0.0),67,PORT,TOT,M,2023-06-01,12,AUD,3,,,12000
ABS:MERCH_IMP(1.0.0),67,PORT,TOT,M,2023-08-01,65,AUD,3,,,65000
ABS:MERCH_IMP(1.0.0),67,PORT,TOT,M,2023-12-01,22,AUD,3,,,22000
ABS:MERCH_IMP(1.0.0),67,PORT,TOT,M,2024-01-01,18,AUD,3,,,18000
ABS:MERCH_IMP(1.0.0),67,PORT,TOT,M,2024-03-01,1,AUD,3,,,1000
ABS:MERCH_IMP(1.0.0),67,PORT,TOT,M,2024-05-01,18,AUD,3,,,18000
ABS:MERCH_IMP(1.0.0),67,PORT,TOT,M,2024-08-01,58,AUD,3,,,58000
ABS:MERCH_IMP(1.0.0),67,PORT,TOT,M,2024-09-01,4,AUD,3,,,4000
ABS:MERCH_IMP(1.0.0),67,PORT,TOT,M,2024-12-01,6,AUD,3,,,6000
ABS:MERCH_IMP(1.0.0),67,PORT,TOT,M,2025-01-01,18,AUD,3,,,18000
ABS:MERCH_IMP(1.0.0),67,PORT,TOT,M,2025-02-01,14,AUD,3,,,14000
ABS:MERCH_IMP(1.0.0),67,PORT,TOT,M,2025-03-01,101,AUD,3,,,101000
ABS:MERCH_IMP(1.0.0),67,PORT,TOT,M,2025-04-01,2,AUD,3,,,2000
ABS:MERCH_IMP(1.0.0),67,PORT,TOT,M,2025-05-01,12,AUD,3,,,12000
ABS:MERCH_IMP(1.0.0),67,PORT,TOT,M,2025-06-01,22,AUD,3,,,22000
ABS:MERCH_IMP(1.0.0),67,PORT,TOT,M,2025-10-01,55,AUD,3,,,55000
ABS:MERCH_IMP(1.0.0),67,PORT,TOT,M,2026-02-01,19,AUD,3,,,19000
ABS:MERCH_IMP(1.0.0),67,PORT,TOT,M,2026-03-01,98,AUD,3,,,98000
ABS:MERCH_IMP(1.0.0),67,PORT,TOT,M,2026-05-01,15,AUD,3,,,15000
ABS:MERCH_IMP(1.0.0),67,TRIN,TOT,M,2015-03-01,102,AUD,3,,,102000
ABS:MERCH_IMP(1.0.0),67,TRIN,TOT,M,2015-04-01,45,AUD,3,,,45000
ABS:MERCH_IMP(1.0.0),67,TRIN,TOT,M,2016-04-01,15,AUD,3,,,15000
ABS:MERCH_IMP(1.0.0),67,TRIN,TOT,M,2018-09-01,22,AUD,3,,,22000
ABS:MERCH_IMP(1.0.0),67,TRIN,TOT,M,2020-01-01,49,AUD,3,,,49000
